,interest_rate,grade,debt_to_income
0,7.56,A,17.9
1,12.62,C,10.44
2,5.32,A,13.06
3,23.32,E,0.92
4,7.21,A,28.47
5,11.49,B,27.6
6,18.06,D,17.82
7,7.89,A,12.36
8,11.06,B,35.34
9,13.11,B,19.36
10,19.03,D,12.38
11,10.07,B,15.16
12,10.91,B,20.12
13,8.67,B,17.7
14,6.62,A,13.64
15,16.55,D,38.13
16,16.99,D,20.88
17,13.33,C,15.41
18,10.9,B,22.89
19,11.55,B,8.23
20,15.59,D,13.32
21,8.24,B,19.3
22,14.49,C,9.42
23,14.31,C,13.51
24,6.46,A,11.29
25,15.02,C,20.23
26,11.99,B,18.51
27,14.99,C,20.09
28,13.99,C,18.5
29,11.06,B,21.4
30,11.8,B,14.85
31,7.24,A,14.06
32,10.64,B,15.1
33,7.12,A,18.95
34,13.11,B,13.88
35,6.11,A,2.82
36,5.32,A,15.59
37,18.94,D,17.22
38,17.97,D,12
39,10.72,B,25.52
40,10.99,B,14.05
41,6.62,A,6.88
42,9.43,B,23.69
43,12.79,C,21.22
44,9.44,B,18.99
45,12.62,C,18.04
46,12.69,C,26.22
47,21.85,D,33.42
48,16.49,D,10.31
49,17.57,D,34.65
50,9.75,B,15.42
51,13.67,C,36.77
52,7.97,A,13.77
53,12.74,C,7.86
54,19.03,D,2.24
55,16.14,C,21.02
56,7.84,A,6.79
57,17.57,D,32.96
58,21.7,E,33.03
59,18.25,D,14.67
60,6.89,A,29.77
61,10.42,B,1.11
62,16.02,C,8.18
63,13.98,C,20.05
64,17.27,D,24.7
65,16.02,C,74.12
66,18.92,D,20.04
67,10.42,B,19.07
68,13.44,C,12.35
69,16.59,D,15.56
70,9.93,B,16.47
71,13.99,C,18.18
72,14.07,C,30.29
73,8.39,B,28.04
74,8.59,A,27.19
75,7.07,A,12.1
76,12.62,C,34.86
77,10.49,B,15.83
78,9.49,B,5.57
79,11.53,B,17.1
80,9.43,B,14.5
81,24.99,F,27.97
82,16.99,D,33.67
83,11.47,B,15.42
84,11.99,C,33.01
85,11.44,B,8.33
86,12.29,C,18.23
87,18.25,E,8.13
88,5.32,A,20.57
89,13.59,C,17.23
90,15.31,C,23.73
91,15.05,C,17.34
92,12.12,B,25.61
93,7.97,A,8.6
94,15.02,C,35.11
95,10.64,B,7.73
96,24.08,F,26.63
97,6.92,A,33.83
98,12.29,C,17.45
99,6.11,A,7.55
100,17.27,C,3.18
101,10.99,B,23.93
102,6.99,A,13.17
103,12.29,C,26.36
104,9.17,B,25.26
105,12.49,B,19.48
106,9.43,B,15.39
107,6.99,A,10.24
108,13.05,B,17.33
109,17.58,D,18.45
110,12.29,C,15.24
111,14.08,C,21.63
112,7.21,A,7.11
113,8.59,A,25.35
114,10.99,B,14.04
115,18.92,D,17.59
116,14.99,C,30.76
117,12.12,B,27.14
118,11.99,B,31.98
119,13.49,C,18.33
120,13.67,C,19.72
121,10.99,B,30.79
122,12.39,C,27.52
123,10.49,B,17.26
124,16.55,D,9.78
125,9.99,B,14.97
126,5.32,A,13.99
127,12.79,C,25.4
128,11.31,B,9.85
129,7.89,A,9.18
130,13.56,C,18.34
131,23.63,F,10.78
132,6.68,A,21.06
133,25.82,E,17.38
134,12.99,C,23.15
135,15.05,C,2.5
136,17.47,D,11.38
137,14.65,C,37.96
138,27.31,G,9.61
139,7.21,A,4.57
140,10.75,B,30.63
141,23.13,F,11.58
142,8.46,A,26.17
143,14.03,C,28.66
144,18.24,D,14.35
145,18.94,D,7.69
146,5.31,A,10.03
147,18.49,D,31.36
148,20.75,E,18.56
149,10.9,B,18.75
150,18.2,E,11.07
151,18.99,D,27.3
152,15.05,C,22.18
153,6.99,A,10.03
154,16.99,D,22.59
155,14.09,B,11.7
156,6.99,A,11.06
157,26.77,G,20.81
158,12.74,C,24.64
159,14.99,C,32.22
160,11.67,B,8.73
161,23.4,E,6.93
162,7.35,A,33.42
163,16.99,D,15.28
164,11.44,B,24.2
165,17.09,D,26.67
166,17.27,D,33.26
167,11.67,B,12.75
168,12.69,C,11.51
169,13.33,C,29.62
170,13.67,C,10.29
171,14.31,C,19.39
172,9.99,B,23.64
173,16.14,C,25.53
174,18.25,D,11.81
175,12.79,C,22.29
176,11.99,C,31.75
177,17.27,D,8.59
178,8.24,B,17.81
179,6.11,A,37.99
180,9.99,B,8.29
181,19.19,E,25.36
182,10.99,B,11.01
183,21.45,D,29.29
184,5.32,A,5.03
185,18.54,E,13.59
186,12.74,C,28.76
187,9.67,B,19.37
188,10.08,B,13.42
189,11.67,B,16.18
190,17.99,D,19.41
191,13.06,C,9.05
192,6.99,A,18.04
193,28.72,F,16.42
194,9.76,B,23.18
195,8.46,A,9.57
196,12.79,C,26.11
197,19.22,D,16.65
198,7.89,A,9.5
199,12.74,C,24.81
200,13.35,C,12.53
201,10.42,B,29.69
202,7.39,A,21.41
203,13.99,C,15.96
204,6.99,A,15.11
205,6.62,A,4.12
206,6.99,A,11.08
207,10.91,B,19.87
208,21,E,6.81
209,25.34,E,18.08
210,20.31,D,6.82
211,12.99,C,23.02
212,10.42,B,10.23
213,13.98,C,11.25
214,5.32,A,11.52
215,11.44,B,23.66
216,16.99,D,6.96
217,24.74,E,5.49
218,9.17,B,21.45
219,6.11,A,22.94
220,10.99,B,5.65
221,11.49,B,20.03
222,5.32,A,3.91
223,6.67,A,9.56
224,16.46,C,11.99
225,12.29,C,14.71
226,7.59,A,23.15
227,6.83,A,28.83
228,10.99,B,1.81
229,6.24,A,15.88
230,13.67,B,20.33
231,8.99,B,19.08
232,6.89,A,14
233,14.47,C,23.66
234,15.05,C,32.16
235,8.67,B,18.02
236,19.99,D,20.29
237,16.29,D,24.04
238,11.05,B,19.68
239,23.99,E,33.4
240,15.49,C,22.58
241,10.9,B,18.77
242,5.32,A,16.37
243,9.49,B,9.41
244,11.99,C,20.13
245,7.26,A,25.46
246,11.99,C,8.01
247,6.67,A,21
248,12.88,C,12.64
249,21.85,D,14.54
250,6.67,A,14.88
251,7.21,A,34.58
252,11.47,B,19.32
253,14.08,C,0.32
254,13.56,C,13.28
255,6.67,A,27.2
256,6.08,A,6.2
257,9.17,B,23.96
258,12.99,C,27.77
259,14.65,C,25.14
260,14.49,C,20.56
261,11.49,B,29.71
262,10.49,B,25.56
263,11.8,B,23.73
264,18.55,E,11.18
265,7.26,A,28.56
266,10.49,B,21.11
267,10.78,B,29.35
268,13.59,C,28.27
269,7.35,A,14.59
270,7.99,A,8.46
271,9.17,B,11.71
272,9.93,B,23.13
273,7.35,A,10.65
274,11.53,B,17.81
275,10.91,B,26.57
276,13.11,B,26.11
277,18.99,E,18.88
278,7.35,A,7.31
279,15.05,C,10.48
280,16.14,C,11.81
281,11.49,B,31.75
282,15.05,C,16.24
283,22.39,E,15.38
284,11.53,B,15.06
285,13.06,C,24.76
286,22.35,D,38.61
287,20.75,E,25.32
288,11.99,C,37.44
289,11.49,B,11.28
290,14.47,C,15.02
291,5.31,A,22.95
292,20.89,D,9.09
293,17.27,D,19.03
294,17.97,D,29.81
295,9.93,B,7.16
296,8.18,B,17.14
297,12.99,C,6.08
298,10.99,B,31.31
299,14.08,C,5.99
300,12.39,C,17.12
301,21.49,D,18.27
302,10.75,B,2.92
303,6.99,A,19.59
304,10.75,B,11.4
305,10.99,B,23.95
306,14.52,C,1.04
307,22.35,D,27.58
308,12.98,B,5.98
309,12.62,C,7.42
310,16.99,D,31.2
311,12.99,C,32.83
312,7.26,A,13.95
313,10.99,B,26.63
314,16.55,D,8.73
315,13.68,C,7.28
316,29.99,F,24.58
317,8.46,A,26.1
318,14.46,C,28.56
319,8.39,A,31.4
320,10.49,B,18.58
321,8.39,B,11.82
322,11.55,B,25.58
323,30.79,G,16.13
324,8.9,A,13.21
325,29.96,G,23.9
326,15.61,D,7.33
327,6.99,A,22.34
328,24.74,E,23.55
329,12.62,C,18.7
330,14.65,C,12.38
331,18.06,D,23.71
332,12.49,B,24.1
333,9.43,B,18.94
334,7.89,A,9.76
335,16.02,C,11.73
336,12.99,C,21.1
337,10.08,B,16.37
338,15.99,C,2.24
339,11.67,B,19.83
340,5.31,A,6.26
341,6.89,A,21.62
342,18.25,D,14.22
343,5.32,A,28.46
344,11.99,B,15.3
345,14.65,C,15.55
346,12.69,C,12.27
347,15.05,C,27.59
348,8.39,B,11.44
349,10.78,B,9.48
350,5.32,A,18.17
351,9.58,B,20.6
352,17.27,C,16.96
353,18.99,D,30.24
354,21.98,E,15.28
355,13.56,C,13.01
356,11.98,B,24.68
357,7.21,A,16.76
358,18.94,D,9.88
359,15.41,D,9.33
360,12.73,B,21.6
361,7.12,A,10.71
362,8.24,B,21.73
363,12.49,B,22.19
364,13.59,C,28.39
365,7.21,A,12.35
366,7.97,A,16.07
367,12.79,C,9.48
368,12.69,C,16.62
369,7.89,A,20.62
370,10.42,B,28.67
371,9.93,B,29.51
372,7.96,A,1.54
373,30.99,G,24.69
374,10.16,B,25.3
375,9.99,B,7.83
376,24.84,E,13.64
377,26.24,E,23.34
378,14.47,C,17.57
379,11.47,B,20.63
380,7.89,A,19.24
381,9.49,B,21.74
382,14.46,C,22.79
383,17.57,D,34.83
384,15.59,D,28.14
385,7.97,A,21.61
386,14.48,C,26.88
387,7.69,A,13.33
388,20.99,E,29.32
389,12.98,B,19.51
390,14.98,C,16.49
391,11.47,B,28.5
392,22.99,F,8.6
393,9.44,B,17.7
394,12.74,C,15.59
395,24.99,E,32.59
396,12.62,C,8.25
397,11.55,B,6.43
398,15.05,C,27.74
399,6.24,A,11.66
400,13.99,C,21.43
401,14.3,C,9.04
402,10.9,B,1.35
403,17.77,D,10.73
404,10.07,B,10.49
405,12.49,B,10.45
406,9.67,B,18.03
407,12.12,B,15.15
408,12.61,C,27.27
409,10.15,B,20.88
410,12.74,C,19.48
411,7.97,A,16.36
412,8.9,A,18.55
413,6.03,A,15.15
414,17.57,D,7.38
415,14.47,C,2.27
416,19.99,E,12.3
417,5.32,A,22.41
418,15.31,C,24.15
419,8.18,B,18.26
420,8.24,B,18.89
421,18.94,D,3.45
422,13.11,B,23.07
423,12.62,C,17.59
424,14.48,C,14.46
425,18.45,D,19.78
426,10.42,B,14.46
427,13.56,C,16.41
428,16.02,C,16.89
429,15.8,C,12.59
430,20.89,D,31.05
431,18.99,D,37.42
432,6.89,A,14.4
433,15.31,C,11.32
434,17.57,D,16.73
435,7.26,A,16.06
436,6.92,A,10.68
437,10.99,B,26.88
438,9.67,B,22.88
439,10.9,B,33.67
440,23.99,E,34.5
441,7.46,A,28.52
442,10.99,B,32.56
443,14.07,C,9
444,13.59,C,26.06
445,12.62,C,19.58
446,18.49,D,30.72
447,13.99,C,3.58
448,7.96,A,0.81
449,16.99,D,23.07
450,11.53,B,30.08
451,19.89,E,28.34
452,12.49,B,5.3
453,8.81,A,7.57
454,16.55,D,36.62
455,6.03,A,9.88
456,19.03,D,7.27
457,9.17,B,38.25
458,22.74,E,12.28
459,7.99,A,22.76
460,15.31,C,20.02
461,21.49,D,4.01
462,13.99,C,23.02
463,10.33,B,6.88
464,17.86,D,16.79
465,16.02,C,12.58
466,11.99,B,12.85
467,10.65,B,5.2
468,12.61,C,0
469,13.49,C,10.03
470,24.5,F,33.12
471,11.49,B,17
472,9.99,B,11.09
473,8.18,B,15.34
474,7.97,A,15.83
475,6.49,A,15.64
476,14.99,C,23.4
477,9.92,B,17.67
478,14.22,C,24.83
479,10.91,B,23.77
480,12.12,B,15.39
481,9.93,B,18.44
482,11.98,B,30.25
483,11.53,B,22.98
484,12.69,C,23.5
485,6.07,A,20.64
486,9.43,B,29.5
487,10.49,B,18.23
488,9.92,B,7.37
489,24.37,E,23.23
490,18.25,E,31.13
491,10.99,B,15.89
492,13.49,C,32.92
493,15.31,C,7.37
494,10.91,B,13.14
495,9.76,B,27.35
496,16.91,C,17.91
497,9.25,A,22.4
498,13.59,C,22.42
499,16.99,D,14.54
500,11.99,C,30.5
501,19.72,D,12.18
502,16.91,C,24.11
503,10.33,B,23.22
504,7.21,A,16.06
505,13.99,C,7.7
506,8.81,A,14.18
507,9.67,B,17.97
508,30.75,F,17.43
509,18.25,D,30.37
510,9.75,B,14.89
511,17.47,D,29.99
512,8.9,A,14.4
513,7.24,A,23.78
514,9.93,B,13.53
515,19.03,D,18
516,12.88,C,10.18
517,28.69,F,21.64
518,11.53,B,17.85
519,7.9,A,9.35
520,10.49,B,12.53
521,18.55,D,26.62
522,11.06,B,36.24
523,9.93,B,20.34
524,9.16,B,26.93
525,11.53,B,38.3
526,13.99,C,19.43
527,12.74,C,31.04
528,12.49,B,9.93
529,6.03,A,9.94
530,15.61,D,21.45
531,25.82,E,23.47
532,6.49,A,24.98
533,14.47,C,10.97
534,20.99,E,36.71
535,11.49,B,14.85
536,10.91,B,10.5
537,24.37,E,41.33
538,16.29,C,27.46
539,12.74,C,12.41
540,10.75,B,26.36
541,12.39,C,21.6
542,13.35,C,8.08
543,13.58,C,23.41
544,10.41,B,3.53
545,10.08,B,27.5
546,18.94,D,28.92
547,13.49,C,31.64
548,11.39,B,17.22
549,9.17,B,6.99
550,26.3,E,5.93
551,20.75,E,16.99
552,19.99,D,18.28
553,12.99,C,36.92
554,12.61,C,30.08
555,14.49,C,20.06
556,18.25,D,18.5
557,5.32,A,14.33
558,6.89,A,9.11
559,11.49,B,9.78
560,20.75,E,7.99
561,14.99,C,12.26
562,17.76,D,12.41
563,8.39,B,7.5
564,6.03,A,7.47
565,15.8,C,22.42
566,9.75,B,15.41
567,9.92,B,15.09
568,17.86,D,16.59
569,18.45,D,23.79
570,5.32,A,11.87
571,11.05,B,4.48
572,14.47,C,11.73
573,19.03,D,9.16
574,13.67,C,3.34
575,15.49,C,53.93
576,9.91,B,16.28
577,21.49,D,29.8
578,10.16,B,10.95
579,16.99,D,0.97
580,12.98,C,20.38
581,19.99,E,27.24
582,16.91,C,32.94
583,12.13,B,26.58
584,11.49,B,29.02
585,24.99,F,13.58
586,13.68,C,9.82
587,17.99,D,14.18
588,11.53,B,1.65
589,12.12,B,22.8
590,13.99,C,22.55
591,14.33,C,11.92
592,17.09,D,4.2
593,10.75,B,23.24
594,7.35,A,9.32
595,15.05,C,4.33
596,17.27,C,27.09
597,11.98,B,4.4
598,5.32,A,10.84
599,9.17,B,9.7
600,12.62,C,33.67
601,10.99,B,21.1
602,12.62,C,14.51
603,15.05,C,34.23
604,11.67,B,5.94
605,6.08,A,20.16
606,21.49,D,11.77
607,16.29,C,21.7
608,13.49,C,19.15
609,16.14,C,9.28
610,7.34,A,24.42
611,13.49,C,25.49
612,17.97,D,24.96
613,8.49,B,0.39
614,11.8,B,18.69
615,14.99,C,12.7
616,19.2,D,9.12
617,10.9,B,15.31
618,9.93,B,23.9
619,6.11,A,14.22
620,11.49,B,14.65
621,7.99,A,19.44
622,7.26,A,9.24
623,12.73,B,12.29
624,18.25,E,33.04
625,8.9,A,16.55
626,11.99,B,28.01
627,13.58,C,19.98
628,16.91,C,26.23
629,10.49,B,21.99
630,10.99,B,1.77
631,5.32,A,7.98
632,27.88,G,17.22
633,16.29,D,38.64
634,7.35,A,25.59
635,6.19,A,19.15
636,13.59,C,19.24
637,12.61,C,28.86
638,13.11,B,17.97
639,13.99,C,19.16
640,18.94,D,30.93
641,12.13,B,13.42
642,12.79,C,1.64
643,18.25,D,4.67
644,6.24,A,9
645,13.49,C,12.66
646,18.06,D,14.38
647,10.49,B,31.75
648,7.84,A,1.92
649,18.99,D,18.36
650,10.47,B,2.67
651,8.24,B,1.89
652,7.91,A,21.64
653,5.32,A,13.16
654,7.62,A,10.91
655,7.26,A,17.33
656,8.24,B,11.42
657,7.89,A,31.55
658,13.67,C,36.89
659,15.99,C,34.44
660,6.97,A,18.66
661,13.67,C,26.49
662,15.21,D,17.3
663,9.17,B,14.57
664,10.49,B,7.35
665,30.84,G,7.72
666,8.46,A,16.05
667,12.62,C,16.25
668,14.99,C,13.49
669,7.46,A,12.89
670,11.55,B,16.92
671,10.37,B,14.26
672,24.5,F,21.7
673,18.06,D,20.22
674,7.34,A,4.59
675,15.02,C,17.65
676,5.32,A,12.51
677,10.91,B,9.55
678,7.21,A,19.93
679,11.31,B,21.44
680,12.62,C,17.02
681,16.14,C,37.3
682,21.85,D,17.09
683,14.46,C,17.86
684,13.49,C,17.65
685,11.8,B,16.87
686,10.49,B,8.27
687,17.09,D,34.52
688,11.31,B,16.42
689,11.06,B,31.46
690,20.39,D,17.62
691,7.91,A,24.67
692,9.93,B,7.76
693,15.59,D,34.72
694,16.91,C,11.63
695,6.71,A,13.35
696,20.39,D,58.98
697,7.84,A,22.92
698,20,D,21.71
699,7.89,A,10.89
700,16.29,C,24.82
701,15.05,C,14.68
702,9.16,B,10.17
703,6.03,A,7.53
704,8.18,B,12.23
705,11.99,B,31.48
706,12.13,B,7.15
707,6.62,A,23.44
708,14.47,C,18.74
709,7.21,A,4.46
710,12.73,B,21.14
711,12.49,B,14.45
712,15.05,C,8.62
713,15.02,C,3.31
714,15.8,C,18.6
715,13.61,C,10.58
716,15.05,C,26.59
717,20.2,E,15.03
718,16.59,D,9.68
719,11.55,B,20.96
720,8.18,B,19.57
721,11.53,B,13.73
722,18.06,D,29.87
723,11.99,C,11.76
724,10.99,B,20.97
725,8.39,B,15.61
726,8.18,B,29.56
727,24.99,F,8.88
728,14.46,C,40.95
729,6.83,A,27.47
730,6.08,A,22.97
731,9.17,B,33.99
732,9.75,B,13.54
733,21.45,D,13.22
734,5.32,A,15.05
735,22.45,E,16.95
736,16.78,C,17.36
737,10.16,B,1.78
738,6.03,A,17.25
739,7.35,A,22.98
740,6.97,A,11.59
741,8.19,A,17.97
742,9.99,B,18
743,14.27,C,11.09
744,16.14,C,28.57
745,12.62,C,11.91
746,15.99,D,20.27
747,19.52,E,31.15
748,17.27,D,35.3
749,6.99,A,17.56
750,5.32,A,12.56
751,5.32,A,5.57
752,11.49,B,13.85
753,16.59,D,24.12
754,13.99,C,8.61
755,11.99,B,15.5
756,16.91,C,10.57
757,8.59,A,15.55
758,11.49,B,15.19
759,19.72,D,8.92
760,6.07,A,6.05
761,12.29,C,28.09
762,18.54,E,16.74
763,11.99,C,23.81
764,7.12,A,27.47
765,16.99,D,14.36
766,11.49,B,20.72
767,19.72,D,24.53
768,12.69,C,15.56
769,12.99,B,10.65
770,18.85,D,32.31
771,17.56,D,30.36
772,12.74,C,23.02
773,12.99,C,14.95
774,9.67,B,12.4
775,11.99,B,26
776,21.45,D,30.06
777,8.59,A,13.48
778,14.49,C,34.34
779,15.59,C,26.38
780,25.34,E,24.72
781,11.49,B,4.31
782,10.99,B,31.41
783,8.39,B,5.37
784,12.98,B,18.37
785,11.55,B,16.92
786,13.58,C,15.12
787,13.06,C,28.44
788,11.55,B,11.7
789,16.91,C,18.17
790,6.11,A,17.98
791,14.65,C,13.57
792,7.96,A,11.6
793,9.44,B,21.16
794,21.45,D,33.78
795,11.98,B,19.91
796,11.49,B,28.55
797,11.44,B,13.17
798,6.49,A,7.64
799,18.54,E,10
800,18.99,E,1.04
801,14.99,C,30.04
802,18.2,E,19.51
803,13.67,C,18.1
804,12.12,B,11.59
805,24.99,F,6.75
806,6.24,A,20.75
807,12.13,B,25.75
808,16.14,C,28.84
809,5.32,A,9.97
810,9.17,B,21.46
811,18.06,D,11.36
812,11.55,B,9.67
813,7.99,A,16.56
814,19.52,D,26.64
815,17.27,D,20.18
816,11.55,B,14.53
817,7.9,A,7.29
818,18.99,D,24.9
819,18.06,D,21.05
820,16.14,C,11.51
821,15.02,C,22.02
822,19.42,D,23.43
823,19.42,D,21.38
824,12.29,C,18.15
825,9.67,B,27.03
826,21.85,D,24.18
827,12.69,C,20.8
828,11.99,B,8.63
829,18.45,D,37.43
830,17.57,D,12.58
831,12.99,C,19.61
832,12.99,C,18.12
833,16.78,C,18.61
834,9.43,B,3.24
835,15.99,C,8.71
836,10.33,B,17.01
837,20,D,4.25
838,21.6,E,13.01
839,20.99,E,19.94
840,8.18,B,15.34
841,7.99,A,11.57
842,17.97,D,21.23
843,19.99,D,14.26
844,13.99,C,22.1
845,15.61,C,16
846,10.64,B,20.23
847,9.16,B,15.5
848,18.94,D,11.77
849,11.47,B,8.07
850,16.91,C,8.19
851,13.99,C,12.75
852,8.08,A,9.73
853,15.31,C,20.14
854,11.49,B,20.1
855,9.43,B,9.5
856,7.84,A,11.22
857,14.46,C,3.46
858,12.74,C,14.12
859,12.29,C,15.84
860,11.47,B,12.16
861,13.99,C,9.57
862,8.39,A,19.13
863,12.62,C,32.8
864,6.71,A,22.07
865,15.04,C,18.22
866,5.32,A,19.31
867,16.01,C,27.9
868,7.07,A,19.48
869,18.94,D,6.93
870,8.18,B,14.4
871,12.29,C,20.28
872,11.49,B,17.41
873,11.44,B,55.37
874,14.64,C,32.36
875,8.49,B,35.56
876,16.91,C,5.19
877,13.11,B,27.93
878,10.49,B,23.2
879,11.47,B,51.94
880,9.75,B,18.34
881,6.67,A,18.14
882,7.89,A,6.76
883,11.44,B,24.67
884,6.03,A,19.34
885,5.31,A,5.88
886,11.99,B,26.96
887,6.49,A,8.37
888,9.44,B,18.82
889,10.49,B,6.76
890,7.56,A,27.69
891,19.53,D,5.27
892,21.99,F,14.47
893,6.72,A,13.05
894,11.44,B,12.29
895,5.31,A,9.31
896,5.32,A,4.74
897,12.62,C,18.06
898,14.46,C,16.11
899,12.05,C,9.05
900,19.99,D,8.22
901,7.39,A,13.17
902,19.52,E,21.13
903,14.08,C,9.45
904,19.52,E,23.87
905,18.49,D,18.39
906,7.89,A,21.27
907,12.98,B,3.72
908,11.99,B,5.52
909,17.57,D,22.8
910,12.62,C,13.96
911,9.44,B,21.02
912,9.44,B,21.01
913,6.19,A,24
914,6.62,A,10.02
915,10.42,B,39.57
916,13.49,C,11.62
917,17.47,D,24
918,7.89,A,7.38
919,11.49,B,7.28
920,10.99,B,12.83
921,8.9,A,12.39
922,9.99,B,20.4
923,11.99,B,3.15
924,8.99,B,27.68
925,19.99,E,25.47
926,10.56,B,4.95
927,9.99,B,21.32
928,10.41,B,8.35
929,7.89,A,14.58
930,11.49,B,23.01
931,16.29,D,26.42
932,18.99,D,21.58
933,10.75,B,8.02
934,15.59,C,20.54
935,7.89,A,11.91
936,7.62,A,18.88
937,15.99,C,25.29
938,25.34,E,28.09
939,10.91,B,29.8
940,7.35,A,76.73
941,7.89,A,19.57
942,11.99,B,10.79
943,6.07,A,24.17
944,11.44,B,18.09
945,15.99,D,34.81
946,13.99,C,7.72
947,12.99,C,32.85
948,21.45,D,27.8
949,6.49,A,27.02
950,16.99,D,16.6
951,12.62,C,33.48
952,19.99,D,9.5
953,23.88,E,21.29
954,13.65,C,19.66
955,6.62,A,17.57
956,17.99,D,26.84
957,7.97,A,8.84
958,6.71,A,3.31
959,11.99,B,31
960,7.99,A,26.63
961,14.65,C,8.68
962,7.35,A,23.8
963,13.33,C,8.16
964,13.33,C,13.04
965,11.99,B,20.99
966,17.27,D,21.4
967,14.08,C,53.15
968,9.17,B,15
969,14.49,C,10.11
970,7.96,A,18.3
971,9.92,B,8.68
972,13.99,C,18.43
973,11.49,B,16.67
974,29.69,F,22.67
975,12.59,C,16.83
976,6.68,A,20.62
977,15.05,C,10.58
978,14.99,C,19.46
979,10.91,B,31.59
980,16.91,C,8.6
981,7.97,A,20.41
982,12.69,C,20.76
983,15.61,D,23.6
984,10.15,B,32.94
985,17.99,D,8
986,7.59,A,29.57
987,12.62,C,19.92
988,16.59,D,20.3
989,11.99,C,28.11
990,10.99,B,20.14
991,8.24,B,16.13
992,25.28,F,17.02
993,13.61,C,8.38
994,11.44,B,16.88
995,16.99,D,29.44
996,18.25,E,38.16
997,16.99,D,29.48
998,21.18,E,19.3
999,11.14,B,20.22
1000,11.49,B,26.01
1001,9.92,B,21.74
1002,13.58,C,9.07
1003,21.85,D,33.77
1004,11.53,B,30.19
1005,20.99,E,15.36
1006,8.49,B,19.16
1007,18.94,D,3.68
1008,6.49,A,20.94
1009,20,D,25.52
1010,24.89,F,10.78
1011,12.13,B,13.09
1012,8.39,B,18.21
1013,9.76,B,13.53
1014,9.49,B,27.36
1015,6.62,A,14.12
1016,24.5,F,25.48
1017,6.49,A,26.06
1018,5.32,A,8.44
1019,15.31,C,10.44
1020,10.42,B,10.17
1021,6.49,A,15.94
1022,6.03,A,0.87
1023,18.49,D,11.16
1024,11.05,B,22.19
1025,13.67,C,26.99
1026,11.99,B,23.21
1027,14.08,C,8.63
1028,11.49,B,20.13
1029,15.05,C,17.63
1030,13.18,C,18.31
1031,9.67,B,17.41
1032,8.18,B,27.66
1033,7.99,A,33.38
1034,10.41,B,6.9
1035,6.08,A,13.41
1036,15.59,C,16.67
1037,6.08,A,18.51
1038,13.56,C,15.74
1039,9.93,B,2.75
1040,19.52,E,38
1041,5.32,A,18.59
1042,14.47,C,22.7
1043,15.59,D,7.6
1044,8.18,B,28.98
1045,12.69,C,6.11
1046,13.99,C,22.85
1047,16.02,C,4.76
1048,8.18,B,7.69
1049,14.3,C,21.73
1050,14.08,C,22.32
1051,21.99,F,19.62
1052,30.94,G,29.82
1053,8.18,B,1.31
1054,25.49,E,22.4
1055,9.17,B,14.02
1056,9.92,B,20.02
1057,7.99,A,16.2
1058,23.88,E,24.24
1059,12.74,C,21.68
1060,14.64,C,9.89
1061,8.24,B,19.85
1062,10.91,B,8.26
1063,10.07,B,22.65
1064,12.69,C,23.61
1065,10.49,B,13.66
1066,13.49,C,21.18
1067,19.99,E,20.95
1068,17.86,D,21.85
1069,16.29,D,22.41
1070,10.74,B,3.32
1071,17.86,D,9.63
1072,17.57,D,23.37
1073,11.49,B,18.17
1074,10.16,B,1.69
1075,11.49,B,25.17
1076,12.73,B,18.6
1077,13.11,B,27.34
1078,12.12,B,33.49
1079,5.32,A,8.7
1080,11.39,B,27.81
1081,9.93,B,15.62
1082,13.49,C,25.17
1083,12.99,C,29.38
1084,6.03,A,6.08
1085,14.99,C,17.98
1086,21.45,D,19.84
1087,23.99,F,18.78
1088,12.05,C,24.37
1089,17.27,D,15.11
1090,10.41,B,15.65
1091,14.65,C,23.64
1092,7.26,A,14.35
1093,9.17,B,19.5
1094,13.67,C,24.9
1095,13.49,C,13
1096,12.79,C,4.98
1097,13.11,B,13.6
1098,13.98,C,25.02
1099,19.03,D,26.58
1100,11.67,B,19.98
1101,18.25,D,35.38
1102,8.46,A,16.98
1103,21.49,D,33.36
1104,7.26,A,21.8
1105,11.47,B,14.56
1106,7.84,A,16.73
1107,20.89,D,29.13
1108,8.9,A,7.03
1109,15.61,D,5.93
1110,8.38,B,1.66
1111,9.99,B,16.79
1112,17.27,D,18.31
1113,11.99,B,27.64
1114,16.78,C,25.53
1115,10.72,B,2.85
1116,13.99,C,15.95
1117,6.46,A,5.12
1118,10.42,B,8.08
1119,12.62,C,21.62
1120,16.29,D,13.72
1121,17.99,D,19.66
1122,10.99,B,18.5
1123,7.59,A,14.06
1124,15.05,C,28.39
1125,14.47,C,9.33
1126,7.62,A,15.21
1127,8.99,B,18.9
1128,18.25,D,31.04
1129,16.2,C,22.67
1130,9.75,B,34.08
1131,6.39,A,4.5
1132,7.46,A,7.66
1133,12.99,C,10.27
1134,6.72,A,12.1
1135,19.99,E,25.86
1136,14.31,C,28.37
1137,7.9,A,26.53
1138,9.17,B,12.02
1139,21.48,E,1.56
1140,23.63,F,28
1141,8.81,A,16.18
1142,7.89,A,8.58
1143,9.75,B,26.74
1144,16.02,C,5.09
1145,9.62,B,19.92
1146,7.49,A,25.95
1147,9.17,B,27
1148,15.61,D,8.48
1149,5.32,A,27.21
1150,10.99,B,18.92
1151,6.49,A,14.59
1152,7.26,A,27.52
1153,6.92,A,22.91
1154,7.89,A,19.66
1155,12.99,C,14.06
1156,15.04,C,9.13
1157,17.99,D,44.29
1158,19.99,E,30.3
1159,7.89,A,7.71
1160,14.08,C,15.52
1161,11.49,B,19.93
1162,12.99,B,34.81
1163,18.99,D,28.05
1164,6.19,A,18.84
1165,14.52,C,20.16
1166,17.97,D,13.58
1167,10.49,B,11.63
1168,17.99,D,7.97
1169,18.55,D,12.34
1170,7.9,A,13.13
1171,21.18,E,25.21
1172,17.14,E,1.3
1173,16.29,D,33.9
1174,14.33,C,14.62
1175,10.42,B,24.62
1176,7.97,A,15.48
1177,6.97,A,20.85
1178,9.44,B,13.06
1179,10.99,B,15.53
1180,16.91,C,18.64
1181,13.67,C,13.95
1182,13.11,B,12.19
1183,6.83,A,14.33
1184,15.99,D,30.38
1185,17.27,C,6.72
1186,16.29,D,25.89
1187,10.64,B,10.06
1188,8.9,A,11.89
1189,11.47,B,12.85
1190,10.65,B,22.75
1191,16.91,C,20.82
1192,10.41,B,22.35
1193,13.35,C,9.18
1194,13.59,C,24.56
1195,8.08,A,9.89
1196,16.99,D,21.18
1197,14.47,C,35.62
1198,14.49,C,12.06
1199,6.49,A,24.58
1200,10.49,B,17.16
1201,9.92,B,18.28
1202,15.99,C,36.13
1203,21.97,E,23.3
1204,12.88,C,35.64
1205,10.99,B,13.16
1206,19.92,D,15.66
1207,9.43,B,22.74
1208,14.46,C,11.85
1209,9.92,B,22.9
1210,15.61,D,14.1
1211,14.08,C,9.64
1212,7.97,A,6.7
1213,7.97,A,7.89
1214,13.67,C,12.55
1215,11.55,B,25.62
1216,14.65,C,22.79
1217,11.55,B,23.73
1218,13.56,C,11.47
1219,7.69,A,12.46
1220,9.17,B,10.97
1221,13.58,C,12.09
1222,10.47,B,28.98
1223,14.65,C,16.06
1224,10.9,B,31.34
1225,9.44,B,26
1226,15.31,C,30.33
1227,8.18,B,25.01
1228,13.67,C,5.52
1229,12.99,C,28.86
1230,8.9,A,27.37
1231,7.26,A,12.83
1232,12.79,C,12.36
1233,7.89,A,29.74
1234,11.67,B,31.11
1235,7.97,A,22.24
1236,11.55,B,16.62
1237,6.67,A,16.06
1238,10,B,4.19
1239,10.49,B,7.74
1240,6.89,A,27.27
1241,25.49,E,8.97
1242,10.08,B,9.66
1243,20.49,E,21.4
1244,11.99,B,8.07
1245,9.17,B,4.71
1246,9.44,B,25.3
1247,11.55,B,10
1248,13.33,C,11.35
1249,11.98,B,4.87
1250,14.47,C,14.48
1251,18.84,E,20.13
1252,7.46,A,9.61
1253,9.17,B,23.36
1254,23.99,F,20.5
1255,12.61,C,22.23
1256,10.64,B,8.42
1257,11.44,B,17.83
1258,19.99,D,26.57
1259,7.46,A,11.71
1260,22.9,E,20.43
1261,18.06,D,30.97
1262,19.89,E,34.32
1263,9.99,B,34.17
1264,13.33,C,5.58
1265,7.89,A,4.21
1266,7.34,A,13.33
1267,11.55,B,26
1268,7.97,A,17.47
1269,11.44,B,11.69
1270,15.05,C,27.19
1271,11.8,B,32.31
1272,10.91,B,25.8
1273,5.31,A,14.75
1274,10.49,B,30.63
1275,15.61,D,17.88
1276,13.99,C,24.51
1277,10.99,B,25.05
1278,19.22,D,16.18
1279,17.27,D,31.25
1280,7.89,A,11.43
1281,14.99,C,13.12
1282,6.97,A,15.85
1283,11.99,C,23.78
1284,15.02,C,8.7
1285,12.99,B,6.91
1286,7.49,A,24.2
1287,18.94,D,39.67
1288,6.89,A,5.59
1289,27.27,E,18.46
1290,10.49,B,15.41
1291,10.91,B,14.22
1292,11.31,B,26.93
1293,13.99,C,23.7
1294,10.91,B,19.36
1295,11.49,B,18.36
1296,14.99,C,19.41
1297,9.44,B,19.96
1298,17.99,D,27.2
1299,16.02,C,23.4
1300,7.89,A,9.57
1301,22.99,F,19.22
1302,13.99,C,15.58
1303,8.18,B,11.53
1304,9.99,B,29.16
1305,14.47,C,18.71
1306,10.72,B,13.66
1307,15.99,D,29.21
1308,18.99,E,11.46
1309,16.29,D,29.94
1310,11.06,B,11.51
1311,10.91,B,16.56
1312,5.32,A,10.37
1313,19.48,E,39.63
1314,12.29,C,35.57
1315,9.76,B,0.47
1316,7.84,A,31.72
1317,9.99,B,16.99
1318,9.49,B,25.17
1319,19.42,D,20.35
1320,18.25,D,28.34
1321,11.55,B,10.83
1322,11.49,B,27.41
1323,11.31,B,0.84
1324,15.61,D,19.58
1325,15.04,C,17.98
1326,7.9,A,9.82
1327,23.43,F,22.43
1328,14.47,C,4.9
1329,26.3,E,32.21
1330,23.4,E,26.86
1331,9.93,B,33.52
1332,8.18,B,23.17
1333,10.99,B,20.78
1334,19.92,D,2.55
1335,9.16,B,9.58
1336,12.79,C,11.01
1337,12.74,C,26.83
1338,12.99,C,23.36
1339,9.44,B,12.12
1340,11.99,B,11.4
1341,20,D,29.76
1342,10.91,B,10.64
1343,10.42,B,12
1344,12.99,B,16.73
1345,12.35,B,15.83
1346,8.18,B,18.07
1347,10.64,B,19.47
1348,14.3,C,17.6
1349,5.32,A,14.75
1350,20.75,E,36.52
1351,20,D,30.9
1352,13.67,C,16.57
1353,9.99,B,17.43
1354,9.75,B,6.97
1355,13.33,C,9.72
1356,19.92,D,25.83
1357,10.91,B,12.66
1358,12.98,B,21.4
1359,12.39,C,29.47
1360,23.63,F,21.17
1361,9.17,B,19.04
1362,7.69,A,17.45
1363,6.99,A,25.96
1364,18.06,D,18.78
1365,7.49,A,13.72
1366,11.44,B,32.68
1367,15.61,D,21.13
1368,10.99,B,33.48
1369,7.26,A,14.22
1370,13.49,C,14.44
1371,7.26,A,8.77
1372,9.17,B,29.77
1373,15.02,C,26.62
1374,6,A,5.69
1375,15.05,C,0
1376,12.62,C,6.88
1377,9.93,B,12.48
1378,16.14,C,23.08
1379,24.84,E,9.58
1380,9.44,B,13.22
1381,10.49,B,24.46
1382,6.92,A,12.02
1383,21.45,D,26.31
1384,19.03,D,19.41
1385,21.49,E,17.32
1386,12.69,C,12.06
1387,12.62,C,2.49
1388,15.05,C,26.25
1389,8.39,A,16.68
1390,12.62,C,19.96
1391,10.99,B,29.59
1392,9.49,B,5.59
1393,10.49,B,22.08
1394,12.69,C,24.88
1395,10.47,B,20.89
1396,10.91,B,22.5
1397,14.99,C,29.73
1398,10.07,B,27.45
1399,17.09,D,9.98
1400,6.99,A,14.09
1401,9.17,B,10.17
1402,19.42,D,22.67
1403,6.71,A,2.17
1404,11.06,B,18.6
1405,6.39,A,17.76
1406,11.49,B,14.75
1407,15.05,C,21.59
1408,14.64,C,17.6
1409,15.61,D,11.29
1410,11.99,B,30.03
1411,10.75,B,10.31
1412,11.99,C,14.09
1413,15.31,C,6.38
1414,7.26,A,21.7
1415,12.12,B,29.38
1416,14.99,C,24.62
1417,13.99,C,23.44
1418,11.31,B,11.33
1419,15.05,C,14.89
1420,10.16,B,7.08
1421,24.08,F,33.86
1422,9.49,B,15.17
1423,7.69,A,23.95
1424,5.32,A,12.22
1425,11.44,B,21.08
1426,13.99,C,17.33
1427,15.05,C,14.94
1428,9.99,B,12.68
1429,12.49,B,6.08
1430,7.97,A,13.04
1431,15.61,D,9.23
1432,20.2,E,24.62
1433,20.5,E,13.51
1434,15.61,D,14.88
1435,20.89,D,2.01
1436,5.32,A,24.58
1437,11.47,B,7.22
1438,12.99,C,34.84
1439,13.35,C,5.9
1440,9.58,B,19.3
1441,11.31,B,12.31
1442,15.22,C,18.65
1443,18.06,D,8.2
1444,20.99,E,32.5
1445,10.41,B,20.63
1446,11.05,B,17.98
1447,7.26,A,18.39
1448,8.39,B,17.48
1449,9.45,B,5.31
1450,10.78,B,26.71
1451,16.99,D,15.57
1452,14.08,C,7.95
1453,16.99,D,15.96
1454,9.99,B,15.37
1455,10.42,B,22.31
1456,22.35,D,21.87
1457,16.99,D,27.65
1458,10.78,B,28.72
1459,21.99,E,22.77
1460,18.25,D,17.55
1461,15.04,C,54.64
1462,10.75,B,20.99
1463,8.19,A,12.36
1464,15.31,C,24.36
1465,15.96,C,14.61
1466,9.93,B,13.93
1467,10.49,B,25.84
1468,5.32,A,9.19
1469,10.16,B,21.52
1470,6.97,A,8.89
1471,15.61,D,36.89
1472,14.65,C,25.97
1473,18.06,D,31.64
1474,12.49,B,9.11
1475,9.93,B,13.35
1476,13.49,C,69.75
1477,11.06,B,24.01
1478,14.33,C,15.68
1479,12.79,C,27.94
1480,10.99,B,14.97
1481,11.55,B,29.1
1482,6.08,A,7.1
1483,10.49,B,22.08
1484,23.63,F,33
1485,12.73,B,38.33
1486,18.92,D,12.23
1487,11.49,B,24.24
1488,6.24,A,20.14
1489,12.42,B,14.14
1490,23.99,F,13.68
1491,11.99,B,17.64
1492,10.75,B,24.35
1493,8.46,A,17.55
1494,26.24,E,20.52
1495,10.33,B,18.48
1496,9.49,B,8.75
1497,16.02,C,29.59
1498,8.24,B,20.77
1499,9.16,B,13.87
1500,16.29,D,25.64
1501,7.84,A,13.76
1502,12.62,C,27.12
1503,7.35,A,11.88
1504,9.17,B,25.56
1505,23.13,F,38.35
1506,14.52,C,25.54
1507,18.99,D,15.58
1508,8.46,A,7.3
1509,25.82,E,34.17
1510,5.32,A,19.51
1511,11.47,B,8.97
1512,5.32,A,9.71
1513,9.44,B,3.43
1514,19.42,D,31.24
1515,18.45,D,4.48
1516,11.67,B,18.87
1517,18.94,D,33.99
1518,18.99,E,10.32
1519,11.55,B,9.85
1520,9.99,B,31.27
1521,15.59,C,13.72
1522,12.39,C,21.91
1523,13.33,C,14.93
1524,10.72,B,16.12
1525,6.24,A,12
1526,12.12,B,9.08
1527,8.19,A,10.09
1528,13.49,C,21.64
1529,20.39,D,22.1
1530,7.97,A,22.38
1531,21.18,E,34.96
1532,11.99,C,5.05
1533,18.99,D,16.11
1534,17.1,C,15.7
1535,22.74,E,7.58
1536,10.91,B,22.97
1537,11.06,B,16.38
1538,7.97,A,27.88
1539,10.49,B,27.7
1540,11.53,B,22.69
1541,18.49,E,22.74
1542,10.91,B,34.49
1543,12.62,C,27.4
1544,7.89,A,5.35
1545,7.9,A,25.81
1546,12.99,C,8.32
1547,15.61,D,18.09
1548,14.47,C,19.28
1549,13.33,C,28.27
1550,18.99,D,28.11
1551,11.53,B,6.63
1552,9.99,B,11.25
1553,7.96,A,53.55
1554,15.59,C,20.29
1555,16.78,C,24.51
1556,17.97,D,37.21
1557,30.65,F,15.89
1558,13.05,B,33.35
1559,14.08,C,7.28
1560,12.74,C,21.74
1561,24.85,E,34.11
1562,11.49,B,22.84
1563,10.72,B,14.79
1564,14.08,C,23.53
1565,18.06,D,25.98
1566,7.34,A,21.53
1567,11.55,B,26.11
1568,15.31,C,37.36
1569,15.59,C,17.73
1570,7.84,A,15.65
1571,11.49,B,28.13
1572,7.07,A,18.03
1573,11.49,B,26.51
1574,14.08,C,10.03
1575,10.99,B,29.64
1576,17.27,D,21.58
1577,11.99,B,28.39
1578,17.27,D,10.11
1579,20,D,27.43
1580,17.1,C,13.02
1581,21.45,D,12.14
1582,9.8,B,23.04
1583,10.75,B,23.18
1584,16.55,D,16.56
1585,9.44,B,22.62
1586,11.48,B,23.25
1587,14.33,C,31.77
1588,11.53,B,10.6
1589,7.49,A,24.35
1590,15.04,C,38.44
1591,8.18,B,16.35
1592,14.3,C,23.29
1593,19.03,D,3.74
1594,29.49,F,29.79
1595,13.56,C,13.3
1596,19.52,E,33.39
1597,9.71,B,17.49
1598,14.08,C,20.84
1599,11.44,B,18.33
1600,11.67,B,9.96
1601,21,E,4.52
1602,6.99,A,15.24
1603,12.05,C,16.61
1604,12.79,C,12.63
1605,13.65,C,2.76
1606,14.65,C,22.25
1607,17.99,D,12.8
1608,18.94,D,36.26
1609,9.75,B,20.31
1610,11.53,B,27.65
1611,17.57,D,12.8
1612,8.39,B,24.09
1613,7.49,A,23.24
1614,12.49,B,20.13
1615,14.09,B,20.58
1616,14.08,C,15.19
1617,18.55,E,27.45
1618,8.81,A,4.44
1619,18.45,D,24.14
1620,11.99,B,14.06
1621,10.08,B,16.38
1622,10.08,B,15.03
1623,15.02,C,20.47
1624,7.97,A,7.34
1625,6.97,A,21.31
1626,7.35,A,7.56
1627,7.21,A,23.65
1628,9.99,B,5.87
1629,9.16,B,25.33
1630,9.75,B,25.07
1631,12.62,C,13.56
1632,12.29,C,16.16
1633,21.85,D,11.52
1634,13.11,B,34.41
1635,8.19,A,12.36
1636,12.39,C,16.96
1637,16.29,D,27.96
1638,15.49,C,36.01
1639,16.29,D,4.08
1640,15.77,D,19.66
1641,5.32,A,10.23
1642,20.75,E,33.45
1643,11.99,B,34.83
1644,9.92,B,14.9
1645,7.59,A,13.67
1646,11.99,B,5.75
1647,14.49,C,20.98
1648,15.99,C,7.6
1649,17.86,D,11.13
1650,9.92,B,6.18
1651,13.11,B,16.15
1652,14.08,C,11.94
1653,6.99,A,6
1654,20.99,E,1.38
1655,8.9,A,29.52
1656,5.93,A,11.19
1657,6.11,A,9.27
1658,16.55,D,27.58
1659,11.99,B,12.22
1660,11.44,B,8.25
1661,13.49,C,19.9
1662,17.99,D,21.12
1663,13.99,C,27.86
1664,11.06,B,7.96
1665,16.02,C,6.04
1666,14.07,C,54.83
1667,16.02,C,14.02
1668,10.99,B,21.66
1669,5.32,A,27.7
1670,15.41,D,12.66
1671,12.13,B,28.84
1672,11.44,B,24.01
1673,9.17,B,21.78
1674,18.99,D,24.1
1675,14.33,C,22.83
1676,11.99,C,22.35
1677,11.39,B,13.48
1678,20.49,E,16.92
1679,6.11,A,11.36
1680,7.97,A,14.98
1681,14.27,C,11.74
1682,17.1,C,16.93
1683,5.32,A,17.77
1684,10.42,B,1.77
1685,8.18,B,8.06
1686,10.99,B,7.14
1687,17.86,D,29.68
1688,19.03,D,14.63
1689,14.52,C,3.27
1690,29.99,F,29.96
1691,12.29,C,18.66
1692,7.89,A,5.56
1693,8.46,A,18.08
1694,9.17,B,25.61
1695,9.93,B,21.2
1696,5.31,A,14.71
1697,14.47,C,3.64
1698,10.99,B,17.67
1699,10.91,B,19.84
1700,11.44,B,13.52
1701,11.31,B,37.13
1702,8.9,A,10.97
1703,18.06,D,21.27
1704,10.99,B,16.94
1705,13.59,C,9.2
1706,21.85,D,12.61
1707,13.99,C,9.14
1708,11.49,B,12.52
1709,12.79,C,32.44
1710,13.11,B,10.7
1711,10.42,B,9.22
1712,7.62,A,17.31
1713,9.17,B,28.41
1714,13.53,B,13.18
1715,9.8,B,17.65
1716,8.39,B,12.4
1717,12.74,C,15.13
1718,15.05,C,19.41
1719,7.89,A,13.14
1720,13.67,C,18.75
1721,7.97,A,11.11
1722,13.33,C,2.99
1723,10.42,B,22.2
1724,19.92,D,9.6
1725,20.39,D,19.11
1726,20.89,D,18.42
1727,7.49,A,9.62
1728,7.91,A,23.85
1729,13.67,C,14.23
1730,6.46,A,13.58
1731,12.61,C,16.25
1732,24.99,F,31.46
1733,12.49,B,6.39
1734,5.32,A,10.74
1735,11.99,C,18.31
1736,10.49,B,12.3
1737,12.99,B,14.46
1738,14.33,C,9.94
1739,14.64,C,25.05
1740,10.41,B,29.92
1741,10.49,B,23.64
1742,12.79,C,16.27
1743,11.39,B,9.45
1744,6.72,A,11.84
1745,6.97,A,17.98
1746,11.39,B,15.77
1747,15.05,C,15.74
1748,14.08,C,24.69
1749,17.86,D,23.88
1750,20,D,16.17
1751,7.69,A,12.43
1752,20.75,E,14.41
1753,11.8,B,36.42
1754,11.99,B,2.25
1755,6.72,A,14.19
1756,18.55,E,27.63
1757,18.84,E,18.84
1758,8.18,B,6.14
1759,16.29,D,18.13
1760,11.47,B,12.32
1761,7.84,A,20.16
1762,7.24,A,4.93
1763,15.05,C,25.18
1764,7.89,A,1.77
1765,11.67,B,18.32
1766,13.58,C,16.96
1767,12.13,B,21.64
1768,7.89,A,25.78
1769,14.08,C,7.93
1770,11.49,B,13.68
1771,10.49,B,20.49
1772,24.99,E,33.48
1773,11.8,B,16.81
1774,9.44,B,16.88
1775,14.08,C,17.58
1776,9.99,B,31.16
1777,16.02,C,15.85
1778,16.2,C,21.74
1779,8.99,B,12.75
1780,10.07,B,17.9
1781,14.65,C,19.79
1782,14.08,C,9.26
1783,11.99,C,13.1
1784,13.06,C,16.57
1785,24.37,E,25.2
1786,19.19,E,23.39
1787,17.57,D,28.36
1788,12.69,C,9.62
1789,9.17,B,9.99
1790,9.17,B,16.48
1791,6.39,A,4.6
1792,14.3,C,34.53
1793,12.49,B,24.43
1794,14.74,D,18.71
1795,15.05,C,19.74
1796,15.59,C,28.26
1797,10.08,B,21.18
1798,11.06,B,20.46
1799,10.99,B,13.85
1800,11.99,C,35.69
1801,13.33,C,28.18
1802,16.99,D,3.72
1803,9.93,B,24.93
1804,13.59,C,25.05
1805,8.39,A,8.24
1806,19.05,D,22.51
1807,12.74,C,24.14
1808,8.46,A,5.38
1809,14.47,C,6.79
1810,9.58,B,6.29
1811,11.44,B,18.61
1812,12.74,C,25.6
1813,10.9,B,26.59
1814,8.99,B,22.46
1815,19.03,D,25.57
1816,6.92,A,0.53
1817,11.99,C,7.23
1818,14.49,C,30.16
1819,7.21,A,8.72
1820,11.22,B,23.51
1821,10.47,B,14.69
1822,12.61,C,26.71
1823,10.49,B,9.6
1824,14.47,C,24.18
1825,18.25,E,27.32
1826,14.49,C,17.82
1827,7.07,A,22.65
1828,18.25,E,20.88
1829,9.75,B,5.87
1830,13.49,C,12.27
1831,13.99,C,32.61
1832,12.29,C,25.56
1833,12.74,C,25.72
1834,17.09,D,10.57
1835,5.32,A,6.9
1836,10.42,B,13.08
1837,9.99,B,7.27
1838,9.93,B,34.8
1839,7.84,A,22.15
1840,13.56,C,5.25
1841,10.91,B,10.47
1842,8.49,A,4.65
1843,17.99,D,12.98
1844,7.89,A,11.33
1845,7.89,A,24.88
1846,9.17,B,11.73
1847,14.46,C,27.85
1848,11.49,B,4.56
1849,17.97,D,12.04
1850,19.2,D,19.72
1851,13.49,C,17.78
1852,12.74,C,9.9
1853,17.86,D,26.59
1854,17.14,D,19.43
1855,6.67,A,11.44
1856,12.05,C,14.64
1857,13.06,C,16.34
1858,11.14,B,10.11
1859,6.71,A,30.26
1860,13.49,C,18.73
1861,9.17,B,22.08
1862,16.99,D,19.76
1863,30.99,G,8.83
1864,17.57,D,19.4
1865,12.62,C,16.25
1866,15.59,C,27.26
1867,13.98,C,18.02
1868,7.24,A,23.09
1869,16.02,C,23.35
1870,10.99,B,25.23
1871,10.99,B,19.16
1872,12.29,C,22.66
1873,18.24,D,20.67
1874,17.27,C,12.7
1875,11.47,B,35.69
1876,12.79,C,10.6
1877,13.99,C,29.29
1878,13.49,C,12.33
1879,7.07,A,4.78
1880,8.59,A,11.91
1881,18.49,E,34.88
1882,7.97,A,8.92
1883,11.55,B,14.38
1884,17.57,D,12.21
1885,15.59,D,13.2
1886,7.89,A,20.57
1887,10.08,B,4.48
1888,7.39,A,18.54
1889,17.27,C,8.85
1890,20.39,D,35.22
1891,11.67,B,8.36
1892,13.33,C,14.63
1893,17.27,C,14.54
1894,10.42,B,26.87
1895,13.65,C,16.21
1896,12.49,B,9.03
1897,13.56,C,1.09
1898,12.69,C,16.07
1899,12.69,C,36.41
1900,17.27,D,36.91
1901,14.65,C,5.38
1902,6.99,A,26.41
1903,15.31,C,16.23
1904,7.46,A,12.2
1905,13.58,C,16.52
1906,12.29,C,22.47
1907,6.67,A,3.55
1908,9.17,B,19.69
1909,13.66,C,13.65
1910,13.49,C,1.91
1911,7.62,A,0.82
1912,13.33,C,36.42
1913,12.99,C,15.64
1914,11.14,B,13.14
1915,11.44,B,11.06
1916,10.72,B,25.09
1917,11.99,B,16.96
1918,21.49,D,14.99
1919,12.62,C,22.81
1920,13.11,B,9
1921,19.92,D,18.18
1922,7.91,A,18.92
1923,10.07,B,24.21
1924,15.05,C,24.73
1925,18.92,D,32.28
1926,11.53,B,6.5
1927,9.93,B,28.76
1928,14.08,C,19.9
1929,11.49,B,25.11
1930,11.99,B,20.04
1931,5.32,A,8.06
1932,8.67,B,12.07
1933,15.05,C,23.66
1934,21.85,D,42.72
1935,10.99,B,21.1
1936,16.99,D,32.45
1937,8.39,A,4.64
1938,9.91,B,17.82
1939,18.06,D,9.51
1940,13.59,C,25.7
1941,7.69,A,11.42
1942,18.06,D,16.77
1943,12.99,C,10.41
1944,12.99,C,4.72
1945,19.92,D,19.71
1946,7.26,A,14.04
1947,12.99,C,31.04
1948,15.31,C,42.63
1949,22.15,E,7.93
1950,17.97,D,26.4
1951,14.65,C,22.23
1952,6.62,A,1.57
1953,10.47,B,4.72
1954,18.55,E,19.27
1955,11.67,B,12.8
1956,14.65,C,11.76
1957,10.07,B,19.81
1958,7.39,A,13.9
1959,6.89,A,11.72
1960,10.42,B,10.73
1961,13.11,B,13.55
1962,6.89,A,27.18
1963,9.99,B,5.85
1964,13.11,B,24.84
1965,11.99,B,33.42
1966,8.9,A,10.74
1967,13.67,C,25.61
1968,28.69,F,33.89
1969,5.32,A,24.93
1970,11.49,B,22.62
1971,18.94,D,24.91
1972,14.99,C,28.01
1973,7.07,A,6.22
1974,5.31,A,3.29
1975,7.89,A,6.58
1976,9.75,B,22.89
1977,6.19,A,18.85
1978,19.92,D,26.13
1979,17.57,D,33.2
1980,14.46,C,25.76
1981,11.99,B,19.79
1982,7.35,A,15.96
1983,9.43,B,29.41
1984,17.57,D,11.19
1985,19.03,D,29.08
1986,13.99,C,25.42
1987,9.93,B,3.7
1988,12.99,B,7.27
1989,10.99,B,26.26
1990,16.49,D,13.05
1991,10.9,B,19.92
1992,6.03,A,1.57
1993,12.79,C,30.36
1994,18.25,E,3.92
1995,8.99,B,7.71
1996,17.57,D,7.41
1997,10.99,B,15.3
1998,5.31,A,12.66
1999,21.45,D,23.27
2000,8.9,A,15.22
2001,15.59,C,10.89
2002,12.99,C,26.94
2003,14.17,C,10.49
2004,14.08,C,17.47
2005,15.61,D,30.31
2006,12.99,C,14.54
2007,13.49,C,21.36
2008,16.91,C,15.16
2009,15.61,C,29.21
2010,14.49,C,23.2
2011,14.49,C,11.43
2012,18.49,D,33.42
2013,14.65,C,31.41
2014,28.69,F,25.04
2015,15.99,C,13.76
2016,17.86,D,10.06
2017,12.74,C,20.46
2018,17.09,D,6.82
2019,5.32,A,22.53
2020,6.24,A,10.61
2021,7.89,A,16.08
2022,13.49,C,24.17
2023,13.99,C,18.66
2024,12.29,C,8.09
2025,17.57,D,25.24
2026,12.69,C,15.22
2027,13.99,C,12.05
2028,9.93,B,12.89
2029,9.58,B,6.74
2030,9.92,B,7.54
2031,21.99,F,28.8
2032,11.44,B,11.54
2033,16.02,C,13.27
2034,15.41,D,11.03
2035,12.85,B,24.98
2036,11.99,B,15.74
2037,7.89,A,29.74
2038,13.66,C,16
2039,11.39,B,28.35
2040,6.72,A,9.77
2041,11.99,B,24.52
2042,14.99,C,32.38
2043,6.24,A,20.06
2044,11.98,B,27.89
2045,8.39,A,9.55
2046,5.31,A,14.14
2047,12.35,B,16.87
2048,8.9,A,27.43
2049,14.65,C,12.99
2050,15.05,C,35.12
2051,18.45,D,19.24
2052,13.61,C,8.32
2053,17.97,D,49.67
2054,12.99,C,14.35
2055,20,D,38.4
2056,9.93,B,20.66
2057,9.99,B,36.34
2058,13.99,C,34.5
2059,7.97,A,37.97
2060,15.99,C,28.94
2061,15.49,C,30.39
2062,15.61,C,33.09
2063,12.85,B,22.18
2064,7.26,A,2.58
2065,15.99,C,26.65
2066,12.99,C,15.88
2067,11.47,B,24.59
2068,11.44,B,14.64
2069,9.43,B,4.3
2070,11.49,B,19.37
2071,16.91,C,24.77
2072,7.24,A,12.17
2073,18.99,D,24.2
2074,8.39,B,8.82
2075,11.98,B,3.66
2076,15.99,C,17.07
2077,13.99,C,12.96
2078,9.49,B,16.92
2079,16.02,C,12.65
2080,16.55,D,7.51
2081,15.02,C,15.73
2082,10.99,B,12.63
2083,10.99,B,17.45
2084,7.97,A,30.38
2085,11.99,C,27.26
2086,15.05,C,25.97
2087,13.59,C,15.54
2088,16.99,D,20.22
2089,21.98,E,17.64
2090,14.07,C,22.9
2091,7.84,A,13.72
2092,5.32,A,15.22
2093,10.15,B,35.92
2094,12.59,C,13.2
2095,13.56,C,18.06
2096,19.42,D,12.33
2097,12.62,C,19.12
2098,16.29,D,28.06
2099,5.32,A,12.21
2100,10.91,B,33.88
2101,5.32,A,24.43
2102,14.65,C,6.86
2103,18.99,D,14.8
2104,8.24,B,14.05
2105,19.92,D,23.66
2106,6.39,A,11.53
2107,13.59,C,28.07
2108,8.18,B,2.56
2109,13.11,B,11.03
2110,13.59,C,14.75
2111,11.06,B,24.99
2112,19.03,D,14.35
2113,6.99,A,15.14
2114,16.99,D,16.52
2115,11.14,B,14.87
2116,10.07,B,23.49
2117,9.75,B,25.5
2118,15.59,C,14.6
2119,16.99,D,24.11
2120,6.68,A,10.05
2121,8.19,A,14.17
2122,12.74,C,17.32
2123,9.93,B,14.64
2124,15.61,C,15.15
2125,13.33,C,17.33
2126,11.55,B,17.72
2127,7.35,A,14.75
2128,13.11,B,20.98
2129,13.99,C,3.94
2130,11.53,B,9.27
2131,6.24,A,17.98
2132,9.99,B,24.63
2133,8.67,B,13.85
2134,17.99,D,23.45
2135,15.61,D,35.53
2136,12.12,B,15.48
2137,11.39,B,27.5
2138,26.3,E,35
2139,7.89,A,8.74
2140,12.49,B,14.35
2141,17.09,D,26
2142,10.99,B,6.79
2143,15.31,C,22.74
2144,20.89,D,26.72
2145,7.97,A,14.96
2146,21,E,9.97
2147,21.99,F,39.41
2148,16.02,C,25.92
2149,18.45,D,19.77
2150,14.99,C,6.56
2151,24.85,E,23.15
2152,10.99,B,16.06
2153,5.32,A,6.92
2154,11.44,B,16.83
2155,6.11,A,11.75
2156,18.2,E,13.62
2157,7.21,A,3.96
2158,8.46,A,17.11
2159,23.99,E,32.34
2160,12.49,B,26.58
2161,15.61,D,10.99
2162,11.49,B,24
2163,7.49,A,4.77
2164,7.89,A,24.48
2165,6.49,A,16.08
2166,8.39,B,1.32
2167,8.46,A,24.49
2168,15.61,D,33.32
2169,7.51,A,7.32
2170,10.33,B,31.75
2171,7.66,A,19.58
2172,20,D,25.64
2173,13.33,C,10.02
2174,12.74,C,14.09
2175,7.9,A,11.99
2176,16.02,C,39.23
2177,12.74,C,25.48
2178,21.49,D,22.36
2179,12.99,C,4.37
2180,10.08,B,13.16
2181,18.45,D,17.03
2182,14.16,C,15.29
2183,12.99,C,23.38
2184,11.99,B,6.56
2185,11.99,B,28.02
2186,9.93,B,12.99
2187,6.07,A,9.24
2188,5.32,A,15.03
2189,12.04,C,0.96
2190,8.46,A,37.72
2191,11.53,B,11.83
2192,14.46,C,37.4
2193,6.71,A,20.36
2194,22.74,E,10.19
2195,11.47,B,24.78
2196,9.44,B,16.6
2197,10.72,B,6.8
2198,10.49,B,7
2199,15.02,C,3.93
2200,7.21,A,25.87
2201,13.57,C,23.72
2202,15.1,C,19.05
2203,13.56,C,9.46
2204,10.49,B,13.83
2205,12.49,B,20.94
2206,11.71,B,9.58
2207,6.83,A,39.67
2208,11.99,B,16.59
2209,7.91,A,13.62
2210,9.99,B,20.24
2211,27.27,E,24.44
2212,8.81,A,11.85
2213,14.49,C,16.42
2214,13.49,C,9.73
2215,9.8,B,22.42
2216,16.29,C,29.4
2217,8.18,B,22.89
2218,17.57,D,10.2
2219,6.08,A,16.01
2220,7.97,A,23.75
2221,23.4,E,9.83
2222,11.49,B,19.08
2223,9.67,B,11.34
2224,10.33,B,14.45
2225,5.32,A,16.45
2226,12.62,C,25.35
2227,8.46,A,17.74
2228,9.99,B,27.42
2229,14.49,C,7.65
2230,8.39,B,12
2231,13.35,C,7.35
2232,8.19,A,25.83
2233,7.35,A,11.74
2234,12.99,C,32.34
2235,8.19,A,18.48
2236,7.97,A,5.54
2237,7.46,A,11.62
2238,18.06,D,23.98
2239,9.44,B,17.72
2240,23.99,F,25.38
2241,9.17,B,16.81
2242,26.24,E,46.6
2243,18.25,E,38
2244,18.99,E,28.61
2245,7.26,A,20.35
2246,16.14,C,32.45
2247,12.49,B,7
2248,25.57,F,21.27
2249,12.79,C,23.89
2250,16.99,D,5.48
2251,13.59,C,24.72
2252,11.49,B,6.99
2253,7.9,A,13.06
2254,12.62,C,11.75
2255,7.9,A,14.86
2256,10.16,B,22.94
2257,7.21,A,18.76
2258,6.07,A,5.49
2259,11.53,B,29.87
2260,16.29,D,11.22
2261,5.32,A,1.67
2262,18.99,D,7.82
2263,12.69,C,15.11
2264,7.89,A,5.37
2265,7.89,A,23.17
2266,17.57,D,20.95
2267,8.24,B,19.01
2268,10.99,B,9.5
2269,16.99,D,23.42
2270,12.79,C,16.1
2271,11.55,B,20.98
2272,10.91,B,18.42
2273,12.99,C,20.31
2274,16.29,C,10.27
2275,14.03,C,1.63
2276,22.35,D,34.71
2277,22.74,E,25.21
2278,9.44,B,24.26
2279,17.57,D,17.99
2280,6.71,A,14.12
2281,6.97,A,10.11
2282,10.49,B,17.26
2283,13.49,C,12.75
2284,11.99,B,28.13
2285,9.43,B,29.63
2286,7.99,A,22.05
2287,23.43,F,7.83
2288,6.49,A,9
2289,8.24,B,20.2
2290,12.12,B,18.75
2291,13.99,C,25.81
2292,12.49,B,13.51
2293,12.39,C,35.72
2294,18.94,D,19.97
2295,14.49,C,13.92
2296,10.07,B,25.8
2297,7.39,A,26.43
2298,8.9,A,16.24
2299,7.34,A,29.66
2300,9.93,B,15.66
2301,6.72,A,6.12
2302,14.46,C,3.11
2303,11.99,B,36.95
2304,15.99,C,11.45
2305,13.99,C,16.05
2306,12.73,B,5.23
2307,6.97,A,10.06
2308,6.24,A,9.48
2309,13.99,C,7
2310,6.67,A,10.07
2311,12.49,B,19.07
2312,15.05,C,10.76
2313,7.49,A,26.18
2314,15.05,C,19.69
2315,23.99,E,23.87
2316,13.59,C,12.65
2317,18.25,E,20.31
2318,7.97,A,13.94
2319,8.59,A,7.67
2320,12.74,C,13.09
2321,10.47,B,31.91
2322,7.26,A,18.69
2323,8.59,A,1.04
2324,8.9,A,16.97
2325,9.49,B,20.46
2326,14.47,C,28.21
2327,10.41,B,28.89
2328,11.06,B,16.17
2329,16.99,D,13.61
2330,11.98,B,20.88
2331,11.99,B,4.87
2332,13.59,C,16.55
2333,16.99,D,30.92
2334,16.02,C,33.35
2335,10.99,B,7.06
2336,11.49,B,30.21
2337,5.32,A,12.87
2338,18.06,D,23.04
2339,11.44,B,27.71
2340,11.55,B,27.38
2341,10.16,B,19.35
2342,6.71,A,8.16
2343,11.99,C,11.38
2344,11.49,B,18.37
2345,17.97,D,37.57
2346,7.69,A,13.28
2347,21.45,D,20.6
2348,10.47,B,8.25
2349,11.39,B,15.91
2350,13.99,C,31.42
2351,12.29,C,5.48
2352,16.02,C,18.91
2353,13.58,C,32.36
2354,20.99,E,36.75
2355,7.97,A,23.14
2356,12.79,C,18.24
2357,8.24,B,11.25
2358,14.16,C,10.44
2359,15.61,C,17.72
2360,13.49,C,17.59
2361,8.24,B,29.1
2362,11.06,B,12.21
2363,16.99,D,16.37
2364,25.34,E,21.52
2365,13.99,C,22.05
2366,19.52,E,7.18
2367,18.54,E,26.86
2368,30.79,G,32.61
2369,8.67,B,5.62
2370,9.99,B,19.11
2371,7.99,A,17.41
2372,11.99,B,21.6
2373,13.67,C,18.78
2374,11.44,B,13.32
2375,11.8,B,16.88
2376,6.49,A,17.26
2377,11.99,C,11.56
2378,15.99,C,19.34
2379,7.89,A,20.57
2380,13.58,C,18.71
2381,17.57,D,28.53
2382,13.99,C,5.85
2383,8.18,B,13.9
2384,19.52,D,12.57
2385,7.35,A,20.84
2386,6.62,A,9.88
2387,18.54,E,20.49
2388,9.67,B,12.87
2389,17.86,D,4.8
2390,11.44,B,9.21
2391,10,B,22.43
2392,16.99,D,37.53
2393,12.79,C,12.37
2394,15.59,C,27.3
2395,12.73,B,12.5
2396,15.02,C,16.48
2397,11.99,B,29.68
2398,15.31,C,30.76
2399,13.99,C,16.36
2400,16.99,D,11.18
2401,13.35,C,18.81
2402,7.91,A,22.8
2403,16.45,E,11.02
2404,19.99,D,16.82
2405,14.99,C,1.29
2406,9.44,B,25.11
2407,15.99,C,27.92
2408,16.29,D,38.43
2409,22.4,E,7.82
2410,8.59,A,23.96
2411,6.89,A,8.99
2412,11.48,B,18.68
2413,8.99,B,13.8
2414,26.3,E,31.17
2415,10.99,B,26.97
2416,19.19,E,17.52
2417,17.99,D,16.38
2418,15.1,C,10.51
2419,16.14,C,12.85
2420,10.75,B,19.72
2421,13.18,C,21.99
2422,13.49,C,10.9
2423,14.03,C,12.81
2424,7.35,A,17.95
2425,10.99,B,18.27
2426,19.03,D,69.39
2427,6.49,A,17.04
2428,14.09,B,15.35
2429,13.67,C,17.01
2430,22.39,E,12.6
2431,12.99,C,10.76
2432,17.27,D,22.13
2433,13.33,C,26.03
2434,13.59,C,8.4
2435,14.65,C,12.99
2436,19.99,D,26.92
2437,16.29,D,31.89
2438,14.64,C,27.72
2439,7.49,A,17.08
2440,12.79,C,7.39
2441,14.49,C,17.59
2442,13.56,C,3.05
2443,5.32,A,16.88
2444,10.64,B,27.61
2445,6.49,A,8
2446,10.49,B,25.67
2447,15.05,C,29.02
2448,8.9,A,6.92
2449,7.84,A,29.79
2450,16.49,D,36.21
2451,12.62,C,10.35
2452,14.65,C,30.34
2453,14.27,C,18.06
2454,11.48,B,9.25
2455,11.49,B,18.24
2456,20,D,369.46
2457,17.99,D,8.59
2458,10.99,B,14.44
2459,14.98,C,11.66
2460,11.99,B,25.95
2461,13.33,C,17.18
2462,8.99,B,5.64
2463,9.17,B,8.68
2464,19.53,D,19.54
2465,19.03,D,26.33
2466,19.53,D,24.69
2467,8.39,A,24.03
2468,12.61,C,15.99
2469,12.29,C,28.12
2470,13.49,C,11.76
2471,20.99,E,18.03
2472,12.98,B,22.55
2473,23.83,F,7.12
2474,15.04,C,17.26
2475,6.24,A,26.83
2476,5.32,A,10.07
2477,7.84,A,9.38
2478,7.26,A,21.89
2479,9.49,B,13.05
2480,17.86,D,18.24
2481,9.16,B,14.61
2482,12.69,C,19.71
2483,9.99,B,7.8
2484,5.32,A,13.45
2485,15.1,C,12.36
2486,14.47,C,24.27
2487,5.32,A,12.28
2488,10.08,B,6.73
2489,12.61,C,18.58
2490,15.8,C,9.91
2491,8.18,B,30.63
2492,8.99,B,25.6
2493,10.72,B,23.08
2494,23.5,F,18.66
2495,7.26,A,18.6
2496,18.62,F,11.56
2497,14.99,C,22.24
2498,6.83,A,8.32
2499,16.99,D,23.46
2500,14.99,C,16.51
2501,15.02,C,26.68
2502,12.29,C,15.05
2503,18.25,E,22.17
2504,18.49,D,23.37
2505,16.99,D,35.82
2506,10.9,B,8.75
2507,9.17,B,6.69
2508,7.97,A,1.92
2509,7.84,A,17.91
2510,11.47,B,16.7
2511,13.98,C,24.11
2512,11.55,B,5.68
2513,11.55,B,8.27
2514,15.31,C,18.94
2515,12.99,C,17.09
2516,12.99,C,19.52
2517,11.67,B,14.92
2518,10.99,B,11.2
2519,15.05,C,1.2
2520,14.65,C,32.85
2521,8.18,B,21.34
2522,13.99,C,11.6
2523,16.55,D,22.15
2524,13.59,C,16.46
2525,9.44,B,19.19
2526,12.69,C,17.54
2527,16.59,D,15.65
2528,15.41,D,8.55
2529,17.86,D,12.21
2530,9.99,B,38.75
2531,8.19,A,4.99
2532,13.11,B,20.28
2533,12.74,C,12.91
2534,11.05,B,11.4
2535,18.55,E,5.41
2536,10.47,B,12.25
2537,15.61,C,9.17
2538,19.99,E,12.95
2539,17.47,D,27.5
2540,11.44,B,15.81
2541,25.83,G,22.36
2542,7.24,A,10.64
2543,5.32,A,10.85
2544,9.99,B,13.18
2545,17.86,D,32.51
2546,14.07,C,14.92
2547,6.68,A,18.48
2548,9.49,B,25.03
2549,15.8,C,16.11
2550,9.92,B,15.36
2551,19.03,D,16.42
2552,11.49,B,14.86
2553,14.52,C,33.62
2554,12.79,C,12.86
2555,12.99,C,30.53
2556,7.12,A,24.44
2557,17.09,D,10.52
2558,21.97,E,18.69
2559,15.61,D,24.18
2560,13.56,C,15.69
2561,22.35,D,17.41
2562,11.53,B,18.97
2563,11.06,B,14.98
2564,10.42,B,17.64
2565,12.74,C,15.66
2566,17.57,D,9.64
2567,12.35,B,15.96
2568,9.92,B,9.2
2569,14.46,C,10.42
2570,11.53,B,26.86
2571,6.89,A,8.96
2572,15.61,C,23.28
2573,6.89,A,18.07
2574,13.99,C,18.1
2575,6.62,A,13.54
2576,6.97,A,26.19
2577,7.99,A,9.44
2578,13.56,C,12.98
2579,16.91,C,30.48
2580,11.14,B,21.47
2581,17.57,D,9.25
2582,22.47,E,34.12
2583,12.62,C,12.66
2584,14.09,B,5.33
2585,16.59,D,31.95
2586,10.15,B,33.6
2587,15.05,C,13.78
2588,12.99,C,23.21
2589,13.99,C,23.39
2590,21.7,E,22.38
2591,17.97,D,16.53
2592,16.99,D,16.52
2593,8.39,B,35.41
2594,18.55,E,12.9
2595,21.97,E,18.67
2596,19.2,D,22.94
2597,18.92,D,6.87
2598,8.9,A,17.88
2599,20.5,E,5.52
2600,15.99,D,35.02
2601,11.99,C,31.24
2602,14.03,C,17.63
2603,6.49,A,9.06
2604,11.49,B,18.45
2605,16.91,C,23.82
2606,9.92,B,11.35
2607,11.49,B,34.36
2608,6.89,A,23.78
2609,13.59,C,11.85
2610,17.99,D,15.38
2611,15.99,C,29.41
2612,9.99,B,8.53
2613,10.91,B,31.97
2614,7.84,A,31.46
2615,15.31,C,11.54
2616,8.18,B,28.74
2617,14.99,C,7.49
2618,9.67,B,18.29
2619,13.98,C,14.58
2620,12.62,C,16.61
2621,15.8,C,11.7
2622,17.57,D,19.06
2623,13.99,C,21.25
2624,13.99,C,7.33
2625,26.77,E,20.63
2626,22.91,E,12.76
2627,7.84,A,14.03
2628,21.45,D,15.1
2629,19.52,E,3.06
2630,7.84,A,2.8
2631,20.5,E,20.97
2632,12.62,C,32.58
2633,17.56,D,11.15
2634,10.99,B,36.05
2635,6.11,A,3.36
2636,7.21,A,7.85
2637,14.65,C,18.19
2638,6.72,A,63
2639,24.83,G,17.73
2640,9.17,B,17.26
2641,10.07,B,23.88
2642,16.01,C,13.55
2643,11.49,B,13.64
2644,12.73,B,21.45
2645,9.44,B,24.28
2646,13.59,C,25.46
2647,8.24,B,7.67
2648,8.18,B,3.6
2649,13.67,C,13.02
2650,10.99,B,37.76
2651,22.15,E,36.22
2652,12.62,C,5.13
2653,12.12,B,18.83
2654,11.99,B,26.49
2655,17.09,D,26.68
2656,7.26,A,25.43
2657,9.43,B,24.15
2658,13.35,C,12.01
2659,9.17,B,22.23
2660,11.99,C,13.57
2661,20.99,E,21.38
2662,17.99,D,27.6
2663,8.39,B,28.27
2664,7.34,A,15.23
2665,5.32,A,34.57
2666,12.61,C,17.01
2667,19.97,D,20.75
2668,12.29,C,32.28
2669,15.05,C,11.95
2670,11.98,B,17.42
2671,8.19,A,10.96
2672,14.65,C,22.49
2673,14.08,C,26.06
2674,21.97,E,7.75
2675,12.99,C,12.95
2676,15.77,D,22.8
2677,10.16,B,12.89
2678,9.17,B,19.37
2679,16.55,D,37.02
2680,11.99,B,20.46
2681,6.99,A,14.42
2682,17.99,D,10.18
2683,9.99,B,39
2684,11.99,B,15.5
2685,13.67,C,4.11
2686,7.84,A,26.31
2687,18.94,D,19.38
2688,13.06,C,22.4
2689,13.11,B,16.91
2690,13.56,C,32.47
2691,11.47,B,19.25
2692,16.55,D,33.76
2693,10.47,B,20.28
2694,10.72,B,41.33
2695,19.53,D,34.86
2696,6.89,A,4.25
2697,18.25,D,31.96
2698,12.74,C,24.87
2699,14.07,C,13.68
2700,6.03,A,13.89
2701,13.67,C,38.83
2702,23.4,E,20.64
2703,9.76,B,7.27
2704,18.06,D,24.76
2705,9.44,B,22.06
2706,8.9,A,21.7
2707,11.49,B,6.06
2708,14.33,C,14.84
2709,20.49,E,17.52
2710,21.49,D,16.89
2711,12.42,B,24.99
2712,14.08,C,31.73
2713,12.73,B,15.98
2714,9.44,B,24.53
2715,9.99,B,24.6
2716,9.17,B,15.07
2717,12.74,C,17.25
2718,24.84,E,44.42
2719,18.99,D,34.05
2720,5.32,A,17.37
2721,6.62,A,21.66
2722,13.67,C,26.21
2723,19.72,D,17.85
2724,8.24,B,20
2725,7.97,A,27.58
2726,13.49,C,27.77
2727,9.92,B,26.55
2728,12.69,C,37.69
2729,10.41,B,23.29
2730,5.32,A,8.27
2731,6.03,A,11.78
2732,10.99,B,7.33
2733,11.99,B,11.92
2734,8.24,B,25.47
2735,7.84,A,15.9
2736,17.14,D,24.46
2737,7.97,A,25.9
2738,19.2,D,26.38
2739,7.35,A,26.91
2740,5.32,A,6.64
2741,8.39,B,9.65
2742,9.93,B,22.45
2743,16.99,D,17.25
2744,21.45,D,19.48
2745,18.84,E,15.3
2746,7.89,A,13.94
2747,10.78,B,9.75
2748,18.25,D,0.4
2749,14.08,C,29.35
2750,13.59,C,28.36
2751,11.49,B,11.12
2752,13.99,C,19.01
2753,7.02,A,1.45
2754,9.75,B,30.03
2755,11.99,C,28.07
2756,9.44,B,9.58
2757,7.91,A,6.94
2758,15.59,C,16.59
2759,13.65,C,19.16
2760,17.99,D,25.16
2761,11.99,C,17.94
2762,15.05,C,30.4
2763,9.49,B,14.67
2764,10.99,B,16.06
2765,9.99,B,28.52
2766,26.3,E,40.2
2767,9.93,B,29.64
2768,13.99,C,13.6
2769,7.21,A,4.29
2770,13.67,C,18.11
2771,5.32,A,18.78
2772,9.99,B,4.41
2773,13.65,C,22.22
2774,17.57,D,9.48
2775,11.36,B,20.27
2776,17.86,D,8.58
2777,11.55,B,29
2778,16.02,C,20.03
2779,20.89,D,26.21
2780,14.99,C,13.51
2781,18.99,D,11.91
2782,10.08,B,19.07
2783,10.99,B,11.76
2784,24.08,F,27.93
2785,9.93,B,5.75
2786,13.99,C,28.4
2787,20.75,E,47.17
2788,12.29,C,34.03
2789,19.92,D,20.05
2790,8.18,B,16.32
2791,9.93,B,9.75
2792,9.49,B,31.78
2793,12.79,C,27.81
2794,16.55,D,12.63
2795,7.21,A,21.05
2796,17.99,D,21.91
2797,12.99,C,11.36
2798,8.59,A,3.92
2799,11.05,B,4.16
2800,10.99,B,23.7
2801,7.34,A,8.76
2802,10.47,B,20.54
2803,11.53,B,9.5
2804,14.08,C,12.81
2805,6.62,A,21.38
2806,18.92,D,32.06
2807,19.19,E,26.82
2808,12.87,C,9.52
2809,6.11,A,9.63
2810,12.73,B,18.91
2811,12.29,C,11.85
2812,10.47,B,8.34
2813,10.42,B,1.42
2814,19.24,E,32.68
2815,18.45,D,22.74
2816,5.32,A,21.42
2817,7.39,A,16.24
2818,10.75,B,32.91
2819,8.9,A,21.98
2820,6.07,A,5.56
2821,11.39,B,16.88
2822,18.99,D,9.63
2823,10.9,B,25.23
2824,13.35,C,31.87
2825,16.02,C,16.58
2826,10.07,B,6.77
2827,7.62,A,15
2828,16.91,C,24.67
2829,10.49,B,6.85
2830,22.2,E,29.96
2831,13.33,C,29.15
2832,9.17,B,30.84
2833,12.69,C,28.1
2834,14.07,C,22.64
2835,11.99,C,23.09
2836,10.49,B,18.73
2837,5.32,A,2.12
2838,17.97,D,4.22
2839,15.05,C,22.89
2840,7.99,A,15.96
2841,13.33,C,19.34
2842,14.99,C,28.64
2843,11.53,B,5.88
2844,15.77,D,9.76
2845,16.02,C,14.6
2846,12.73,B,29.86
2847,19.92,D,30.06
2848,9.17,B,17.61
2849,10.42,B,36.48
2850,16.02,C,20.16
2851,16.99,D,30.09
2852,11.47,B,19.88
2853,23.4,E,13.01
2854,7.89,A,7.68
2855,13.56,C,19.11
2856,8.39,A,13.75
2857,11.49,B,16.96
2858,18.25,E,27.24
2859,12.99,C,8.11
2860,8.24,B,22.7
2861,18.06,D,13.28
2862,29.49,F,3.12
2863,13.59,C,22.69
2864,12.74,C,28.62
2865,11.14,B,20.91
2866,13.33,C,16.59
2867,7.49,A,3.63
2868,6.72,A,19.47
2869,12.62,C,20.13
2870,14.65,C,18.9
2871,26.3,E,28.01
2872,17.57,D,18.59
2873,19.53,D,38.65
2874,7.35,A,21.36
2875,13.99,C,19.83
2876,6.03,A,22.82
2877,11.99,C,7.75
2878,11.53,B,15.2
2879,17.99,D,6.34
2880,14.46,C,12.29
2881,19.52,E,15.96
2882,7.26,A,23.21
2883,6.08,A,16.5
2884,12.79,C,31.1
2885,9.17,B,23.63
2886,10.74,B,21.88
2887,14.99,C,4.53
2888,10.42,B,1.35
2889,9.49,B,8.3
2890,12.62,C,14.69
2891,26.31,E,5.34
2892,20,D,21.34
2893,11.67,B,20.78
2894,14.47,C,15.16
2895,7.35,A,17.13
2896,9.99,B,5.87
2897,12.29,C,23.86
2898,17.99,D,17.84
2899,19.99,D,17.26
2900,17.97,D,8.58
2901,9.49,B,9.57
2902,12.99,C,22.21
2903,19.24,E,28.59
2904,7.89,A,21.17
2905,7.62,A,9.27
2906,14.47,C,37.05
2907,16.99,D,26.43
2908,16.29,D,14.45
2909,7.49,A,10.75
2910,10.75,B,33.31
2911,15.8,C,16.74
2912,11.05,B,18.48
2913,9.44,B,3.47
2914,10.74,B,5.34
2915,9.76,B,27.23
2916,5.32,A,1.62
2917,15.31,C,11.6
2918,16.99,D,33.95
2919,6.24,A,9.63
2920,8.18,B,7.13
2921,16.99,D,9.23
2922,10.33,B,3.22
2923,19.52,E,17.5
2924,6.99,A,10.13
2925,6.97,A,16.69
2926,13.99,C,7.97
2927,12.62,C,25.72
2928,11.44,B,14.95
2929,11.67,B,10.44
2930,10.42,B,36.11
2931,6.99,A,21.64
2932,10.75,B,18.62
2933,17.57,D,2.72
2934,8.19,A,19.52
2935,10.75,B,30.85
2936,19.05,D,10.78
2937,16.99,D,33.45
2938,14.49,C,15.54
2939,15.99,D,3.99
2940,10.15,B,5.97
2941,14.65,C,20.19
2942,10.75,B,20.37
2943,11.99,C,26.21
2944,11.53,B,29.12
2945,11.67,B,20.68
2946,12.99,C,18
2947,6.97,A,27.76
2948,17.86,D,32.85
2949,13.99,C,7.76
2950,21.67,E,28.74
2951,12.29,C,19.58
2952,17.14,D,20.52
2953,14.99,C,22.3
2954,9.17,B,14.16
2955,17.86,D,16.35
2956,10.49,B,12.2
2957,12.29,C,35.71
2958,25.82,E,21.99
2959,11.55,B,36.18
2960,6.71,A,14.99
2961,13.56,C,10.77
2962,5.32,A,17.16
2963,17.97,D,9.25
2964,9.16,B,20.08
2965,15.02,C,27.32
2966,16.2,C,13.68
2967,19.53,D,18.52
2968,14.08,C,18.55
2969,18.25,D,29.74
2970,6.67,A,10.88
2971,11.44,B,18.06
2972,10.47,B,27.93
2973,18.99,D,11.79
2974,17.09,D,34.71
2975,14.99,C,17.54
2976,19.05,D,27.21
2977,11.99,C,18.6
2978,12.69,C,34.44
2979,11.99,B,14.49
2980,8.24,B,13.35
2981,18.25,E,33.75
2982,9.67,B,12.4
2983,9.92,B,16.63
2984,7.99,A,32.35
2985,17.57,D,23.4
2986,11.55,B,3.98
2987,17.09,D,14.4
2988,14.16,C,26.44
2989,13.49,C,1.83
2990,12.69,C,14.54
2991,5.32,A,24.35
2992,17.86,D,18.82
2993,23.7,F,16.56
2994,17.57,D,25.89
2995,7.07,A,14.01
2996,10.99,B,14.03
2997,11.39,B,18.49
2998,12.98,B,9.29
2999,14.99,C,16.68
3000,14.64,C,13.79
3001,16.55,D,36.3
3002,13.49,C,21.12
3003,7.59,A,15.3
3004,7.51,A,10.2
3005,30.79,G,69.8
3006,11.14,B,9.95
3007,10.99,B,12.41
3008,11.49,B,8.71
3009,7.9,A,18.14
3010,13.99,C,19.17
3011,13.33,C,20.54
3012,19.92,D,21.02
3013,6.08,A,7.28
3014,5.32,A,6.46
3015,13.49,C,13.59
3016,7.46,A,3.05
3017,6.99,A,23.15
3018,25.49,E,14.68
3019,17.27,D,23.76
3020,14.46,C,17.16
3021,13.67,C,31.51
3022,6.17,A,0
3023,15.61,D,6.76
3024,10.08,B,15.83
3025,15.99,C,21.22
3026,11.49,B,13.28
3027,16.02,C,0
3028,15.61,C,27.18
3029,6.49,A,6.52
3030,24.74,E,7.04
3031,14.52,C,17.49
3032,17.27,C,17.12
3033,21.99,E,29.35
3034,5.32,A,20.92
3035,8.24,B,19.61
3036,17.47,D,17.7
3037,10.15,B,22.4
3038,12.12,B,33.42
3039,10.99,B,30.92
3040,9.17,B,30.74
3041,7.97,A,34.86
3042,11.55,B,11.45
3043,16.02,C,12.18
3044,19.99,E,26.94
3045,18.99,E,4.89
3046,18.25,E,24.1
3047,24.85,E,16.56
3048,8.81,A,21.15
3049,7.07,A,5.12
3050,16.55,D,19.87
3051,7.89,A,27.93
3052,14.49,C,23.18
3053,9.99,B,20.23
3054,17.09,D,17.81
3055,7.89,A,23.49
3056,12.73,B,11.99
3057,12.35,B,33.87
3058,8.9,A,18.97
3059,17.47,D,22.11
3060,18.45,D,16.15
3061,10.41,B,9.18
3062,7.99,A,21.21
3063,18.49,E,33.19
3064,16.02,C,0.52
3065,12.35,B,29.82
3066,18.24,D,26.83
3067,26.3,E,27.44
3068,12.62,C,13.65
3069,6.99,A,14.96
3070,8.19,A,26.13
3071,7.35,A,8.31
3072,20.89,D,18
3073,11.49,B,28.26
3074,19.05,D,14.66
3075,16.99,D,25.22
3076,14.46,C,18.51
3077,18.25,D,12.38
3078,13.56,C,27.8
3079,10.49,B,14.56
3080,17.57,D,31.1
3081,12.99,C,15.35
3082,8.18,B,32.29
3083,15.02,C,6.95
3084,7.26,A,19.25
3085,7.39,A,12.9
3086,13.56,C,25.41
3087,12.69,C,7.4
3088,10.15,B,17.87
3089,9.17,B,23.53
3090,10.99,B,14.26
3091,14.99,C,11.28
3092,6.83,A,25.39
3093,12.13,B,24.03
3094,7.34,A,20.96
3095,16.01,C,37.42
3096,7.62,A,3.19
3097,10.75,B,34.68
3098,19.99,D,27.51
3099,7.89,A,10.5
3100,16.46,C,11.63
3101,9.44,B,23.23
3102,7.89,A,3.33
3103,12.29,C,29.67
3104,7.69,A,16.11
3105,13.33,C,21.23
3106,15.61,C,22.79
3107,11.49,B,6.98
3108,14.98,C,25.47
3109,6.67,A,11.34
3110,21.7,E,18.91
3111,5.32,A,10.12
3112,17.99,D,14.19
3113,17.09,D,25.1
3114,11.53,B,28.3
3115,15.05,C,28.71
3116,11.99,C,22.52
3117,17.27,D,38.02
3118,22.74,E,19.5
3119,7.34,A,33.44
3120,17.51,E,16.32
3121,15.59,D,20.97
3122,17.57,D,10.72
3123,10.91,B,9.01
3124,10.99,B,31.55
3125,13.49,C,9.75
3126,11.49,B,27.47
3127,5.32,A,11.51
3128,9.17,B,24.39
3129,10.71,B,18.59
3130,12.99,C,32.88
3131,22.74,E,20.12
3132,13.33,C,34.79
3133,10.49,B,17.49
3134,12.29,C,19.25
3135,11.98,B,14.88
3136,15.59,C,14.72
3137,9.75,B,24.45
3138,12.74,C,13.69
3139,6.99,A,13.97
3140,11.55,B,78.53
3141,10.49,B,3.09
3142,11.44,B,22.35
3143,9.16,B,20.16
3144,7.35,A,22
3145,23.99,E,17.1
3146,19.82,G,16.2
3147,16.14,C,6.19
3148,10.75,B,21.24
3149,7.97,A,20.02
3150,27.34,G,28.15
3151,15.31,C,21.86
3152,8.9,A,20.5
3153,13.58,C,18.77
3154,28.69,F,27.72
3155,23.4,E,21.25
3156,16.99,D,23.02
3157,13.11,B,25.44
3158,19.99,E,4.39
3159,16.01,C,22.48
3160,9.49,B,19.34
3161,8.59,A,7.53
3162,16.99,D,26.04
3163,13.35,C,24.4
3164,12.29,C,36.08
3165,13.98,C,18.2
3166,8.24,B,6.9
3167,12.62,C,11.71
3168,11.44,B,11.2
3169,13.65,C,10.62
3170,11.49,B,16.58
3171,16.99,D,12.97
3172,13.49,C,12.86
3173,12.29,C,15.47
3174,19.99,E,18.96
3175,11.31,B,15.08
3176,15.99,D,24.27
3177,17.09,D,43.94
3178,7.89,A,32.64
3179,10.99,B,16.61
3180,15.99,D,35.17
3181,20.99,E,14.17
3182,7.89,A,5.58
3183,11.05,B,2.21
3184,6.49,A,16.18
3185,9.44,B,3.73
3186,21.99,F,22.1
3187,7.21,A,8.06
3188,10.99,B,13.68
3189,13.49,C,16.8
3190,27.27,E,10.8
3191,10.64,B,25.61
3192,13.98,C,26.83
3193,22.06,F,8.69
3194,13.33,C,20.28
3195,24.85,E,9.16
3196,12.13,B,28.52
3197,11.55,B,16.97
3198,7.84,A,10.84
3199,13.33,C,15.04
3200,13.56,C,16.3
3201,27.31,G,38.88
3202,14.99,C,16.67
3203,15.02,C,21.4
3204,18.06,D,12.42
3205,17.97,D,32.27
3206,16.91,C,20.26
3207,17.99,D,16.74
3208,20,D,32.52
3209,14.07,C,22.68
3210,7.26,A,15.3
3211,14.31,C,31.33
3212,16.14,C,9.55
3213,7.49,A,14.04
3214,7.69,A,11.94
3215,13.59,C,7.28
3216,13.56,C,24.14
3217,11.99,B,6.7
3218,8.49,B,28.66
3219,10.16,B,12.61
3220,8.39,A,2.57
3221,15.61,C,27.47
3222,16.24,C,1.13
3223,10.08,B,21.36
3224,11.47,B,17.92
3225,8.46,A,16.08
3226,12.62,C,16.18
3227,13.59,C,13.49
3228,14.49,C,27.59
3229,7.12,A,25.12
3230,13.99,C,14.02
3231,7.21,A,25.01
3232,13.35,C,11.32
3233,12.99,C,25.56
3234,16.99,D,10.34
3235,10.99,B,16.68
3236,17.97,D,20.47
3237,15.99,C,9.49
3238,9.92,B,34.98
3239,5.32,A,6.12
3240,10.99,B,15.67
3241,8.99,B,19.55
3242,14.31,C,5.89
3243,15.31,C,12.81
3244,21.85,D,24.91
3245,7.96,A,16.33
3246,15.22,C,21.02
3247,7.21,A,21.42
3248,9.43,B,37.49
3249,19.19,E,22.46
3250,12.79,C,0.72
3251,6.03,A,29.21
3252,5.32,A,8.72
3253,14.49,C,33.05
3254,7.26,A,29.94
3255,14.98,C,6.38
3256,8.46,A,18.31
3257,10.91,B,13.15
3258,7.97,A,38.64
3259,10.99,B,19.55
3260,16.99,D,32.45
3261,13.99,C,13.47
3262,12.12,B,15.96
3263,7.99,A,15.47
3264,15.8,C,25.28
3265,16.29,D,7.33
3266,21.49,D,22.49
3267,7.89,A,10
3268,9.44,B,7.04
3269,10.42,B,10.47
3270,11.55,B,30.21
3271,17.97,D,30.91
3272,7.21,A,15.75
3273,11.14,B,8.16
3274,27.27,E,25.61
3275,8.18,B,11.54
3276,5.32,A,6.29
3277,16.01,C,26.68
3278,11.99,B,8.72
3279,15.99,D,12.57
3280,16.91,C,17.17
3281,7.21,A,15.94
3282,19.99,D,14.71
3283,11.14,B,3.2
3284,25.89,G,7.42
3285,7.89,A,25.47
3286,7.46,A,19.16
3287,12.74,C,14.66
3288,15.31,C,15.45
3289,7.97,A,10.02
3290,10.9,B,22.45
3291,12.12,B,18.71
3292,6.24,A,14.38
3293,19.99,D,3.3
3294,24.85,E,5.77
3295,18.24,D,7.72
3296,6.03,A,16.02
3297,7.99,A,21.71
3298,18.45,D,8.38
3299,7.34,A,24.36
3300,11.99,C,12.89
3301,17.09,D,11.19
3302,8.24,B,29.58
3303,8.59,A,7.29
3304,17.27,C,24.86
3305,10.41,B,9.71
3306,16.99,D,22.96
3307,11.47,B,19.83
3308,9.58,B,19.51
3309,15.05,C,7.08
3310,17.57,D,17.81
3311,14.07,C,16.8
3312,8.18,B,16.52
3313,6.39,A,32.63
3314,18.99,D,14
3315,12.74,C,20.49
3316,7.56,A,16.57
3317,6.03,A,13.36
3318,18.06,D,12.23
3319,7.49,A,11.87
3320,13.33,C,13.08
3321,5.32,A,21.15
3322,16.55,D,18.95
3323,15.61,D,38.34
3324,7.62,A,26.88
3325,7.84,A,11.03
3326,6.67,A,15
3327,10.47,B,12.81
3328,15.31,C,10.66
3329,15.8,C,19.3
3330,12.49,B,6.6
3331,10.42,B,22.63
3332,16.2,C,14.4
3333,28.72,F,62.1
3334,8.9,A,16.83
3335,17.76,D,20.4
3336,7.62,A,5.5
3337,12.59,C,14.78
3338,21.48,E,13.37
3339,9.44,B,11.33
3340,7.21,A,12.87
3341,16.55,D,10.29
3342,6.68,A,30.35
3343,16.99,D,18.4
3344,12.99,C,13.35
3345,11.49,B,25.46
3346,11.55,B,13.93
3347,18.94,D,35.79
3348,18.25,D,37.96
3349,7.46,A,21.07
3350,13.33,C,9.98
3351,13.99,C,19.54
3352,16.77,D,12.89
3353,16.99,D,11.96
3354,8.18,B,19.62
3355,18.99,D,11.65
3356,7.84,A,24.78
3357,5.32,A,14.74
3358,10.91,B,15.89
3359,5.32,A,17.63
3360,12.99,C,33.35
3361,12.99,C,11.74
3362,9.49,B,15.83
3363,16.55,D,4.17
3364,7.84,A,6.09
3365,7.69,A,9.95
3366,11.47,B,17.52
3367,25.34,E,9.08
3368,11.99,B,5.8
3369,13.99,C,27.41
3370,18.99,D,15.43
3371,13.56,C,20.37
3372,11.99,B,10.42
3373,21.97,E,25.89
3374,5.32,A,10.44
3375,12.29,C,21.68
3376,25.8,G,14.76
3377,18.06,D,26.48
3378,17.97,D,6.67
3379,19.99,E,20.02
3380,14.16,C,15.98
3381,6.92,A,24.9
3382,10.99,B,16.57
3383,14.99,C,16.38
3384,13.98,C,18.39
3385,12.29,C,13.19
3386,9.99,B,10.34
3387,9.44,B,18.98
3388,14.08,C,20.62
3389,20.89,D,42.39
3390,5.32,A,22.26
3391,7.46,A,16.05
3392,10.75,B,28.28
3393,13.11,B,18.12
3394,5.31,A,2.72
3395,11.99,B,10.24
3396,15.99,C,28.39
3397,16.01,C,20.76
3398,7.91,A,18.84
3399,18.99,D,12.14
3400,11.49,B,12.57
3401,9.49,B,19.81
3402,17.99,D,18.22
3403,13.59,C,7.32
3404,12.73,B,3.45
3405,5.32,A,23.13
3406,15.31,C,7.74
3407,10.99,B,15.24
3408,30.17,F,0
3409,11.8,B,29.84
3410,12.62,C,8.06
3411,15.1,C,24.67
3412,9.92,B,15.3
3413,17.57,D,28
3414,6.97,A,20
3415,15.02,C,26.91
3416,26.31,E,6.34
3417,20.39,D,36.86
3418,9.99,B,4.26
3419,6.72,A,14.09
3420,10.42,B,25.42
3421,14.46,C,16.92
3422,18.45,D,32.12
3423,11.05,B,15.13
3424,5.32,A,10.04
3425,10.72,B,8.27
3426,12.79,C,18.87
3427,16.29,D,5.43
3428,18.75,D,15.67
3429,11.39,B,5.12
3430,25.82,E,28.25
3431,11.47,B,21.71
3432,14.16,C,15.28
3433,9.17,B,17.47
3434,13.66,C,22.21
3435,10.72,B,14.31
3436,9.17,B,15.12
3437,24.85,E,24.24
3438,9.49,B,23.38
3439,14.65,C,28.7
3440,15.04,C,19.09
3441,17.27,C,20
3442,19.92,D,5.13
3443,16.99,D,9.93
3444,15.61,D,11.64
3445,11.99,C,5.39
3446,12.98,B,19.14
3447,11.99,B,7.41
3448,6.67,A,12.31
3449,8.81,A,15.28
3450,9.17,B,10.55
3451,18.25,D,10.07
3452,11.86,D,13.8
3453,14.99,C,27.03
3454,18.25,D,11.5
3455,6.19,A,31.12
3456,8.24,B,16.67
3457,11.44,B,11.34
3458,10.9,B,14.2
3459,12.74,C,26.07
3460,22.74,E,19.57
3461,5.32,A,16.86
3462,21.7,E,15.25
3463,18.75,D,16.69
3464,19.42,D,21.2
3465,11.99,B,10.98
3466,22.99,F,2.1
3467,12.29,C,28.93
3468,7.02,A,15.02
3469,17.86,D,16.72
3470,9.44,B,12.09
3471,9.44,B,15.78
3472,6.89,A,11.5
3473,12.13,B,20.6
3474,7.62,A,24.8
3475,14.49,C,6.52
3476,18.84,E,25.16
3477,11.05,B,11.75
3478,14.33,C,10.89
3479,22.35,D,11.32
3480,12.74,C,10.34
3481,19.53,D,25.4
3482,11.99,C,4.63
3483,11.49,B,29.12
3484,8.24,B,17.89
3485,11.99,B,10.9
3486,19.99,D,34.13
3487,13.99,C,7.66
3488,13.33,C,15.63
3489,22.39,E,25.4
3490,15.02,C,4.05
3491,15.61,D,12.97
3492,11.44,B,16.19
3493,8.46,A,6.66
3494,20,D,104.24
3495,11.49,B,9.84
3496,10.33,B,28.26
3497,12.79,C,8.13
3498,13.06,C,19.62
3499,26.49,F,13.91
3500,12.62,C,14.24
3501,14.33,C,2.22
3502,6.97,A,6.24
3503,7.9,A,10.86
3504,11.49,B,12.27
3505,13.99,C,22.79
3506,14.08,C,7.75
3507,9.92,B,0
3508,16.2,C,12.26
3509,13.56,C,22.49
3510,13.59,C,15.13
3511,14.46,C,45.94
3512,10.41,B,22.46
3513,11.05,B,25.02
3514,10.99,B,16.88
3515,15.99,C,12.52
3516,15.31,C,13.07
3517,7.89,A,26.4
3518,6.67,A,25.44
3519,9.75,B,24.65
3520,12.59,C,15.82
3521,13.99,C,28.87
3522,9.17,B,25.83
3523,7.35,A,20.71
3524,11.44,B,14.77
3525,13.99,C,20.15
3526,22.74,E,27.87
3527,11.98,B,22.01
3528,15.05,C,7.83
3529,11.98,B,13.63
3530,9.99,B,26.09
3531,18.24,D,25.49
3532,5.32,A,20.67
3533,16.29,C,16.18
3534,14.33,C,19.89
3535,12.74,C,23.42
3536,14.99,C,30.95
3537,12.99,C,29.11
3538,8.19,A,22.24
3539,14.49,C,14.37
3540,14.65,C,19.4
3541,8.18,B,11.91
3542,11.55,B,16.7
3543,13.59,C,15.5
3544,17.27,C,12.8
3545,10.33,B,6.77
3546,8.99,B,12.62
3547,7.97,A,5.71
3548,8.67,B,21.54
3549,19.99,D,20.17
3550,5.31,A,20.01
3551,10.07,B,18.59
3552,13.99,C,21.65
3553,16.91,C,18.77
3554,19.89,E,18.59
3555,26.3,E,32.09
3556,15.05,C,21.23
3557,14.49,C,20.91
3558,17.99,D,7.04
3559,17.14,D,21.21
3560,13.99,C,17.16
3561,7.46,A,17.4
3562,10.99,B,12.05
3563,14.33,C,34.65
3564,11.14,B,14.85
3565,18.49,D,6.35
3566,10.99,B,27.97
3567,20.31,D,25.66
3568,13.98,C,26.84
3569,14.3,C,13.73
3570,12.59,C,21.87
3571,7.35,A,10.55
3572,16.29,C,11.31
3573,11.49,B,18.63
3574,11.55,B,15.24
3575,23.99,E,20.55
3576,8.08,A,10.67
3577,9.99,B,27.09
3578,22.45,F,23.19
3579,11.47,B,24.34
3580,14.99,C,22.71
3581,6.99,A,11.68
3582,18.94,D,38.87
3583,8.81,A,23.42
3584,19.92,D,30.36
3585,19.99,D,27.5
3586,11.99,B,26.47
3587,12.73,B,9.54
3588,23.43,F,28.05
3589,12.62,C,15.96
3590,7.26,A,32
3591,13.65,C,22.22
3592,13.49,C,9.97
3593,6.99,A,11.53
3594,17.47,D,15.33
3595,16.02,C,23.07
3596,11.14,B,26.55
3597,12.12,B,19.14
3598,9.17,B,25.09
3599,20.39,D,13.06
3600,17.57,D,32.46
3601,10.99,B,15.78
3602,11.06,B,26.09
3603,23.43,F,12.19
3604,14.46,C,32.65
3605,15.61,D,20.33
3606,25.8,G,8.27
3607,25.82,E,31.65
3608,11.99,B,24.91
3609,11.55,B,40.64
3610,18.55,E,11.77
3611,25.81,E,15.48
3612,15.31,C,39.94
3613,7.89,A,13.02
3614,10.74,B,7.73
3615,18.25,E,31.28
3616,13.59,C,9.95
3617,7.21,A,4.74
3618,8.9,A,11.88
3619,8.18,B,18.31
3620,10.64,B,15
3621,10.75,B,18.31
3622,7.91,A,9.39
3623,9.75,B,5.09
3624,9.49,B,25.39
3625,18.2,E,15.06
3626,6.07,A,23.22
3627,24.5,F,26.22
3628,12.62,C,32.41
3629,9.99,B,9.46
3630,12.74,C,17.2
3631,6.46,A,15.23
3632,11.47,B,22.66
3633,14.49,C,26.97
3634,11.53,B,18.38
3635,22.45,E,34.37
3636,9.44,B,39.74
3637,17.57,D,26.75
3638,7.84,A,37.5
3639,10.75,B,33.01
3640,8.67,B,14.75
3641,6.62,A,7.53
3642,17.09,D,28.96
3643,11.99,B,19.76
3644,11.39,B,22.5
3645,14.47,C,17.75
3646,12.29,C,13.14
3647,18.94,D,4.67
3648,9.75,B,13.8
3649,14.47,C,21.6
3650,6.97,A,30.05
3651,9.17,B,25.66
3652,25.57,F,26.2
3653,15.61,C,25.82
3654,19.92,D,33.33
3655,12.74,C,4.1
3656,7.59,A,9.97
3657,10.99,B,12.63
3658,10.75,B,31.63
3659,7.62,A,19.95
3660,13.44,C,26.54
3661,10.75,B,24.06
3662,15.02,C,36.78
3663,7.35,A,13.83
3664,12.69,C,15.01
3665,16.55,D,18.16
3666,12.74,C,18.43
3667,15.05,C,12.68
3668,20.2,E,17.19
3669,13.66,C,20.03
3670,7.39,A,14.11
3671,12.74,C,18.62
3672,11.55,B,9.99
3673,11.99,C,17.79
3674,14.46,C,13.64
3675,15.59,C,29.22
3676,10.72,B,12.7
3677,15.02,C,28.77
3678,20.39,D,32.37
3679,12.69,C,28.43
3680,14.98,C,19.31
3681,14.33,C,12.13
3682,8.39,B,10.88
3683,15.49,C,15.48
3684,21.99,F,8.18
3685,18.25,E,20.76
3686,8.24,B,24.08
3687,9.93,B,18.19
3688,12.05,C,10.82
3689,12.69,C,31.01
3690,7.49,A,23
3691,9.17,B,16.06
3692,15.05,C,34.04
3693,16.14,C,19.64
3694,19.99,E,19.4
3695,14.47,C,16.68
3696,17.09,D,10.53
3697,15.61,C,17.6
3698,12.99,C,27.17
3699,15.22,C,13.32
3700,10.56,B,18.46
3701,14.85,C,20.84
3702,10.99,B,19.23
3703,10.42,B,20.15
3704,6.49,A,8.41
3705,13.99,C,14.86
3706,13.99,C,25.02
3707,15.02,C,55.52
3708,9.16,B,29.93
3709,7.96,A,20.07
3710,18.25,E,11.76
3711,17.97,D,28.8
3712,9.93,B,15.9
3713,10.07,B,13.64
3714,21.49,D,23.7
3715,7.84,A,9.82
3716,14.46,C,21.03
3717,19.52,E,24.39
3718,16.99,D,22.41
3719,11.99,C,11.23
3720,15.59,D,10.94
3721,14.49,C,32.47
3722,21.45,D,0.5
3723,16.29,D,15.29
3724,16.02,C,18.6
3725,10.08,B,16.89
3726,18.94,D,6.1
3727,14.46,C,37.14
3728,5.32,A,7.59
3729,6.62,A,16.29
3730,14.99,C,39.79
3731,10.99,B,25.83
3732,11.49,B,4.63
3733,17.99,D,14.72
3734,5.42,A,15.65
3735,19.19,E,25.61
3736,19.42,D,31.76
3737,11.06,B,10.72
3738,15.7,D,21.73
3739,14.65,C,25.92
3740,15.59,C,3.04
3741,5.32,A,0.34
3742,6.99,A,11.71
3743,13.67,C,13.38
3744,12.13,B,16.09
3745,17.47,D,23.21
3746,7.9,A,8.99
3747,9.49,B,14.31
3748,13.67,C,38.65
3749,10.56,B,6.34
3750,12.74,C,33.94
3751,12.99,B,14.1
3752,27.31,G,20.18
3753,11.99,B,3.14
3754,17.97,D,11.62
3755,8.24,B,14.42
3756,7.46,A,13.18
3757,13.67,C,29.13
3758,10.91,B,16.2
3759,19.92,D,36.25
3760,7.89,A,21.55
3761,13.33,C,8.46
3762,8.18,B,14.98
3763,13.53,B,31.49
3764,13.33,C,16.46
3765,20.5,E,34.38
3766,12.69,C,16.99
3767,6.71,A,10.44
3768,13.59,C,7.58
3769,9.44,B,20.76
3770,6.07,A,16.34
3771,16.99,D,11.53
3772,6.72,A,9.65
3773,11.49,B,7.84
3774,9.17,B,27.44
3775,8.46,A,12.28
3776,13.53,B,27.49
3777,12.99,C,34.75
3778,9.99,B,20.96
3779,15.05,C,20.96
3780,7.89,A,8.31
3781,14.47,C,28.44
3782,23.4,E,38.46
3783,8.39,B,18.41
3784,16.02,C,10.71
3785,12.39,C,28.27
3786,8.39,B,13.27
3787,22.39,E,7.65
3788,7.89,A,14.99
3789,18.25,D,19.61
3790,5.32,A,13.91
3791,10.08,B,16.4
3792,14.47,C,30.56
3793,26.06,F,16.53
3794,8.99,B,2.76
3795,6.89,A,22.2
3796,11.39,B,28.28
3797,10.36,B,13.94
3798,20,D,17.73
3799,12.79,C,17.79
3800,6.11,A,17.3
3801,24.49,E,4.47
3802,12.99,C,8.59
3803,14.46,C,24.77
3804,21.18,E,43.82
3805,13.11,B,15.84
3806,17.57,D,20.61
3807,15.31,C,29.33
3808,16.91,C,12.34
3809,7.97,A,30.56
3810,9.44,B,7.16
3811,6.39,A,13.99
3812,6.83,A,16.61
3813,7.46,A,25.72
3814,19.92,D,37.5
3815,13.56,C,33.95
3816,12.12,B,23.66
3817,15.31,C,9.06
3818,11.49,B,22.62
3819,14.09,B,10.56
3820,5.42,A,1.06
3821,12.39,C,6.72
3822,18.25,D,25.59
3823,24.84,E,17.84
3824,7.89,A,8.05
3825,9.44,B,22.28
3826,5.32,A,3.94
3827,13.49,C,20.26
3828,17.86,D,27.55
3829,15.99,C,19.17
3830,9.17,B,15.51
3831,12.62,C,23.05
3832,12.59,C,28.13
3833,15.31,C,22.06
3834,15.05,C,15.59
3835,6.99,A,13.73
3836,15.49,C,22.56
3837,13.59,C,23.47
3838,6.03,A,3.43
3839,10.99,B,25.66
3840,30.75,F,30.59
3841,8.67,B,20.41
3842,28.72,F,43.06
3843,14.33,C,13.12
3844,16.99,D,22.45
3845,16.99,D,19.19
3846,18.55,E,20.12
3847,6.99,A,17.81
3848,10.99,B,17.37
3849,9.92,B,20.63
3850,8.19,A,23.61
3851,12.39,C,21.76
3852,10.9,B,3.31
3853,14.49,C,26.73
3854,11.98,B,22.56
3855,23.88,E,68.48
3856,8.38,B,32.84
3857,10.56,B,30.1
3858,7.62,A,4.23
3859,6.39,A,26.62
3860,26.99,G,6.69
3861,6.11,A,16.13
3862,6.92,A,21.65
3863,10.99,B,20.63
3864,20.89,F,24.9
3865,14.47,C,89.53
3866,20,D,33.16
3867,22.35,D,10.78
3868,14.31,C,23.24
3869,18.25,E,27.39
3870,9.99,B,9.52
3871,9.93,B,30.16
3872,11.53,B,34.56
3873,16.29,C,22.96
3874,30.75,F,33.19
3875,17.57,D,26.02
3876,30.99,G,30.59
3877,8.99,B,20.59
3878,16.55,D,5.97
3879,18.45,D,23.76
3880,6.89,A,12.5
3881,7.99,A,26.07
3882,11.44,B,20.66
3883,13.99,C,32.48
3884,14.99,C,17.44
3885,15.61,C,25.32
3886,11.67,B,20.23
3887,14.31,C,23.12
3888,16.99,D,20.56
3889,12.74,C,19.03
3890,16.99,D,20.33
3891,18.49,D,10.24
3892,28.72,F,22.87
3893,17.09,D,24.24
3894,7.96,A,42.28
3895,18.2,E,32.03
3896,16.55,D,22.22
3897,14.99,C,5.71
3898,10.99,B,17.12
3899,14.99,C,9.89
3900,13.67,C,11.26
3901,10.42,B,19.42
3902,20.99,E,28.66
3903,13.53,B,15
3904,14.08,C,22.3
3905,11.44,B,11.3
3906,19.99,D,10.2
3907,24.84,E,30
3908,7.21,A,2.28
3909,19.92,D,23.09
3910,11.99,B,15.73
3911,9.75,B,21.34
3912,15.31,C,5.13
3913,16.14,C,23.93
3914,7.89,A,20.72
3915,10.47,B,13.02
3916,5.31,A,11.95
3917,18.99,D,25.39
3918,16.55,D,11.21
3919,11.99,C,17.6
3920,8.18,B,18.83
3921,23.13,F,16.2
3922,12.73,B,12.09
3923,17.99,D,13.42
3924,16.29,D,23.86
3925,18.99,D,21.38
3926,18.2,E,36.59
3927,13.67,C,25.55
3928,6.72,A,8.1
3929,5.32,A,13.34
3930,15.05,C,14.93
3931,9.99,B,27.32
3932,12.62,C,15.24
3933,16.29,C,27.04
3934,7.89,A,21.09
3935,11.55,B,28.38
3936,13.49,C,26.85
3937,8.99,B,5.49
3938,12.62,C,29.11
3939,12.73,B,5.02
3940,12.29,C,19.01
3941,19.03,D,13.25
3942,19.42,D,31.71
3943,6.67,A,25.14
3944,11.99,B,8.52
3945,12.79,C,13.59
3946,16.99,D,24.36
3947,10.47,B,26.06
3948,23.99,E,25.29
3949,10.42,B,3.22
3950,18.99,D,5.74
3951,16.55,D,12.8
3952,11.49,B,12.22
3953,17.09,D,20.27
3954,14.33,C,23.47
3955,8.19,A,26.64
3956,5.32,A,6.06
3957,13.59,C,13.52
3958,14.99,C,23.38
3959,13.49,C,27.02
3960,14.08,C,21.55
3961,12.29,C,27.01
3962,16.55,D,21.09
3963,16.14,C,29.76
3964,15.49,C,28.57
3965,11.99,B,54.61
3966,6.68,A,17.13
3967,13.67,C,11.4
3968,8.67,B,10.12
3969,11.49,B,24.08
3970,11.99,C,24.6
3971,7.84,A,6.18
3972,13.05,B,15.88
3973,11.98,B,18.38
3974,18.99,D,21.03
3975,12.62,C,20.81
3976,23.99,F,13.05
3977,10.99,B,34.4
3978,14.31,C,20.54
3979,12.99,C,25.44
3980,7.35,A,5.9
3981,19.52,E,13.86
3982,13.58,C,19.74
3983,11.49,B,17.56
3984,23.99,E,25.05
3985,16.99,D,16.48
3986,14.47,C,26.67
3987,6.19,A,15.25
3988,9.76,B,27.58
3989,11.99,B,7.85
3990,7.89,A,10.47
3991,11.99,B,38.81
3992,16.02,C,37.21
3993,7.35,A,5.08
3994,21.67,E,4.2
3995,22.35,D,14.55
3996,10.91,B,3.19
3997,11.49,B,22.6
3998,10.99,B,35.58
3999,7.07,A,12.84
4000,16.55,D,29.34
4001,6.11,A,3.08
4002,23.33,F,21.04
4003,7.21,A,11.35
4004,14.99,C,12.96
4005,8.9,A,17.74
4006,18.94,D,37.13
4007,18.92,D,24.36
4008,15.49,C,19.62
4009,11.47,B,31.03
4010,12.62,C,19.38
4011,7.89,A,13.41
4012,12.49,B,24.67
4013,11.99,B,9.93
4014,19.52,E,16.15
4015,5.32,A,12.05
4016,21.6,E,20.59
4017,14.16,C,15.98
4018,7.39,A,6.15
4019,9.75,B,23.71
4020,13.59,C,24.56
4021,11.44,B,8.62
4022,15.61,D,10.22
4023,17.86,D,13.1
4024,18.06,D,22.06
4025,7.02,A,30.49
4026,10.91,B,22.04
4027,14.08,C,17.49
4028,13.99,C,20.16
4029,9.43,B,21.87
4030,13.56,C,18.18
4031,21.85,D,33.89
4032,26.31,E,15.57
4033,16.02,C,23.07
4034,7.39,A,29.81
4035,14.98,C,8.55
4036,18.99,D,32.83
4037,5.32,A,14.28
4038,15.31,C,41.63
4039,9.44,B,11.81
4040,6.07,A,13.55
4041,12.74,C,9.79
4042,18.25,D,16.14
4043,11.99,B,9.52
4044,13.98,C,7.62
4045,12.29,C,32.14
4046,13.59,C,18.28
4047,5.32,A,14.13
4048,16.99,D,23.6
4049,21.48,E,17.89
4050,14.09,B,27.44
4051,24.89,G,13.2
4052,11.44,B,25.88
4053,10.47,B,15.02
4054,9.17,B,10.33
4055,6.89,A,16.52
4056,12.29,C,13.1
4057,7.84,A,17.66
4058,6.07,A,9.17
4059,13.56,C,37.36
4060,6.46,A,4.61
4061,7.24,A,7.99
4062,5.42,A,22.31
4063,17.47,D,17.96
4064,13.67,C,7.65
4065,16.99,D,35.15
4066,16.02,C,13.05
4067,8.9,A,24.51
4068,16.99,D,22.57
4069,24.37,E,34.46
4070,13.59,C,10.21
4071,19.52,D,23.97
4072,21,E,24.12
4073,12.99,B,14.57
4074,10.91,B,26.98
4075,9.75,B,20.54
4076,13.99,C,21.2
4077,7.35,A,16.11
4078,13.99,C,28.76
4079,8.19,A,29.48
4080,19.99,D,30.46
4081,6.08,A,29.51
4082,22.47,E,9.04
4083,6.49,A,3.05
4084,19.52,E,21.72
4085,8.6,A,14.35
4086,12.39,C,20.66
4087,9.16,B,10.67
4088,9.49,B,3.19
4089,10.99,B,25.76
4090,7.9,A,8.4
4091,6.08,A,12.31
4092,10.49,B,22.14
4093,18.94,D,26.52
4094,9.49,B,5.55
4095,16.14,C,25.65
4096,13.99,C,19.72
4097,7.99,A,12.87
4098,14.47,C,37.87
4099,7.26,A,13.16
4100,7.9,A,8.39
4101,17.97,D,22.58
4102,19.19,E,18.97
4103,25.34,E,19.03
4104,17.97,D,13.56
4105,17.99,D,5.05
4106,23.4,E,8.4
4107,11.99,B,34.84
4108,13.59,C,34.51
4109,13.49,C,19.47
4110,15.61,C,11.37
4111,14.3,C,16.27
4112,14.47,C,34.1
4113,13.99,C,6.34
4114,14.47,C,7.54
4115,13.49,C,2.05
4116,10.33,B,18.27
4117,7.97,A,13.96
4118,22.35,D,12.83
4119,10.42,B,15.28
4120,14.99,C,13.46
4121,9.75,B,17.14
4122,18.55,D,22.64
4123,13.49,C,31.33
4124,12.62,C,17.61
4125,17.77,D,14.4
4126,11.06,B,8.42
4127,12.99,C,35.87
4128,5.32,A,13.46
4129,14.31,C,23.35
4130,11.99,C,26.5
4131,17.47,D,26.74
4132,9.93,B,11.71
4133,17.09,D,19.51
4134,13.98,C,27.66
4135,6.19,A,34.9
4136,9.99,B,12.57
4137,14.33,C,15.58
4138,19.47,D,17.03
4139,13.59,C,12.55
4140,14.08,C,33.14
4141,13.67,C,33
4142,10.99,B,31.9
4143,6.24,A,22.65
4144,12.39,C,19.46
4145,7.21,A,9.2
4146,12.62,C,14.84
4147,10.75,B,14.65
4148,6.49,A,19.54
4149,24.7,G,14.52
4150,11.44,B,18.64
4151,11.49,B,22.15
4152,18.25,D,17.08
4153,18.99,D,7.58
4154,14.33,C,16.85
4155,11.49,B,29.69
4156,11.99,B,19.62
4157,15.61,D,21.56
4158,7.69,A,30.36
4159,13.98,C,10.52
4160,14.08,C,8.59
4161,14.46,C,18.08
4162,14.99,C,28.67
4163,15.61,D,20.33
4164,12.99,C,21.1
4165,11.55,B,15.19
4166,11.31,B,43.9
4167,19.99,E,9.32
4168,13.99,C,17.56
4169,14.07,C,30.85
4170,13.56,C,11.69
4171,17.57,D,9.17
4172,19.03,D,24.35
4173,5.32,A,13.16
4174,11.49,B,12.45
4175,5.32,A,21.81
4176,9.75,B,17.4
4177,9.99,B,8.17
4178,5.32,A,13.6
4179,26.77,E,16.27
4180,7.99,A,12.64
4181,23.7,F,26.25
4182,28.72,F,27.64
4183,26.3,E,34.46
4184,11.67,B,20.04
4185,14.46,C,20.43
4186,7.89,A,21.95
4187,11.53,B,17.46
4188,7.46,A,25.11
4189,12.74,C,16.35
4190,16.29,D,21.63
4191,6.71,A,28.33
4192,14.47,C,8
4193,12.29,C,23.73
4194,18.99,E,31.08
4195,12.79,C,25.03
4196,8.46,A,10.78
4197,10.99,B,24.53
4198,6.03,A,3.69
4199,10.08,B,14.6
4200,22.35,D,12.72
4201,15.02,C,23.34
4202,12.62,C,26.73
4203,11.99,B,27.55
4204,14.08,C,25.95
4205,13.11,B,22.96
4206,9.93,B,22.86
4207,13.33,C,36.14
4208,15.05,C,20.94
4209,12.99,B,17.45
4210,13.99,C,15.56
4211,18.25,D,35.3
4212,22.74,E,27.79
4213,10.08,B,29.69
4214,13.99,C,22.66
4215,9.93,B,18.8
4216,12.69,B,17.66
4217,5.32,A,11.48
4218,11.44,B,16.55
4219,25.82,E,28.05
4220,13.99,C,30.8
4221,12.85,B,1.32
4222,21.97,E,25.49
4223,10.99,B,30.6
4224,10.49,B,33.86
4225,10.42,B,11.95
4226,8.99,B,10.74
4227,12.74,C,22.34
4228,16.91,C,3.44
4229,6.03,A,17.03
4230,5.32,A,19.29
4231,19.99,E,35.07
4232,6.07,A,18.83
4233,9.76,B,11.8
4234,10.56,B,28.64
4235,10.56,B,31.14
4236,8.19,A,14.84
4237,12.99,C,16.71
4238,8.39,A,29.27
4239,8.39,B,16.16
4240,9.16,B,15.06
4241,7.39,A,8.57
4242,12.99,C,9.56
4243,13.49,C,24.41
4244,13.56,C,19.8
4245,5.32,A,11.21
4246,6.11,A,21.55
4247,11.55,B,13.99
4248,9.17,B,14.57
4249,13.99,C,1.84
4250,16.29,D,31.77
4251,18.99,D,20.25
4252,21.15,E,6.33
4253,10.99,B,15.52
4254,12.61,C,21.07
4255,11.39,B,25.76
4256,10.42,B,11.32
4257,16.99,D,18.48
4258,12.73,B,26.67
4259,8.24,B,14.99
4260,7.84,A,11.72
4261,10.91,B,14.28
4262,18.06,D,5.12
4263,12.59,C,11.36
4264,8.67,B,29.36
4265,13.99,C,21.23
4266,6.67,A,7.85
4267,11.99,B,16.74
4268,7.84,A,77.12
4269,14.08,C,11.39
4270,19.99,E,27.3
4271,9.17,B,31.59
4272,5.31,A,15.7
4273,15.22,C,32.03
4274,13.18,C,31.06
4275,8.46,A,16.9
4276,15.99,C,26.05
4277,10.08,B,20.57
4278,13.66,C,29.22
4279,22.74,E,23.12
4280,10.08,B,10.27
4281,16.02,C,24.94
4282,14.3,C,10.78
4283,9.99,B,10.41
4284,8.39,A,16.22
4285,12.29,C,10.62
4286,16.99,D,33.55
4287,14.08,C,18.96
4288,12.79,C,19.83
4289,10.99,B,10.43
4290,15.31,C,22.4
4291,12.73,B,10.04
4292,11.39,B,24.34
4293,9.17,B,23.61
4294,16.99,D,10.16
4295,10.91,B,18.26
4296,6.11,A,9.88
4297,13.49,C,29.76
4298,5.32,A,3.69
4299,13.59,C,25.06
4300,13.49,C,24.57
4301,7.69,A,14.79
4302,11.99,B,10.71
4303,8.18,B,11.01
4304,13.49,C,15.54
4305,20.75,E,35.95
4306,5.32,A,19.38
4307,10.42,B,17.39
4308,12.12,B,12.74
4309,17.97,D,28.14
4310,9.75,B,21.86
4311,11.49,B,18.86
4312,14.46,C,29.68
4313,12.62,C,20.56
4314,11.49,B,24.59
4315,16.91,C,27.28
4316,17.57,D,12.89
4317,18.06,D,21.15
4318,14.03,C,25.85
4319,11.48,B,21.48
4320,11.47,B,21.71
4321,15.05,C,19.93
4322,18.06,D,11.86
4323,20,D,25
4324,16.14,C,35.78
4325,14.99,C,15.73
4326,14.49,C,21.6
4327,7.99,A,17.11
4328,15.8,C,8.29
4329,17.47,D,16.56
4330,13.35,C,26.48
4331,12.79,C,25.57
4332,18.99,D,22.03
4333,19.99,E,13.12
4334,20.49,E,18.14
4335,12.59,C,27.35
4336,14.08,C,18.28
4337,10.99,B,14.01
4338,12.29,C,7.69
4339,10.99,B,19.58
4340,11.53,B,11.31
4341,13.59,C,12.19
4342,15.59,C,16.51
4343,12.13,B,23.09
4344,10.08,B,14.1
4345,11.99,B,16.15
4346,7.35,A,9.64
4347,16.02,C,10.91
4348,22.95,F,12.68
4349,14.65,C,19.64
4350,11.99,B,16.16
4351,11.55,B,16.55
4352,5.32,A,24.24
4353,9.58,B,1.06
4354,19.99,D,33.36
4355,10.99,B,12.14
4356,14.99,C,14.25
4357,16.55,D,17.33
4358,12.79,C,30.03
4359,16.49,D,17
4360,19.42,D,32.42
4361,10.91,B,24.22
4362,12.99,C,13.09
4363,18.99,D,14.42
4364,10.41,B,30.32
4365,13.49,C,11.38
4366,12.69,C,23.15
4367,6.49,A,13.24
4368,13.49,C,37.95
4369,6.67,A,14.98
4370,9.16,B,25.9
4371,9.99,B,16.65
4372,14.49,C,5.88
4373,12.13,B,37.54
4374,15.31,C,21.63
4375,10.91,B,24.01
4376,7.96,A,13.9
4377,11.48,B,10.94
4378,7.69,A,16.55
4379,17.19,E,22.27
4380,16.46,C,12.94
4381,13.61,C,8.4
4382,11.49,B,28.76
4383,14.08,C,9.4
4384,7.56,A,9.74
4385,8.24,B,18.09
4386,13.99,C,27.48
4387,12.99,C,18.11
4388,18.06,D,61.03
4389,13.49,C,8.93
4390,10.42,B,13.92
4391,22.35,D,29.61
4392,5.32,A,6.54
4393,16.24,C,19.84
4394,12.73,B,38.95
4395,6.08,A,29.38
4396,15.05,C,24.75
4397,17.27,D,22.54
4398,17.99,D,19.89
4399,15.04,C,12.33
4400,11.44,B,5.3
4401,14.08,C,23.82
4402,7.99,A,7.48
4403,11.99,B,12.48
4404,9.17,B,15.02
4405,6.39,A,21.93
4406,10.49,B,17.89
4407,16.55,D,20.77
4408,15.61,C,11.7
4409,16.14,C,16.36
4410,7.84,A,11.91
4411,16.02,C,23.67
4412,18.06,D,32.28
4413,7.56,A,13.39
4414,7.89,A,12.49
4415,6.11,A,7.18
4416,12.99,C,10.77
4417,23.88,E,28.49
4418,13.56,C,7.2
4419,15.22,C,3.1
4420,12.29,C,15.16
4421,12.99,C,23.72
4422,7.89,A,8.21
4423,14.64,C,6.5
4424,7.35,A,3.74
4425,8.19,A,14.41
4426,14.49,C,25.54
4427,15.05,C,22.29
4428,9.92,B,17.58
4429,10.99,B,8.65
4430,11.44,B,23.75
4431,7.24,A,11.6
4432,22.99,F,15.45
4433,10.99,B,20.49
4434,23.13,F,31.41
4435,14.49,C,33.46
4436,5.32,A,11.22
4437,29.99,F,29.76
4438,16.29,C,15.86
4439,10.47,B,9.96
4440,13.67,C,18.6
4441,12.99,C,2.9
4442,26.77,E,31.3
4443,19.99,D,20.61
4444,7.69,A,21.34
4445,6.03,A,5.36
4446,15.59,C,21.41
4447,6.71,A,35.16
4448,13.59,C,14.01
4449,11.44,B,18.95
4450,6.24,A,9.18
4451,14.08,C,5.56
4452,6.08,A,12.71
4453,5.32,A,3.27
4454,6.03,A,8.76
4455,8.19,A,28.18
4456,10.99,B,1.46
4457,7.84,A,21.9
4458,21.85,D,31.13
4459,10.99,B,3.29
4460,8.39,B,11.98
4461,15.02,C,36.44
4462,16.29,D,30.09
4463,14.49,C,24.51
4464,11.98,B,1.78
4465,6.24,A,19.79
4466,5.32,A,8.34
4467,14.99,C,29.9
4468,12.49,B,13.2
4469,12.62,C,19.97
4470,11.06,B,18.48
4471,8.99,B,27.05
4472,23.88,E,32.28
4473,9.17,B,3.57
4474,15.02,C,18.24
4475,18.06,D,29.33
4476,21.49,D,30.65
4477,8.39,B,12.05
4478,9.58,B,14.45
4479,13.53,B,21.66
4480,11.99,B,17.46
4481,10.64,B,31.29
4482,15.02,C,21.69
4483,11.47,B,16.21
4484,10.99,B,23.29
4485,6.03,A,9.86
4486,12.74,C,13.87
4487,10.49,B,3.08
4488,11.44,B,19.17
4489,5.32,A,13.71
4490,14.33,C,8.74
4491,12.74,C,12.55
4492,15.05,C,20.43
4493,17.99,D,4.92
4494,8.19,A,27.62
4495,14.49,C,11.87
4496,28.14,G,3.54
4497,10.99,B,9.67
4498,8.39,B,17.79
4499,13.99,C,28.21
4500,21.97,E,24.73
4501,13.59,C,41.23
4502,25.83,G,17.73
4503,12.12,B,19.68
4504,16.99,D,24.72
4505,20.99,E,19.36
4506,7.99,A,13.75
4507,26.24,E,16.9
4508,9.16,B,22.51
4509,18.45,D,16.45
4510,12.99,C,25.17
4511,19.19,E,11.14
4512,8.49,B,17.77
4513,9.75,B,13.9
4514,24.74,E,22.67
4515,12.74,C,15.26
4516,8.08,A,15.38
4517,14.98,C,13.46
4518,11.99,B,24.5
4519,11.39,B,14.08
4520,9.99,B,14.94
4521,9.93,B,23.58
4522,11.99,B,11.88
4523,10.47,B,14.65
4524,22.35,D,19.02
4525,7.91,A,11.51
4526,17.09,D,9.58
4527,15.02,C,16.07
4528,6.49,A,22.58
4529,14.65,C,20.63
4530,7.89,A,25.28
4531,12.29,C,19.84
4532,10.08,B,21.21
4533,15.49,C,2.4
4534,14.47,C,12.16
4535,8.18,B,27.53
4536,12.49,B,18.11
4537,13.49,C,7.04
4538,10.49,B,13.43
4539,7.35,A,10.28
4540,14.47,C,7.8
4541,7.35,A,21.16
4542,11.55,B,9.83
4543,11.14,B,19.4
4544,23.87,E,14.64
4545,15.31,C,11.16
4546,14.99,C,22.41
4547,7.96,A,3.16
4548,16.24,C,27.85
4549,13.98,C,22.3
4550,22.45,E,27.05
4551,5.32,A,26.81
4552,8.18,B,28.96
4553,9.49,B,14.01
4554,10.16,B,18.65
4555,10.78,B,10.71
4556,21.99,E,13.51
4557,5.32,A,15.09
4558,16.99,D,1.93
4559,10.99,B,11.7
4560,15.05,C,27.29
4561,9.93,B,10.27
4562,10.99,B,11.83
4563,15.77,D,20.83
4564,12.62,C,23.52
4565,18.49,D,6.37
4566,13.33,C,28.76
4567,9.17,B,15.14
4568,7.21,A,11.24
4569,9.17,B,18.14
4570,10.9,B,20.42
4571,6.11,A,8.53
4572,13.59,C,13.36
4573,11.06,B,24.55
4574,6.89,A,17.56
4575,6.39,A,34.34
4576,13.67,C,15.09
4577,8.46,A,10.95
4578,13.49,C,30.67
4579,8.46,A,33.62
4580,16.99,D,24.45
4581,7.97,A,28.86
4582,7.89,A,30.78
4583,7.96,A,35.01
4584,12.29,C,26.61
4585,16.99,D,22.94
4586,24.99,F,24.29
4587,9.8,B,22.48
4588,15.61,D,26.17
4589,16.77,D,19.81
4590,15.02,C,19.91
4591,10.49,B,32.69
4592,21.49,D,22.69
4593,14.99,C,19.21
4594,11.05,B,33.03
4595,14.18,E,2.37
4596,7.99,A,14.18
4597,6.19,A,22.05
4598,10.47,B,14.23
4599,12.88,C,23.95
4600,11.39,B,5.74
4601,5.32,A,18.62
4602,18.99,E,30.22
4603,7.39,A,31.33
4604,13.11,B,20.51
4605,8.99,B,24.41
4606,12.98,B,20.11
4607,17.27,D,19.73
4608,14.47,C,36.21
4609,13.99,C,16.78
4610,12.74,C,24.58
4611,9.75,B,20.33
4612,14.65,C,23.89
4613,14.99,C,26.89
4614,7.84,A,4.22
4615,17.47,D,19.79
4616,13.67,C,5.73
4617,10.64,B,10.46
4618,17.86,D,21.67
4619,25.82,E,15.27
4620,16.02,C,16.88
4621,6.46,A,11.65
4622,12.74,C,4.84
4623,14.65,C,14.52
4624,10.72,B,11.47
4625,16.99,D,15.4
4626,14.52,C,22.78
4627,18.99,D,18.31
4628,7.84,A,2.58
4629,12.69,C,28.24
4630,16.29,D,14.09
4631,15.61,C,28.19
4632,15.1,C,16.97
4633,15.61,D,3.09
4634,10.42,B,25.52
4635,12.99,C,17.8
4636,8.99,B,15.44
4637,11.53,B,25.84
4638,11.99,C,19.08
4639,11.53,B,6.08
4640,12.13,B,15.29
4641,9.44,B,23.93
4642,10.62,B,12
4643,12.99,C,10.97
4644,17.57,D,6.65
4645,14.03,C,14.55
4646,16.29,D,22.35
4647,14.83,D,11.42
4648,20.99,E,32.27
4649,13.59,C,14.65
4650,8.81,A,20.29
4651,28.72,F,22.23
4652,9.67,B,18.15
4653,23.13,F,17.35
4654,21.49,D,16.63
4655,7.69,A,9.89
4656,16.99,D,7.56
4657,7.56,A,19.89
4658,6.24,A,14.93
4659,15.02,C,26.23
4660,9.17,B,15.05
4661,13.59,C,11.82
4662,9.67,B,2.54
4663,14.47,C,26.61
4664,15.1,C,8.1
4665,10.49,B,1.14
4666,12.69,C,25.43
4667,18.99,E,18.1
4668,10.15,B,12.71
4669,18.25,D,39.92
4670,14.99,C,26.51
4671,16.02,C,26.3
4672,11.44,B,18.64
4673,11.49,B,12.77
4674,10.99,B,26.61
4675,13.99,C,34.09
4676,19.52,D,28.06
4677,18.06,D,23.08
4678,9.16,B,18.54
4679,17.97,D,21.27
4680,12.99,C,26.7
4681,15.05,C,14.02
4682,7.89,A,23.14
4683,11.99,C,31.93
4684,13.65,C,9.99
4685,10.41,B,27.11
4686,11.99,B,20.17
4687,7.46,A,18.87
4688,8.9,A,15.47
4689,18.24,D,16.16
4690,12.99,C,16.58
4691,13.98,C,25.61
4692,6.71,A,18.25
4693,10.75,B,38.18
4694,8.39,B,22.26
4695,6.62,A,1.89
4696,16.29,C,14.24
4697,12.99,C,15.19
4698,9.16,B,12.45
4699,18.92,D,6.34
4700,7.99,A,18.79
4701,18.24,D,28.06
4702,6.11,A,18
4703,19.52,E,19
4704,14.99,C,25.41
4705,5.32,A,13.44
4706,25.09,F,26.9
4707,13.67,C,23.4
4708,13.98,C,9.51
4709,7.89,A,4.45
4710,9.99,B,22.31
4711,22.39,E,24.88
4712,25.81,E,19.66
4713,9.99,B,24.73
4714,10.56,B,24.78
4715,10.42,B,0.38
4716,12.87,C,15.29
4717,11.47,B,11.3
4718,7.24,A,11.34
4719,15.99,C,19.82
4720,11.05,B,29.54
4721,11.55,B,21.93
4722,13.49,C,12.03
4723,9.44,B,19.01
4724,13.44,C,14.95
4725,10.47,B,23.22
4726,17.57,D,34.34
4727,11.31,B,19.83
4728,19.99,E,20.97
4729,10.16,B,18.09
4730,18.06,D,30.75
4731,5.31,A,14.15
4732,6.49,A,29.96
4733,7.97,A,14.8
4734,15.31,C,23.09
4735,5.31,A,17.24
4736,18.25,E,20.12
4737,12.69,C,15.59
4738,11.49,B,13.05
4739,10.08,B,15.68
4740,19.03,D,10.05
4741,12.62,C,16.5
4742,11.39,B,16
4743,11.99,C,13.46
4744,7.84,A,27.39
4745,10.91,B,29.66
4746,9.99,B,19.6
4747,13.99,C,29.35
4748,26.3,E,19
4749,5.31,A,16.35
4750,12.69,C,24.56
4751,6.11,A,5.42
4752,16.14,C,9.63
4753,15.02,C,16.47
4754,14.46,C,17.69
4755,15.05,C,18.63
4756,14.33,C,30.59
4757,10.75,B,20.3
4758,7.34,A,18.01
4759,12.29,C,15.37
4760,14.33,C,5.83
4761,14.99,C,13.27
4762,13.05,B,13.07
4763,17.57,D,19.66
4764,12.99,C,17.09
4765,6.11,A,23.24
4766,15.05,C,20.75
4767,19.99,D,19.35
4768,14.99,C,17.91
4769,15.05,C,39.3
4770,6.49,A,10.02
4771,9.67,B,12.94
4772,11.53,B,15.89
4773,6.39,A,10.89
4774,11.8,B,28.19
4775,7.26,A,14.46
4776,22.35,D,21.54
4777,9.17,B,17.57
4778,15.31,C,33.34
4779,5.32,A,18.45
4780,9.99,B,19.25
4781,18.99,D,11.21
4782,19.03,D,29.47
4783,8.19,A,14.95
4784,11.14,B,19
4785,13.49,C,15.41
4786,9.17,B,18.86
4787,23.99,E,4.07
4788,11.47,B,15.99
4789,21.7,E,20.83
4790,7.26,A,19.02
4791,17.27,D,8.42
4792,9.49,B,12.29
4793,7.49,A,16.75
4794,16.02,C,10.86
4795,6.49,A,15.86
4796,12.99,B,13.2
4797,15.02,C,14.58
4798,10.42,B,7.8
4799,10.72,B,7.07
4800,8.81,A,11.83
4801,24.74,E,13.31
4802,18.99,D,20.54
4803,8.39,B,8.84
4804,7.89,A,19.36
4805,17.57,D,29.08
4806,12.79,C,8.32
4807,10.08,B,15.54
4808,7.97,A,31.6
4809,16.46,C,10.43
4810,7.96,A,13.51
4811,18.84,E,34.38
4812,19.99,E,22.45
4813,11.14,B,20.18
4814,7.12,A,18.03
4815,11.99,B,26.37
4816,9.99,B,4.55
4817,7.84,A,9.49
4818,19.99,E,11.71
4819,13.56,C,13.68
4820,25.82,E,15.79
4821,16.01,C,18.16
4822,10.47,B,18.45
4823,13.06,C,12.62
4824,11.39,B,22.11
4825,14.65,C,11.98
4826,18.24,D,14.97
4827,23.4,E,31.4
4828,8.46,A,25.66
4829,8.9,A,18.97
4830,18.99,E,8.14
4831,5.32,A,14.09
4832,13.56,C,16.34
4833,5.32,A,16.18
4834,7.9,A,22.4
4835,17.99,D,23.95
4836,9.44,B,9.41
4837,9.17,B,6
4838,12.29,C,13.78
4839,11.99,C,25.39
4840,17.27,C,17.67
4841,23.99,E,34.88
4842,11.99,B,14.04
4843,17.57,D,21.9
4844,23.43,F,0.05
4845,12.69,C,13.78
4846,10.99,B,13.01
4847,9.16,B,17.22
4848,25.82,E,34.8
4849,11.53,B,31.88
4850,12.79,C,34.95
4851,12.74,C,43.94
4852,14.52,C,10.29
4853,7.21,A,9.21
4854,10.49,B,33.62
4855,7.35,A,50.7
4856,14.47,C,22.74
4857,11.49,B,26.91
4858,7.59,A,14.79
4859,11.99,C,25.02
4860,7.97,A,21
4861,20.89,D,5.04
4862,13.67,C,16.29
4863,8.46,A,24.5
4864,12.49,B,21.74
4865,5.32,A,25.41
4866,13.33,C,37.77
4867,5.32,A,15.85
4868,20.99,E,18.57
4869,6.24,A,4.47
4870,7.89,A,14.03
4871,18.99,D,9.66
4872,12.69,C,25.71
4873,13.49,C,15.07
4874,7.9,A,16.14
4875,7.59,A,7.39
4876,18.99,D,17.56
4877,10.42,B,11.9
4878,5.32,A,15.81
4879,5.32,A,15.29
4880,8.18,B,7.42
4881,14.33,C,13.52
4882,11.44,B,12.4
4883,10.78,B,28.5
4884,19.92,D,26.37
4885,12.99,C,19.71
4886,14.99,C,32.58
4887,14.08,C,28.72
4888,6.49,A,18.41
4889,19.24,E,17.39
4890,15.31,C,7.34
4891,14.16,C,12.17
4892,18.25,D,30.06
4893,20.89,D,16.34
4894,12.62,C,5.63
4895,14.08,C,27.9
4896,7.39,A,11.5
4897,15.96,C,9.58
4898,15.61,D,1.1
4899,18.79,E,21.07
4900,16.14,C,20.3
4901,5.32,A,16.75
4902,15.61,C,25.88
4903,11.53,B,28.83
4904,7.97,A,13.74
4905,8.18,B,7.54
4906,12.79,C,14.58
4907,7.07,A,16.99
4908,5.32,A,2.29
4909,7.9,A,10.92
4910,16.46,C,12.64
4911,7.35,A,25.35
4912,14.46,C,25.9
4913,9.75,B,17.94
4914,10.16,B,10.6
4915,17.97,D,10.3
4916,14.33,C,29.56
4917,18.99,D,23.87
4918,7.84,A,34.56
4919,13.99,C,4.14
4920,18.24,D,16.46
4921,8.18,B,7.89
4922,13.67,C,20.36
4923,12.85,B,11.27
4924,22.39,E,28.68
4925,15.49,C,16.89
4926,7.89,A,13.41
4927,7.24,A,7.94
4928,15.61,D,3.6
4929,15.99,C,8.79
4930,10.42,B,2.81
4931,6.11,A,13.33
4932,9.17,B,12.53
4933,14.08,C,13.92
4934,13.58,C,12.46
4935,20.89,D,8.27
4936,7.07,A,12.92
4937,12.99,B,24.28
4938,9.58,B,16.63
4939,9.43,B,11.91
4940,15.61,D,11.14
4941,20.2,E,22.1
4942,12.62,C,10.08
4943,5.32,A,10.49
4944,13.33,C,10.19
4945,9.16,B,17.79
4946,25.69,F,25.08
4947,15.61,D,18.03
4948,15.61,C,25.41
4949,10.9,B,79.79
4950,7.35,A,21.02
4951,16.02,C,16.5
4952,14.08,C,25.78
4953,6.03,A,16.12
4954,11.99,B,24.43
4955,14.33,C,9.42
4956,13.99,C,21.23
4957,6.24,A,26.38
4958,12.74,C,11.6
4959,11.53,B,33.23
4960,10.42,B,24.92
4961,9.99,B,11.14
4962,19.19,E,25.14
4963,9.17,B,2.53
4964,8.24,B,20.2
4965,26.3,E,23.25
4966,8.18,B,27.38
4967,7.12,A,17
4968,11.55,B,24.67
4969,11.55,B,12.53
4970,8.19,A,20.62
4971,28.69,F,15.22
4972,9.93,B,9.3
4973,17.97,D,11.71
4974,21.18,E,12.9
4975,8.9,A,11.36
4976,7.89,A,14.17
4977,7.34,A,13.63
4978,19.47,D,26.57
4979,7.46,A,21.41
4980,16.49,D,19.88
4981,16.59,D,17
4982,15.61,D,20.44
4983,6.71,A,8.52
4984,24.99,E,16.3
4985,5.32,A,17.15
4986,13.98,C,14.53
4987,15.31,C,25.35
4988,6.72,A,24.23
4989,5.32,A,21.33
4990,13.99,C,12.84
4991,9.76,B,22.69
4992,17.99,D,25.02
4993,9.44,B,16.69
4994,17.09,D,23.73
4995,12.74,C,24
4996,20,D,56.23
4997,23.63,F,23.1
4998,17.86,D,34.08
4999,14.65,C,27.23
5000,12.99,C,16.75
5001,9.92,B,28.13
5002,13.49,C,24.29
5003,10.99,B,5.12
5004,19.99,E,37.97
5005,13.35,C,11.03
5006,16.14,C,8
5007,12.62,C,22.3
5008,6.92,A,16.77
5009,11.99,B,3.48
5010,13.49,C,17.83
5011,20.89,D,27.26
5012,14.99,C,22.77
5013,12.29,C,25.99
5014,17.27,D,9.15
5015,28.88,G,18.76
5016,22.99,F,30.42
5017,13.33,C,22.28
5018,12.99,C,24.79
5019,8.39,B,12.6
5020,11.99,C,26.34
5021,15.99,C,29.08
5022,7.26,A,19.67
5023,11.99,B,16.96
5024,8.39,A,13.72
5025,17.86,D,24.06
5026,15.61,D,21.71
5027,7.35,A,6.35
5028,13.99,C,30.25
5029,14.33,C,16.78
5030,7.21,A,24.31
5031,17.86,D,20.19
5032,13.59,C,27.49
5033,20.31,D,32.81
5034,6.03,A,8.26
5035,16.99,D,6.19
5036,13.99,C,10.11
5037,9.99,B,28.04
5038,22.35,D,16.86
5039,25.8,G,16.35
5040,13.99,C,24
5041,16.99,D,14.83
5042,9.17,B,12.79
5043,18.55,E,11.38
5044,12.74,C,18.98
5045,11.99,B,19.4
5046,16.14,C,12.22
5047,10.99,B,26
5048,18.45,D,30.6
5049,12.62,C,13.84
5050,8.9,A,20.5
5051,11.39,B,19.92
5052,15.31,C,28.36
5053,8.39,B,7.16
5054,12.69,C,6.1
5055,16.02,C,23.6
5056,24.49,E,17.23
5057,9.17,B,23.3
5058,20.99,E,18.86
5059,7.89,A,16.74
5060,7.84,A,19.07
5061,19.47,D,29.99
5062,15.61,C,34.48
5063,23.99,E,11.28
5064,17.27,D,4.25
5065,11.55,B,20.3
5066,17.47,D,29.22
5067,6.72,A,17.74
5068,28.88,G,10.52
5069,7.84,A,17.58
5070,9.99,B,12.79
5071,10.49,B,23.38
5072,14.65,C,35.1
5073,9.75,B,20.63
5074,5.32,A,11.65
5075,17.97,D,28.6
5076,14.99,C,24.48
5077,7.39,A,18.57
5078,15.61,C,9.47
5079,15.77,D,28.79
5080,8.49,B,19.71
5081,13.99,C,27.34
5082,17.27,D,34.35
5083,16.14,C,14.17
5084,8.39,B,25.14
5085,20.31,D,5.76
5086,10.99,B,31.62
5087,13.35,C,22.27
5088,7.49,A,18.82
5089,15.05,C,27.35
5090,10.99,B,15.04
5091,8.9,A,15.13
5092,10.75,B,8.47
5093,11.39,B,27.82
5094,23.88,E,10.41
5095,10.72,B,22.05
5096,9.17,B,13.75
5097,10.75,B,11.76
5098,10.99,B,18.7
5099,9.43,B,16.58
5100,15.31,C,18.36
5101,7.07,A,29.82
5102,6.83,A,18.43
5103,5.32,A,19.16
5104,6.99,A,19.34
5105,14.31,C,26.51
5106,9.67,B,18.74
5107,15.61,D,31.04
5108,23.99,E,16.06
5109,11.44,B,1.45
5110,16.99,D,9.81
5111,8.99,B,20.43
5112,14.65,C,12.35
5113,12.73,B,6.83
5114,16.55,D,29.86
5115,10.49,B,10.03
5116,15.61,C,18.33
5117,16.55,D,10.41
5118,23.4,E,19.92
5119,16.99,D,27.83
5120,15.02,C,6.65
5121,15.05,C,31.34
5122,6.11,A,8.93
5123,6.49,A,6.96
5124,17.99,D,14.01
5125,23.76,F,17.11
5126,19.03,E,23.76
5127,11.67,B,13.11
5128,8.24,B,34.73
5129,5.31,A,9.8
5130,11.44,B,4.42
5131,11.53,B,29.92
5132,20.99,E,13.33
5133,16.02,C,34.64
5134,8.24,B,31.36
5135,9.17,B,18.91
5136,9.58,B,17.1
5137,10.91,B,18.53
5138,22.99,F,7.79
5139,15.05,C,22.78
5140,10.47,B,14.45
5141,18.99,D,18.6
5142,13.98,C,31.87
5143,10.99,B,33.42
5144,6.92,A,28.92
5145,10.42,B,21
5146,14.52,C,21.44
5147,20.39,D,32.98
5148,18.55,E,36.36
5149,11.53,B,24.29
5150,18.24,D,28.63
5151,14.64,C,16.42
5152,16.91,C,20.33
5153,9.17,B,26.32
5154,12.59,C,3.85
5155,17.47,D,18.68
5156,11.39,B,9.56
5157,15.61,D,36.84
5158,6.49,A,9.82
5159,14.64,C,13.92
5160,9.17,B,26.76
5161,7.46,A,22.89
5162,9.8,B,30.37
5163,7.9,A,25.45
5164,7.35,A,8.1
5165,9.67,B,9.95
5166,12.13,B,4.92
5167,16.99,D,16.83
5168,9.99,B,15.81
5169,25.8,G,12.71
5170,13.49,C,15.9
5171,8.39,A,10.27
5172,11.49,B,6.6
5173,12.69,C,27.64
5174,13.99,C,18.42
5175,14.99,C,12.86
5176,15.99,C,34.93
5177,6.46,A,14.33
5178,16.29,D,20.36
5179,12.62,C,17.71
5180,11.44,B,8.68
5181,21.45,D,28.48
5182,11.99,B,13.37
5183,20.89,D,30.34
5184,11.67,B,9.63
5185,5.32,A,11.17
5186,14.47,C,13.49
5187,15.61,D,17.11
5188,9.16,B,25.18
5189,6.67,A,7.6
5190,9.93,B,12.04
5191,16.99,D,19.12
5192,12.99,C,16.85
5193,18.99,E,7.65
5194,13.99,C,39.32
5195,13.98,C,18.95
5196,15.04,C,55.53
5197,9.49,B,21.36
5198,14.99,C,13.56
5199,17.99,D,17.37
5200,8.67,B,11.55
5201,12.62,C,28.09
5202,16.91,C,10.73
5203,5.32,A,11.4
5204,11.55,B,12.51
5205,12.74,C,34.52
5206,15.31,C,9.89
5207,10.78,B,6.1
5208,11.8,B,17.28
5209,18.45,D,18.2
5210,16.46,C,14.91
5211,5.32,A,21.5
5212,10.91,B,16.95
5213,18.99,D,24.61
5214,10.49,B,23.89
5215,11.49,B,16.82
5216,5.31,A,14.04
5217,9.99,B,16.05
5218,24.85,E,8.37
5219,14.85,C,22.8
5220,20.99,F,4.81
5221,16.91,C,27.08
5222,5.32,A,9.53
5223,21.85,D,10.13
5224,17.77,D,18.41
5225,10.9,B,12.98
5226,22.99,F,15.23
5227,11.99,B,9.25
5228,10.42,B,3.56
5229,11.44,B,5.95
5230,17.47,D,35.15
5231,14.08,C,29.72
5232,16.29,D,14.89
5233,10.47,B,17.71
5234,12.74,C,28.09
5235,8.18,B,6.78
5236,8.39,A,20.26
5237,20.89,D,14.72
5238,10.64,B,18.33
5239,15.05,C,23.91
5240,13.98,C,19.09
5241,11.47,B,18.41
5242,16.32,D,9.78
5243,12.85,B,22.5
5244,7.97,A,26.76
5245,11.98,B,18.96
5246,9.17,B,11.45
5247,15.77,D,12.49
5248,22.99,F,25.04
5249,17.97,D,23.86
5250,16.14,C,20.62
5251,11.55,B,22.32
5252,22.9,E,29.02
5253,17.57,D,31.44
5254,12.73,B,33.74
5255,23.88,E,5.71
5256,11.99,B,19.66
5257,9.93,B,28.07
5258,9.16,B,4.91
5259,12.61,C,15.47
5260,9.17,B,14.04
5261,7.96,A,14.56
5262,10.33,B,11.83
5263,14.65,C,28.38
5264,8.24,B,6.67
5265,13.67,C,17.33
5266,6.11,A,12.06
5267,10.42,B,13.86
5268,16.29,D,21.16
5269,16.99,D,16.19
5270,9.92,B,26.23
5271,14.46,C,20.71
5272,12.49,B,25.83
5273,12.74,C,14.49
5274,16.99,D,11.01
5275,9.17,B,24.76
5276,12.79,C,6.4
5277,16.29,D,15.84
5278,6.39,A,18.84
5279,7.62,A,5.76
5280,5.32,A,16.08
5281,11.98,B,14.27
5282,20.39,D,7.91
5283,7.35,A,3.4
5284,11.99,B,14.78
5285,12.59,C,14.96
5286,11.98,B,24.46
5287,12.74,C,18
5288,14.08,C,177.7
5289,13.49,C,16.76
5290,9.75,B,33.92
5291,20,D,34.43
5292,10.99,B,21.09
5293,14.65,C,30.16
5294,7.84,A,9.1
5295,11.67,B,21.75
5296,15.59,C,31.08
5297,18.49,D,2.72
5298,7.9,A,7.3
5299,12.99,C,15.5
5300,9.93,B,21.91
5301,15.99,C,16.34
5302,12.74,C,11.62
5303,9.16,B,11
5304,9.63,A,18.54
5305,9.17,B,12.34
5306,10.91,B,23.6
5307,10.99,B,22.07
5308,16.99,D,18.24
5309,6.99,A,31.05
5310,23.7,F,17.04
5311,27.27,E,34.36
5312,6.99,A,27.4
5313,10.9,B,13.12
5314,15.8,C,8.66
5315,15.41,D,14.28
5316,12.99,C,22
5317,19.03,D,13.95
5318,8.24,B,28.92
5319,7.69,A,29.09
5320,14.33,C,20.2
5321,16.78,C,19.84
5322,14.49,C,10.91
5323,10.99,B,26.2
5324,22.47,E,17.35
5325,18.45,D,26.45
5326,12.62,C,16.82
5327,5.32,A,19.31
5328,9.44,B,13.05
5329,8.67,B,28.59
5330,21.97,E,19.33
5331,13.99,C,7.2
5332,16.02,C,16.46
5333,8.81,A,31.09
5334,11.55,B,23.04
5335,6.08,A,13.86
5336,18.24,D,27.53
5337,11.99,B,16.43
5338,15.41,D,38.11
5339,7.9,A,11.93
5340,25.49,E,28.68
5341,9.44,B,13.56
5342,15.04,C,25.03
5343,11.47,B,8.78
5344,9.75,B,24.17
5345,12.74,C,32.05
5346,16.14,C,16.67
5347,6.92,A,29.98
5348,17.57,D,8.73
5349,13.66,C,17.02
5350,17.97,D,26.98
5351,13.67,C,12.43
5352,18.25,D,2.99
5353,18.99,D,19.57
5354,6.99,A,13.27
5355,8.88,B,11.48
5356,9.76,B,14.51
5357,15.61,D,27.14
5358,14.99,C,14.73
5359,11.47,B,15.52
5360,10.42,B,5.62
5361,15.99,D,9.33
5362,24.37,E,10.5
5363,13.59,C,16.81
5364,7.21,A,23.15
5365,7.21,A,23.59
5366,10.91,B,24.07
5367,10.47,B,25.27
5368,8.18,B,29.07
5369,7.02,A,7.93
5370,10.07,B,11.71
5371,13.49,C,31.54
5372,13.33,C,17.44
5373,10.42,B,8.73
5374,8.24,B,27.59
5375,19.99,E,23.77
5376,15.61,C,20.87
5377,17.57,D,6.38
5378,14.27,C,18.29
5379,10.42,B,17.59
5380,21.49,E,12.99
5381,18.99,D,18.38
5382,26.24,E,23.22
5383,9.17,B,17.68
5384,12.29,C,14.77
5385,20.89,D,147.54
5386,8.18,B,18.33
5387,11.39,B,21.19
5388,11.14,B,18.84
5389,18.45,D,36.93
5390,12.62,C,18.92
5391,11.47,B,7.26
5392,12.29,C,8.34
5393,11.44,B,25.73
5394,10.49,B,17.16
5395,14.49,C,20.69
5396,20.49,E,21.6
5397,7.97,A,31.15
5398,14.46,C,7.99
5399,12.98,B,10.91
5400,18.99,E,23.86
5401,14.47,C,16.62
5402,8.24,B,11.53
5403,6.99,A,26.29
5404,13.06,C,16.53
5405,10.49,B,11.49
5406,21,E,27.16
5407,13.72,C,15.58
5408,26.57,F,16.46
5409,8.99,B,7.28
5410,7.89,A,27.66
5411,17.97,D,57.57
5412,9.93,B,52.31
5413,13.59,C,15.74
5414,12.39,C,20.82
5415,15.31,C,23.28
5416,14.3,C,22.61
5417,9.93,B,4.93
5418,7.21,A,13.98
5419,14.99,C,14.39
5420,15.99,D,21.89
5421,12.62,C,19.84
5422,8.9,A,9.8
5423,7.69,A,5.56
5424,10.99,B,19.76
5425,10.49,B,25.89
5426,22.99,F,22.36
5427,11.49,B,22.23
5428,13.49,C,8.84
5429,14.46,C,10.76
5430,9.92,B,17.08
5431,6.08,A,7.17
5432,10.99,B,3.68
5433,14.03,C,4.52
5434,24.08,F,27.44
5435,6.49,A,18.07
5436,11.99,B,24.16
5437,16.99,D,20.95
5438,14.49,C,30.42
5439,8.39,B,15.2
5440,14.99,C,25.68
5441,9.17,B,16.06
5442,13.49,C,34.15
5443,14.33,C,5.9
5444,16.78,C,12.37
5445,16.02,C,48.16
5446,11.99,B,19.45
5447,15.31,C,22.4
5448,16.99,D,13.41
5449,17.27,D,24.07
5450,18.99,D,11.8
5451,8.39,B,11.18
5452,10.41,B,25.41
5453,6.11,A,10.02
5454,17.99,D,27.83
5455,17.09,D,22.25
5456,8.6,A,23.46
5457,8.46,A,18.48
5458,17.97,D,36.13
5459,10.47,B,14.68
5460,12.62,C,54.88
5461,14.65,C,8.74
5462,12.59,C,7.17
5463,9.99,B,25.09
5464,12.74,C,15.88
5465,25.81,E,38.39
5466,18.49,D,24.77
5467,7.21,A,9.75
5468,22.35,D,25.49
5469,8.6,A,18.13
5470,20.49,E,31.03
5471,30.99,G,32.54
5472,9.16,B,16.95
5473,10.9,B,15.17
5474,6.24,A,21.27
5475,17.57,D,7.4
5476,16.02,C,20.07
5477,11.99,B,16.45
5478,15.99,C,27.5
5479,7.21,A,6.02
5480,20.39,D,20.25
5481,10.91,B,30.78
5482,17.99,D,20.14
5483,13.67,C,28.63
5484,5.32,A,5.37
5485,19.03,D,22.09
5486,8.9,A,10.91
5487,11.67,B,27.55
5488,8.39,B,9.15
5489,7.89,A,10.06
5490,6.83,A,18.41
5491,14.08,C,10.98
5492,11.53,B,27.11
5493,7.96,A,14.37
5494,7.97,A,12.7
5495,8.94,A,7.03
5496,11.49,B,14.47
5497,15.88,C,18.41
5498,13.59,C,17.96
5499,7.35,A,7.49
5500,11.14,B,23.02
5501,11.99,C,21.31
5502,17.47,D,29.91
5503,9.93,B,28.38
5504,14.3,C,22.2
5505,16.02,C,26.81
5506,17.77,D,24.11
5507,6.11,A,15.49
5508,25.83,G,6.81
5509,12.74,C,28.65
5510,14.65,C,11.96
5511,15.31,C,14.86
5512,6.83,A,17.35
5513,9.99,B,19.05
5514,21.99,F,12.29
5515,7.89,A,10.82
5516,10.49,B,27.99
5517,18.84,E,22.86
5518,6.71,A,9.68
5519,7.29,A,16.66
5520,19.03,D,19.16
5521,17.86,D,13.93
5522,11.47,B,19.03
5523,10.42,B,24
5524,5.32,A,6.09
5525,15.31,C,16.61
5526,6.71,A,8.27
5527,13.56,C,17.28
5528,13.99,C,11.98
5529,10.75,B,24.61
5530,12.62,C,20.49
5531,10.49,B,23.89
5532,7.99,A,25.11
5533,6.03,A,21.19
5534,13.33,C,9.54
5535,12.12,B,9.51
5536,10.75,B,27.92
5537,10.49,B,12.55
5538,15.99,C,7.27
5539,13.99,C,18.09
5540,14.08,C,28.78
5541,6.99,A,6.94
5542,16.91,C,13.25
5543,11.99,B,23.49
5544,5.99,A,29.65
5545,19.52,D,14.19
5546,15.31,C,39.83
5547,12.99,B,26.9
5548,11.67,B,21.69
5549,17.99,D,32.31
5550,8.19,A,10.52
5551,15.05,C,21.52
5552,11.98,B,12.6
5553,7.46,A,18.78
5554,20.89,D,24.97
5555,9.93,B,27.55
5556,14.99,C,33.87
5557,12.62,C,26.68
5558,19.03,D,33.37
5559,10.72,B,33.01
5560,11.49,B,20.83
5561,10.9,B,15.16
5562,7.62,A,13.55
5563,15.05,C,15.5
5564,13.99,C,17.6
5565,10.91,B,23.53
5566,9.93,B,27.53
5567,14.09,B,11.31
5568,16.24,C,11.25
5569,11.47,B,6.29
5570,18.99,E,35.67
5571,18.99,E,15.22
5572,12.13,B,31.2
5573,16.46,C,0
5574,6.08,A,14.36
5575,14.46,C,21.1
5576,9.17,B,17.81
5577,15.04,C,30.79
5578,15.61,D,28.36
5579,14.33,C,20.85
5580,14.16,C,25.04
5581,13.56,C,2.07
5582,13.99,C,22.11
5583,11.99,C,31.02
5584,9.58,B,19.92
5585,14.07,C,34.76
5586,10.99,B,30.81
5587,12.74,C,24.43
5588,10.99,B,19.6
5589,8.24,B,13.31
5590,9.44,B,11.44
5591,13.99,C,31.83
5592,11.67,B,32.51
5593,8.9,A,19.41
5594,7.97,A,15.66
5595,9.49,B,18.87
5596,18.06,D,51.23
5597,13.33,C,26.59
5598,9.99,B,22.67
5599,19.42,D,17.97
5600,6.07,A,14.82
5601,13.06,C,3.63
5602,13.11,B,2.49
5603,29.69,F,4.3
5604,7.97,A,11.62
5605,16.45,E,20.06
5606,9.67,B,17.1
5607,23.88,E,20.54
5608,10.07,B,4.36
5609,17.57,D,16.49
5610,10.49,B,21.1
5611,9.17,B,1.62
5612,13.49,C,25.68
5613,10.99,B,18.04
5614,8.24,B,15.47
5615,9.75,B,13.76
5616,10.99,B,13.02
5617,5.32,A,8.83
5618,17.27,D,20.89
5619,7.35,A,6.65
5620,14.08,C,17.77
5621,10.49,B,32.61
5622,7.02,A,13.12
5623,13.59,C,13.7
5624,16.29,C,3.59
5625,13.59,C,18.53
5626,15.8,C,9.68
5627,15.02,C,23.14
5628,30.94,G,19.96
5629,6.89,A,26.96
5630,16.02,C,15.8
5631,13.33,C,23.57
5632,10.49,B,5.87
5633,13.33,C,12.21
5634,9.16,B,26.8
5635,6.07,A,13.1
5636,6.08,A,16.56
5637,6.62,A,27.35
5638,16.29,C,15.14
5639,8.9,A,7.3
5640,19.99,D,16.73
5641,10.99,B,5.66
5642,9.76,B,17.06
5643,12.21,B,0
5644,13.49,C,21.93
5645,11.06,B,18.13
5646,17.57,D,20.37
5647,6.97,A,8.38
5648,9.99,B,21.36
5649,14.84,D,11.01
5650,11.49,B,16.5
5651,10.42,B,26.54
5652,15.02,C,26.93
5653,7.97,A,16.02
5654,18.99,D,27.87
5655,7.89,A,4.91
5656,15.02,C,14.93
5657,9.93,B,26.22
5658,13.67,C,14.24
5659,6.49,A,10.99
5660,13.06,C,16.04
5661,6.71,A,9.51
5662,10.42,B,7.23
5663,16.02,C,19.15
5664,10.91,B,22.18
5665,6.67,A,29.38
5666,12.69,C,14.03
5667,8.9,A,27.82
5668,15.22,C,8.42
5669,10.99,B,23.94
5670,10.42,B,30.65
5671,16.91,C,15.99
5672,13.59,C,25.34
5673,21.99,F,25
5674,9.43,B,12.11
5675,15.05,C,16.96
5676,24.08,F,19.41
5677,11.44,B,33.93
5678,13.06,C,19.46
5679,11.99,B,13.28
5680,15.31,C,16.35
5681,7.39,A,32.98
5682,10.99,B,25.16
5683,12.62,C,14.56
5684,8.18,B,3.07
5685,19.19,E,25.08
5686,28.69,F,29.85
5687,17.56,D,5.6
5688,16.91,C,24.45
5689,11.44,B,11.75
5690,13.99,C,8.46
5691,13.98,C,19.65
5692,13.56,C,3.78
5693,15.05,C,25.78
5694,23.4,E,24.58
5695,9.16,B,16.01
5696,21.97,E,23.45
5697,9.17,B,26.03
5698,10.91,B,15.22
5699,17.09,D,12.81
5700,13.49,C,13.33
5701,20.5,E,17.32
5702,15.31,C,11.42
5703,26.99,F,21.28
5704,10.75,B,11.38
5705,10.42,B,4.01
5706,11.31,B,26.45
5707,21.85,D,37.57
5708,6.92,A,15.3
5709,19.99,E,10.54
5710,9.44,B,32.03
5711,17.97,D,19.8
5712,6.67,A,15.59
5713,13.99,C,8.57
5714,10.59,B,8.38
5715,25.81,E,22.06
5716,16.99,D,20.35
5717,20.99,E,16.03
5718,9.91,B,9.03
5719,13.98,C,6.91
5720,9.99,B,8.13
5721,13.56,C,14.19
5722,12.74,C,2.37
5723,30.99,G,26.12
5724,16.46,C,28.45
5725,12.73,B,8.99
5726,7.9,A,18.7
5727,14.49,C,27.26
5728,11.8,B,8.54
5729,7.89,A,13.04
5730,14.49,C,15.43
5731,7.96,A,13.49
5732,10.08,B,18.42
5733,19.92,D,13.49
5734,15.02,C,14.59
5735,21.49,D,9.23
5736,25.82,E,22.8
5737,15.99,C,14.4
5738,13.53,B,27.24
5739,8.08,A,8.23
5740,10.91,B,6.52
5741,9.49,B,17.1
5742,10.91,B,21.63
5743,20,D,21.04
5744,18.94,D,26.12
5745,9.99,B,15.35
5746,6.97,A,6.68
5747,19.92,D,30.81
5748,13.49,C,26.67
5749,13.44,C,5.39
5750,10.75,B,23.83
5751,16.02,C,24.06
5752,6.11,A,14.16
5753,14.99,C,6.72
5754,20.2,E,19.2
5755,11.39,B,12.84
5756,9.93,B,27.39
5757,14.08,C,19.03
5758,14.65,C,12.77
5759,7.21,A,15.31
5760,12.59,C,28.33
5761,17.76,D,30.13
5762,11.99,C,14.2
5763,21.85,D,27.66
5764,6.03,A,7.15
5765,11.49,B,18.24
5766,12.62,C,2.26
5767,17.1,C,17.69
5768,7.89,A,25
5769,12.79,C,24.67
5770,13.33,C,15.42
5771,11.99,B,21.68
5772,12.61,C,33.91
5773,11.44,B,24.06
5774,7.21,A,7.02
5775,10.72,B,15.57
5776,7.89,A,24.38
5777,7.34,A,2.36
5778,25.82,E,1.26
5779,12.99,C,35.98
5780,15.61,C,34.26
5781,13.67,C,62.63
5782,9.75,B,7.96
5783,16.29,C,7.58
5784,7.51,A,4.63
5785,7.26,A,14
5786,24.99,F,21.77
5787,11.14,B,22.46
5788,9.93,B,8.27
5789,10.07,B,6.17
5790,9.99,B,2.36
5791,9.44,B,17.38
5792,19.52,E,29.48
5793,6.71,A,25.89
5794,11.53,B,10.68
5795,24.37,E,22.53
5796,8.59,A,17.37
5797,24.37,E,20.64
5798,14.47,C,8
5799,10.49,B,24.38
5800,17.99,D,21.91
5801,15.31,C,25.01
5802,22.74,E,17.15
5803,14.08,C,18.37
5804,12.49,B,4
5805,10.42,B,28.75
5806,13.99,C,18.27
5807,6.49,A,11.73
5808,10.91,B,16.8
5809,11.49,B,15.24
5810,14.47,C,23.88
5811,19.03,D,22.96
5812,11.22,B,33.78
5813,8.99,B,26.95
5814,16.14,C,22.84
5815,11.48,B,23.64
5816,18.55,D,21.35
5817,8.9,A,7.74
5818,5.32,A,16.9
5819,23.87,E,39.25
5820,8.99,B,20.44
5821,13.56,C,6.91
5822,7.62,A,25.15
5823,14.46,C,32.44
5824,7.49,A,16.32
5825,13.33,C,20.37
5826,7.62,A,16.34
5827,15.31,C,30.23
5828,14.49,C,17.29
5829,11.14,B,23.35
5830,15.02,C,15.9
5831,15.05,C,29.09
5832,9.58,B,16.82
5833,12.49,B,22.67
5834,11.67,B,13.34
5835,10.91,B,22.05
5836,21.45,D,10.68
5837,10.49,B,5.8
5838,11.47,B,23.06
5839,14.08,C,16.41
5840,7.07,A,29.66
5841,21.48,E,14.23
5842,16.99,D,15.86
5843,13.35,C,6.77
5844,14.09,B,19.88
5845,6.99,A,13.42
5846,9.93,B,9.92
5847,13.59,C,16.28
5848,19.03,E,12.07
5849,12.61,C,12.75
5850,10.49,B,16.88
5851,16.29,D,16.74
5852,12.99,C,16.77
5853,13.98,C,21.35
5854,8.39,B,1.27
5855,9.99,B,8.58
5856,11.99,B,16.8
5857,15.05,C,20.16
5858,13.59,C,15.96
5859,12.29,C,21.42
5860,14.08,C,43.97
5861,16.99,D,31.66
5862,21.85,D,28.85
5863,14.08,C,53.58
5864,8.94,A,22.38
5865,11.53,B,27.24
5866,8.24,B,6.98
5867,6.83,A,10.4
5868,5.32,A,8.97
5869,9.75,B,15.73
5870,10.75,B,26.83
5871,14.49,C,11.04
5872,12.49,B,24.77
5873,11.49,B,4.85
5874,13.67,C,28.18
5875,12.74,C,11.74
5876,13.05,B,23.1
5877,11.98,B,23.59
5878,14.99,C,5.29
5879,7.39,A,21.94
5880,18.24,D,30.21
5881,11.44,B,29.98
5882,6.08,A,14.08
5883,7.49,A,13.23
5884,19.03,D,5.19
5885,12.74,C,28.42
5886,10.49,B,15.11
5887,12.12,B,15.15
5888,22.15,E,26.33
5889,13.56,C,39.72
5890,11.98,B,30.93
5891,11.47,B,13.37
5892,6.46,A,15.53
5893,12.69,C,9.85
5894,11.49,B,21.31
5895,14.99,C,34.53
5896,11.98,B,19.37
5897,13.18,C,13.43
5898,9.44,B,11.52
5899,12.29,C,12.76
5900,11.99,C,10.18
5901,16.02,C,14.29
5902,6.62,A,6.35
5903,19.99,D,14.06
5904,10.75,B,18.72
5905,11.14,B,21.67
5906,9.17,B,24.28
5907,12.29,C,31.26
5908,10.08,B,17.57
5909,9.44,B,12.47
5910,7.46,A,16.01
5911,16.55,D,9.63
5912,7.9,A,10.69
5913,6.67,A,4.06
5914,14.08,C,11.17
5915,28.69,F,23.7
5916,7.89,A,11.24
5917,13.59,C,1.35
5918,18.25,E,4.13
5919,15.77,D,2.78
5920,15.61,C,16.65
5921,15.31,C,17.24
5922,6.07,A,14.48
5923,14.33,C,16.66
5924,19.03,D,28.05
5925,10.07,B,30.39
5926,5.32,A,27.23
5927,20.99,E,32.08
5928,13.58,C,19.66
5929,10.33,B,12.98
5930,7.12,A,14.21
5931,16.24,C,31.31
5932,21.99,F,11.93
5933,9.44,B,17.17
5934,6.19,A,3.54
5935,16.01,C,23.25
5936,10.99,B,34.08
5937,6.97,A,16.06
5938,12.99,B,25.53
5939,7.99,A,6.42
5940,14.16,C,27.94
5941,23.87,E,23.65
5942,15.81,C,16.46
5943,6.11,A,13.99
5944,15.02,C,15.47
5945,7.07,A,22.56
5946,7.39,A,19.32
5947,11.99,B,13.53
5948,14.47,C,8.73
5949,6.62,A,26.77
5950,12.99,C,19.07
5951,17.86,D,26.2
5952,12.73,B,11.44
5953,13.49,C,17.78
5954,22.35,E,33.77
5955,16.99,D,29.53
5956,12.74,C,15.04
5957,11.44,B,24.32
5958,14.08,C,14.17
5959,13.35,C,34.9
5960,5.32,A,15.35
5961,13.33,C,23.42
5962,10.16,B,13.2
5963,17.97,D,41.75
5964,14.47,C,32.47
5965,19.03,D,20
5966,7.89,A,18.08
5967,6.99,A,13.13
5968,11.99,C,15.98
5969,7.9,A,16.94
5970,11.44,B,12.27
5971,7.9,A,24.37
5972,6.68,A,12.85
5973,9.16,B,28.66
5974,24.08,F,22.36
5975,7.97,A,10.25
5976,7.84,A,33.1
5977,16.99,D,16.58
5978,10.42,B,13.53
5979,16.99,D,13.44
5980,8.49,A,19.16
5981,18.06,D,20.62
5982,12.74,C,13.61
5983,5.32,A,10.81
5984,6.03,A,10.31
5985,6.89,A,16.49
5986,12.12,B,21.5
5987,10.91,B,12
5988,13.67,C,23.8
5989,21.45,D,31.24
5990,14.65,C,0.92
5991,11.49,B,17.18
5992,10.99,B,0.36
5993,5.31,A,10.66
5994,17.86,D,35.7
5995,13.58,C,16.2
5996,10.78,B,11.11
5997,5.32,A,10.58
5998,22.91,E,10.58
5999,7.89,A,7.12
6000,17.27,D,31.73
6001,21.49,E,27.1
6002,8.67,B,2.43
6003,16.01,C,28.31
6004,20,D,40.04
6005,12.99,C,18.96
6006,11.53,B,10.08
6007,9.99,B,20.51
6008,20.39,D,4.02
6009,9.99,B,14.89
6010,16.29,C,28.68
6011,18.94,D,
6012,13.65,C,26.42
6013,16.91,C,19.16
6014,20,D,42.45
6015,10.91,B,26.84
6016,12.74,C,13.17
6017,12.69,C,8.49
6018,16.29,C,21.28
6019,7.9,A,13.18
6020,20,D,24.68
6021,12.99,C,7.15
6022,14.99,C,14.75
6023,18.06,D,15.12
6024,16.29,D,28.55
6025,12.99,C,24.12
6026,16.99,D,34.57
6027,16.29,D,28.58
6028,13.35,C,15.55
6029,13.99,C,10.54
6030,14.08,C,23.25
6031,10.91,B,14.7
6032,17.1,C,28.32
6033,21,E,12.53
6034,14.65,C,30.06
6035,7.89,A,20.35
6036,6.62,A,15.08
6037,10.99,B,18.42
6038,12.59,C,1.64
6039,24.99,E,25.53
6040,8.18,B,12.06
6041,16.99,D,20.96
6042,12.62,C,17.3
6043,7.89,A,15.79
6044,14.99,C,11.04
6045,18.55,E,10.07
6046,9.75,B,24.86
6047,7.26,A,21.2
6048,15.02,C,16.74
6049,14.08,C,7.23
6050,13.99,C,18.53
6051,13.44,C,25.56
6052,5.32,A,9.48
6053,10.91,B,24.65
6054,30.99,G,17.9
6055,17.09,D,7.31
6056,7.97,A,2.19
6057,15.99,C,32.65
6058,17.99,D,28.86
6059,7.26,A,21.54
6060,9.75,B,21.55
6061,7.89,A,11.14
6062,9.49,B,11.9
6063,5.32,A,16.79
6064,9.44,B,15.11
6065,12.79,C,17.15
6066,18.45,D,20.94
6067,13.98,C,13.34
6068,16.02,C,25.16
6069,13.98,C,15.73
6070,18.84,E,12.11
6071,10.42,B,44.64
6072,13.99,C,17.58
6073,16.55,D,22.53
6074,7.97,A,19.37
6075,12.69,C,19.77
6076,23.99,E,16.3
6077,20.5,E,19.39
6078,10.47,B,26.47
6079,6.71,A,0
6080,14.47,C,5.59
6081,23.99,E,30.51
6082,13.59,C,9.87
6083,21.49,E,6.07
6084,5.32,A,23.1
6085,15.31,C,24.66
6086,15.31,C,11.72
6087,16.14,C,8.8
6088,12.62,C,18.67
6089,13.33,C,13.42
6090,7.35,A,33.64
6091,10.49,B,11.62
6092,13.99,C,23.07
6093,14.99,C,21.25
6094,15.05,C,14.79
6095,13.56,C,38.06
6096,12.59,C,3.16
6097,16.99,D,29.49
6098,11.14,B,22.63
6099,11.55,B,33.94
6100,14.65,C,3.25
6101,14.99,C,15.5
6102,7.99,A,21.35
6103,11.53,B,9.42
6104,9.93,B,141.19
6105,11.99,C,13.32
6106,14.33,C,11.85
6107,7.89,A,9.51
6108,12.99,C,13.51
6109,9.93,B,8.34
6110,12.29,C,19.08
6111,6.72,A,4.71
6112,7.39,A,13.9
6113,14.16,C,25.13
6114,9.16,B,33.5
6115,11.49,B,14.04
6116,16.99,D,14.64
6117,10.42,B,26.8
6118,12.62,C,29.96
6119,17.57,D,5.31
6120,12.62,C,22.62
6121,15.59,C,14.53
6122,15.61,D,21.16
6123,8.19,A,8.04
6124,12.85,B,15.36
6125,7.9,A,18.39
6126,13.67,C,24.94
6127,7.74,A,20.13
6128,12.85,B,30.05
6129,12.12,B,17.66
6130,7.21,A,258.47
6131,14.98,C,12.77
6132,9.17,B,29.62
6133,14.08,C,14.99
6134,8.19,A,19.14
6135,13.49,C,10.42
6136,7.69,A,13.23
6137,21.85,D,9.11
6138,15.61,C,17.99
6139,7.84,A,17.12
6140,12.69,C,23.05
6141,23.5,F,26.8
6142,15.31,C,21.52
6143,9.67,B,13.59
6144,11.47,B,16.43
6145,8.08,A,4.41
6146,13.98,C,15.4
6147,22.91,E,23.9
6148,5.32,A,15.17
6149,13.98,C,23.76
6150,26.31,E,34.76
6151,14.31,C,30.81
6152,8.99,B,9.47
6153,11.55,B,13.47
6154,6.62,A,12.27
6155,9.99,B,18.55
6156,19.92,D,42.72
6157,16.29,C,18.69
6158,17.1,C,31.08
6159,16.99,D,27.31
6160,12.99,B,15.1
6161,15.95,D,13.96
6162,8.46,A,10.71
6163,11.05,B,11.04
6164,15.05,C,21.76
6165,10.91,B,14.47
6166,5.32,A,15.01
6167,10.99,B,7.49
6168,9.44,B,17.37
6169,7.99,A,5.95
6170,15.05,C,25.45
6171,15.02,C,17.38
6172,9.67,B,24.14
6173,13.67,B,16.15
6174,8.99,B,30.28
6175,7.89,A,18.45
6176,8.24,B,14.26
6177,11.99,B,16.76
6178,7.39,A,19.89
6179,6.24,A,30.28
6180,12.99,C,9.51
6181,11.49,B,15.82
6182,10.99,B,21.99
6183,13.56,C,23.02
6184,6.97,A,23.33
6185,14.33,C,18.6
6186,11.8,B,15.19
6187,9.99,B,16.56
6188,22.35,D,24.63
6189,14.47,C,27.87
6190,13.56,C,6.61
6191,10.99,B,17.5
6192,14.99,C,15.59
6193,10.47,B,3.85
6194,15.02,C,7.14
6195,7.21,A,15.26
6196,14.08,C,24.3
6197,11.44,B,15.32
6198,11.99,B,19.2
6199,9.49,B,25.74
6200,19.99,D,33.37
6201,13.11,B,20.18
6202,23.99,E,24.98
6203,26.3,E,15.25
6204,25.82,E,19.27
6205,20,D,32.43
6206,9.43,B,18.02
6207,13.99,C,6.72
6208,25.69,F,15.88
6209,14.99,C,19.28
6210,7.99,A,18.44
6211,6.49,A,15.64
6212,26.99,F,24.48
6213,10.99,B,16.89
6214,23.99,E,18.56
6215,11.99,B,16.43
6216,14.99,C,20.13
6217,10.16,B,23.42
6218,16.46,C,11.28
6219,14.98,C,17.04
6220,16.29,D,10.92
6221,7.89,A,4.69
6222,13.59,C,2.86
6223,16.99,D,14.97
6224,15.02,C,5.59
6225,11.99,B,21.31
6226,9.44,B,20.7
6227,13.33,C,8.63
6228,12.12,B,5.05
6229,16.91,C,7.96
6230,9.99,B,3.53
6231,20,D,8.01
6232,11.53,B,10.55
6233,19.52,D,9.61
6234,8.94,A,12.44
6235,7.49,A,17.79
6236,11.99,B,10.66
6237,11.99,C,24.95
6238,13.67,C,20.99
6239,11.47,B,18.88
6240,13.11,B,14.94
6241,9.44,B,15.26
6242,22.95,F,13.2
6243,12.88,C,11.47
6244,18.94,D,21
6245,14.47,C,11.78
6246,14.99,C,17.54
6247,10.42,B,34.53
6248,24.99,F,17.14
6249,12.29,C,20.8
6250,10.99,B,5.01
6251,13.67,C,24.56
6252,9.49,B,11.61
6253,7.49,A,26.22
6254,11.49,B,41.42
6255,8.24,B,8.44
6256,13.33,C,16.81
6257,10.08,B,10.85
6258,13.67,C,20.11
6259,14.08,C,8.74
6260,8.19,A,18.01
6261,20,D,16.95
6262,13.59,C,17.44
6263,7.62,A,9.43
6264,8.46,A,23.8
6265,13.49,C,16.41
6266,8.39,B,11.73
6267,12.79,C,19.46
6268,16.01,C,18.92
6269,15.05,C,24.14
6270,12.74,C,34.93
6271,14.16,C,29.38
6272,11.49,B,10.59
6273,15.1,C,16.94
6274,14.99,C,4.61
6275,5.32,A,19.23
6276,13.99,C,15.26
6277,11.99,B,4.35
6278,13.99,C,28.41
6279,16.02,C,1.58
6280,10.75,B,24.05
6281,17.1,C,12.79
6282,9.17,B,28.09
6283,7.9,A,28.31
6284,16.99,D,9.18
6285,21.97,E,21.35
6286,14.46,C,14.8
6287,16.46,C,10.13
6288,8.18,B,37.54
6289,14.31,C,15.2
6290,13.53,B,15.85
6291,10.75,B,17.45
6292,6.03,A,10.26
6293,11.05,B,27.1
6294,16.99,D,18.01
6295,5.32,A,17.1
6296,13.59,C,10.68
6297,10.15,B,14.82
6298,7.99,A,17.29
6299,23.7,F,31.94
6300,15.31,C,38.31
6301,11.99,B,5.01
6302,7.21,A,8.69
6303,9.67,B,14.78
6304,15.61,D,26.55
6305,18.94,D,14.34
6306,7.34,A,8.2
6307,8.18,B,18.96
6308,12.35,B,19.33
6309,11.44,B,6.08
6310,7.07,A,15.17
6311,7.89,A,15.89
6312,24.99,F,21.56
6313,7.21,A,8.64
6314,10.47,B,31.42
6315,10.99,B,21.81
6316,13.65,C,9.11
6317,13.49,C,21.58
6318,9.99,B,17.56
6319,19.99,D,19.35
6320,12.69,C,12.92
6321,19.92,D,37.5
6322,10.91,B,21.71
6323,17.47,D,31.77
6324,10.08,B,25.94
6325,8.39,A,20.05
6326,5.32,A,47.11
6327,13.56,C,18.68
6328,14.99,C,21.87
6329,13.49,C,8.45
6330,9.17,B,14.56
6331,13.35,C,6.8
6332,9.17,B,33.95
6333,8.49,B,4.36
6334,9.17,B,29.92
6335,11.99,C,21.53
6336,19.99,E,34.48
6337,11.49,B,30.33
6338,9.92,B,30.89
6339,5.32,A,18.7
6340,11.49,B,13.5
6341,11.99,C,23.04
6342,6.08,A,14.24
6343,22.2,E,19.67
6344,9.17,B,22.07
6345,10.9,B,17.5
6346,11.22,B,9.16
6347,7.39,A,17.49
6348,17.97,D,38.9
6349,18.49,D,18.66
6350,13.99,C,7.98
6351,12.74,C,22.5
6352,19.99,E,6.64
6353,11.67,B,22.28
6354,18.75,D,17.95
6355,14.46,C,25.54
6356,14.52,C,8.9
6357,11.06,B,9.6
6358,6.92,A,19.97
6359,6.19,A,12.04
6360,14.46,C,23.08
6361,13.67,C,4.09
6362,10.91,B,4.28
6363,7.9,A,14.78
6364,19.42,D,28.87
6365,16.99,D,27.01
6366,11.99,B,26.03
6367,12.79,C,11.26
6368,8.46,A,11.86
6369,20.89,D,27.35
6370,7.49,A,17
6371,19.52,E,28.84
6372,16.29,D,31.99
6373,6.83,A,19.87
6374,5.32,A,8.51
6375,14.33,C,30.46
6376,20.75,E,10.43
6377,17.57,D,25.72
6378,11.47,B,23.73
6379,13.59,C,16.98
6380,16.99,D,34.42
6381,13.68,C,24.49
6382,8.24,B,23.11
6383,8.39,A,15.12
6384,14.09,B,14.78
6385,20.99,E,9.52
6386,9.44,B,30.22
6387,16.99,D,27.12
6388,8.81,A,25.44
6389,11.8,B,12.27
6390,14.48,C,18.21
6391,11.05,B,7.05
6392,13.99,C,33.01
6393,5.32,A,18.77
6394,14.08,C,11.15
6395,23.87,E,28.05
6396,14.08,C,18.55
6397,11.53,B,19.21
6398,22.4,E,14.65
6399,13.58,C,28.67
6400,11.49,B,8.42
6401,8.19,A,14.09
6402,14.85,C,38.23
6403,11.99,B,17.71
6404,9.71,B,7.32
6405,14.08,C,9.92
6406,8.9,A,6.23
6407,7.39,A,4.72
6408,14.08,C,16.77
6409,9.63,A,16.33
6410,23.76,F,21.63
6411,13.99,C,20.31
6412,19.99,D,17.04
6413,17.57,D,29.58
6414,15.61,C,20.88
6415,13.66,C,21.54
6416,10.47,B,29.73
6417,10.99,B,19.39
6418,24.99,E,8.29
6419,7.99,A,11.59
6420,6.62,A,9.87
6421,7.07,A,14.32
6422,16.02,C,11.37
6423,12.69,C,22.87
6424,9.75,B,17.63
6425,17.27,D,32.37
6426,11.99,C,23.96
6427,12.13,B,
6428,18.55,E,29.47
6429,12.62,C,17.31
6430,13.49,C,27.71
6431,11.48,B,18.94
6432,15.31,C,32.77
6433,14.46,C,19
6434,21.85,D,28.08
6435,29.69,F,11.5
6436,9.44,B,19.65
6437,7.35,A,15.47
6438,18.25,E,37.05
6439,7.97,A,20.63
6440,27.31,G,22.25
6441,5.32,A,20.3
6442,17.27,D,27.08
6443,16.91,C,32.11
6444,13.11,B,24.88
6445,10.08,B,9.73
6446,13.99,C,39.24
6447,13.59,C,12.87
6448,8.18,B,5.18
6449,9.17,B,10.49
6450,17.99,D,20.34
6451,9.58,B,28.26
6452,11.39,B,3.31
6453,16.91,C,18.02
6454,15.05,C,25.33
6455,13.49,C,28.56
6456,12.74,C,13.56
6457,9.99,B,9.18
6458,19.99,D,23.4
6459,12.05,C,26.05
6460,10.16,B,27.42
6461,12.74,C,29.4
6462,9.99,B,20.45
6463,16.49,D,25.59
6464,10.91,B,13.25
6465,30.94,G,18.67
6466,14.09,B,14.11
6467,7.88,A,0.74
6468,10.91,B,41.85
6469,7.21,A,7.2
6470,15.49,C,15.25
6471,10.15,B,8.85
6472,7.89,A,16.62
6473,7.9,A,16.78
6474,6.71,A,8.77
6475,12.62,C,23.34
6476,8.9,A,4
6477,23.99,E,17.91
6478,5.32,A,16.14
6479,6.03,A,13.66
6480,12.13,B,25.27
6481,12.69,C,33.09
6482,10.99,B,16.28
6483,10.08,B,24.53
6484,11.99,B,9.89
6485,15.8,C,16.26
6486,12.99,C,15.6
6487,11.22,B,22.05
6488,30.79,G,32.06
6489,9.92,B,8.02
6490,16.2,C,29.14
6491,6.19,A,17.76
6492,6.49,A,7.33
6493,16.55,D,28.19
6494,16.01,C,36.16
6495,7.62,A,18.52
6496,20.99,E,40.16
6497,8.18,B,17.31
6498,15.05,C,25.07
6499,15.05,C,34.62
6500,19.05,D,10.78
6501,14.16,C,21.41
6502,6.62,A,2.55
6503,11.99,B,31.11
6504,12.62,C,28.61
6505,6.72,A,22.04
6506,30.79,G,21.47
6507,9.49,B,25.67
6508,16.99,D,9.77
6509,12.29,C,9.92
6510,13.33,C,11.36
6511,11.44,B,21.93
6512,8.81,A,11.85
6513,13.99,C,36.26
6514,11.47,B,25.04
6515,18.25,E,22.82
6516,12.59,C,15.86
6517,13.11,B,20.09
6518,7.49,A,9.65
6519,13.33,C,8.94
6520,7.21,A,22.76
6521,16.02,C,19.67
6522,17.86,D,24.16
6523,7.84,A,7.95
6524,20.3,E,15.78
6525,7.21,A,10.5
6526,16.46,C,18.24
6527,10.99,B,13.54
6528,16.02,C,7.29
6529,17.27,D,24.58
6530,19.99,E,33.33
6531,10.75,B,12.8
6532,12.79,C,33.81
6533,18.45,D,12.43
6534,10.9,B,19.05
6535,10.42,B,29.59
6536,11.48,B,5.72
6537,15.31,C,18.86
6538,12.62,C,23.47
6539,8.9,A,2.77
6540,13.99,C,8.77
6541,12.42,B,24.06
6542,20.89,D,29.69
6543,7.62,A,25.29
6544,9.71,B,8.52
6545,8.38,B,32.31
6546,11.47,B,7.91
6547,21.85,D,29.56
6548,7.39,A,3.2
6549,14.49,C,20.21
6550,14.99,C,31.02
6551,25.34,E,22.53
6552,16.01,C,19.79
6553,9.43,B,16.55
6554,17.86,D,20.36
6555,12.62,C,16.24
6556,11.98,B,3.31
6557,15.99,C,18.64
6558,6.99,A,5.52
6559,6.97,A,12.81
6560,9.92,B,7.09
6561,8.67,B,11.75
6562,17.27,D,23.24
6563,8.19,A,16.76
6564,15.21,D,7.43
6565,7.34,A,27.36
6566,7.49,A,10.77
6567,14.98,C,23.6
6568,21.99,F,27.79
6569,7.62,A,7.47
6570,15.31,C,35.89
6571,12.29,C,12.3
6572,14.47,C,29
6573,5.32,A,11.33
6574,6.46,A,11.2
6575,6.71,A,10
6576,16.91,C,8.69
6577,24.37,E,18.84
6578,11.99,C,19.77
6579,18.06,D,6.59
6580,7.97,A,31.28
6581,12.73,B,8.28
6582,16.55,D,35.9
6583,19.92,D,22.27
6584,14.99,C,17.25
6585,11.55,B,16.38
6586,11.53,B,9.68
6587,13.35,C,29.4
6588,13.49,C,1.99
6589,6.83,A,8.34
6590,10.47,B,30.15
6591,8.67,B,25.75
6592,6.67,A,16.67
6593,14.09,B,20.66
6594,12.99,C,14.66
6595,10.75,B,18.66
6596,13.59,C,25.86
6597,16.14,C,18.49
6598,12.99,C,12.57
6599,10.99,B,10.35
6600,10.08,B,19.19
6601,10.91,B,22.8
6602,13.59,C,27.75
6603,17.99,D,25.27
6604,14.08,C,19.42
6605,22.95,F,17.65
6606,5.32,A,10.46
6607,16.99,D,16.14
6608,11.99,B,14.42
6609,11.99,B,25.33
6610,16.29,D,18.05
6611,8.81,A,13.64
6612,13.49,C,14.42
6613,10.75,B,8.82
6614,7.56,A,16.32
6615,10.9,B,33.56
6616,10.49,B,32.65
6617,6.49,A,8.72
6618,7.84,A,34.92
6619,18.06,D,7.16
6620,11.49,B,19.37
6621,10.99,B,26.33
6622,7.49,A,0.35
6623,11.39,B,26
6624,12.69,C,22.34
6625,7.39,A,14.5
6626,15.02,C,44.41
6627,10.99,B,17.5
6628,6.49,A,12
6629,19.99,D,26.74
6630,10.42,B,8.51
6631,11.99,B,8.59
6632,11.99,B,11.98
6633,7.89,A,25.88
6634,11.99,B,15.23
6635,18.92,D,28.06
6636,12.39,C,26.77
6637,12.59,C,28.29
6638,13.99,C,17.06
6639,10.99,B,19.82
6640,8.39,B,13.17
6641,14.49,C,20.52
6642,18.55,D,27.84
6643,6.89,A,12.68
6644,10.99,B,3.97
6645,14.99,C,23.52
6646,16.55,D,21.96
6647,11.53,B,30.64
6648,16.14,C,22.25
6649,14.99,C,21.87
6650,12.29,C,30.42
6651,18.25,E,17.52
6652,9.93,B,5.1
6653,15.31,C,24.66
6654,13.67,C,17.28
6655,24.11,F,24.8
6656,18.99,D,11.88
6657,7.49,A,15.61
6658,17.77,D,8.01
6659,14.99,C,20.02
6660,11.99,B,21.26
6661,12.12,B,19.18
6662,17.47,D,27.96
6663,18.54,E,18.6
6664,12.99,C,18.03
6665,5.32,A,14.91
6666,19.99,E,35
6667,7.49,A,18.6
6668,9.58,B,17.43
6669,11.44,B,22.98
6670,14.08,C,32.3
6671,14.03,C,4.97
6672,11.44,B,24.22
6673,13.35,C,19.51
6674,16.55,D,29.15
6675,11.14,B,6.15
6676,8.9,A,11.16
6677,15.02,C,21.21
6678,16.99,D,32.46
6679,10.91,B,25.02
6680,17.27,C,26.37
6681,16.29,D,17.89
6682,10.47,B,8.3
6683,6.67,A,7.46
6684,12.73,B,13.77
6685,10.91,B,17.31
6686,21.45,D,14.47
6687,9.99,B,9.53
6688,12.69,C,4.22
6689,15.61,C,4.83
6690,6.49,A,23.33
6691,10.99,B,28.85
6692,16.14,C,12.55
6693,13.59,C,25.77
6694,7.39,A,12.93
6695,18.24,D,25.42
6696,10.75,B,3.36
6697,8.59,A,23.67
6698,20.39,D,21.4
6699,22.4,E,11.53
6700,14.64,C,5.2
6701,7.02,A,16.39
6702,9.44,B,23.08
6703,17.09,D,17.16
6704,7.07,A,7.52
6705,16.02,C,25.86
6706,12.62,C,18.51
6707,15.99,C,31.52
6708,16.29,D,12.86
6709,14.08,C,26.67
6710,13.98,C,13.68
6711,12.49,B,17.74
6712,19.99,E,34.7
6713,6,D,12.9
6714,12.59,C,19.58
6715,14.46,C,37.86
6716,14.08,C,18.47
6717,6.11,A,11.76
6718,5.32,A,30.85
6719,11.49,B,9.63
6720,9.17,B,18.13
6721,13.99,C,4.92
6722,15.99,D,18.82
6723,25.89,G,18.55
6724,15.02,C,9.64
6725,17.86,D,19.75
6726,7.99,A,23.18
6727,11.53,B,16.05
6728,16.29,C,26.51
6729,14.85,C,25.37
6730,6.03,A,9.66
6731,8.19,A,14.89
6732,6.19,A,12.93
6733,8.59,A,23.68
6734,10.91,B,13.5
6735,11.49,B,13.35
6736,16.01,C,27.07
6737,7.34,A,10.28
6738,9.44,B,15.3
6739,6.07,A,52.38
6740,15.05,C,23.5
6741,7.35,A,16.6
6742,15.05,C,26.31
6743,9.58,B,20.82
6744,17.09,D,20.88
6745,10.99,B,16.26
6746,7.97,A,27.61
6747,14.03,C,36.34
6748,9.17,B,18.88
6749,6.24,A,5.23
6750,7.35,A,16.3
6751,16.02,C,21.38
6752,17.99,D,18.71
6753,13.59,C,23.21
6754,11.53,B,14.53
6755,18.06,D,16.47
6756,10.99,B,12.31
6757,24.99,F,19.87
6758,7.89,A,9.86
6759,10.42,B,7.08
6760,25.82,E,36.41
6761,14.65,C,21.91
6762,10.75,B,24.48
6763,12.49,B,24.42
6764,9.16,B,10.01
6765,8.99,B,28.38
6766,11.44,B,23.09
6767,13.33,C,19.36
6768,13.56,C,23.98
6769,11.49,B,8.03
6770,11.53,B,16.27
6771,17.57,D,9.22
6772,13.35,C,13.31
6773,14.64,C,28.8
6774,14.52,C,16.19
6775,5.32,A,16.03
6776,16.99,D,32.4
6777,19.03,D,24.96
6778,21.85,D,36.6
6779,18.55,E,26.04
6780,12.69,C,12.72
6781,17.47,D,21.43
6782,15.05,C,27.86
6783,8.39,B,14.61
6784,18.25,D,12.39
6785,12.12,B,7.6
6786,9.49,B,8.82
6787,16.99,D,15.28
6788,8.46,A,18.48
6789,16.29,C,25.52
6790,9.93,B,16.56
6791,10.99,B,16.97
6792,11.14,B,8.63
6793,19.03,D,9.13
6794,14.08,C,18.02
6795,10.49,B,12.11
6796,12.29,C,21.94
6797,12.29,C,15.34
6798,9.8,B,7.03
6799,13.49,C,11.68
6800,7.26,A,26.64
6801,21.49,D,0.17
6802,11.67,B,8.9
6803,16.2,C,34.84
6804,11.44,B,30.56
6805,5.32,A,17.6
6806,14.08,C,21.59
6807,18.25,D,13.1
6808,16.99,D,30.18
6809,9.99,B,15.04
6810,9.43,B,7.3
6811,13.49,C,16.2
6812,6.91,A,2.77
6813,8.19,A,13.04
6814,13.11,B,13.78
6815,11.99,B,22.29
6816,26.77,E,11.19
6817,10.99,B,6.12
6818,13.99,C,13.16
6819,12.49,B,11.65
6820,16.99,D,28.71
6821,10.49,B,31.35
6822,11.99,C,17.2
6823,19.03,D,5.95
6824,22.35,D,37.24
6825,14.07,C,11.05
6826,6.03,A,20.7
6827,12.69,C,22.22
6828,7.89,A,19.07
6829,13.22,C,0.65
6830,12.74,C,25.34
6831,10.08,B,29.34
6832,7.9,A,11.52
6833,11.06,B,39.31
6834,16.14,C,14.05
6835,10.42,B,24.67
6836,21.85,D,25.27
6837,22.45,F,22.41
6838,20,D,23.88
6839,15.02,C,19.61
6840,13.49,C,12.81
6841,6.83,A,21.8
6842,5.32,A,9.24
6843,7.97,A,10.95
6844,17.57,D,5.21
6845,12.73,B,19.27
6846,17.57,D,12.79
6847,17.57,D,25.64
6848,10.99,B,15.22
6849,14.59,D,8.71
6850,15.61,D,34.97
6851,15.05,C,12.38
6852,8.38,B,32.61
6853,14.72,C,10.97
6854,9.99,B,28.3
6855,9.45,B,11.69
6856,16.29,D,21.32
6857,9.75,B,32.21
6858,11.99,B,36.42
6859,22.74,E,30.45
6860,10.64,B,9.9
6861,7.35,A,15.7
6862,11.49,B,26.29
6863,19.42,D,12.86
6864,23.28,F,6.77
6865,10.07,B,14.04
6866,19.03,D,20.72
6867,8.24,B,19.81
6868,11.99,B,28.99
6869,12.74,C,17.78
6870,19.99,E,18.13
6871,9.91,B,9.76
6872,15.77,D,21.1
6873,13.67,C,8.74
6874,15.77,D,6.57
6875,12.62,C,6.27
6876,13.06,C,20.54
6877,14.31,C,24.28
6878,13.53,B,21.05
6879,6.62,A,1.84
6880,17.27,D,15
6881,12.29,C,19.28
6882,15.41,D,33.29
6883,24.99,F,32.52
6884,10.47,B,10.14
6885,6.99,A,0.61
6886,11.99,B,21.86
6887,13.67,C,15.39
6888,30.89,G,23.44
6889,9.17,B,20.3
6890,10.64,B,12.6
6891,7.84,A,2.08
6892,11.49,B,18.27
6893,10.59,B,14.18
6894,11.05,B,13.83
6895,18.99,E,12.77
6896,13.47,C,16.54
6897,14.99,C,8.45
6898,10.99,B,21.41
6899,13.67,C,8.58
6900,20.39,D,31.25
6901,9.75,B,6.14
6902,6.03,A,14.32
6903,8.19,A,12.84
6904,19.52,D,9.09
6905,16.29,D,7.93
6906,14.47,C,20.92
6907,20.39,D,23.5
6908,11.47,B,19.3
6909,7.59,A,17.37
6910,10.99,B,15.77
6911,18.25,D,19.89
6912,20.39,D,21.54
6913,19.03,D,17.09
6914,11.49,B,10.72
6915,12.99,C,20.33
6916,9.49,B,18.03
6917,13.11,B,12.51
6918,12.62,C,21.09
6919,18.55,D,27.31
6920,14.08,C,9.99
6921,10.56,B,6.9
6922,18.94,D,15.8
6923,12.98,B,21.58
6924,7.89,A,19.38
6925,11.55,B,29.22
6926,11.99,B,30.2
6927,19.99,E,8.45
6928,9.17,B,11.38
6929,6.99,A,21.2
6930,20.75,E,25.45
6931,12.79,C,20
6932,25.82,E,27.12
6933,13.49,C,3.93
6934,5.32,A,21.03
6935,13.99,C,19.09
6936,20.39,D,8.95
6937,19.99,D,25.65
6938,9.99,B,9.96
6939,9.17,B,22.24
6940,12.12,B,7.8
6941,14.65,C,24.32
6942,14.03,C,9.67
6943,19.03,D,34.64
6944,9.8,B,27.82
6945,13.99,C,15.64
6946,12.61,C,20.14
6947,12.99,C,7.09
6948,6.03,A,5.29
6949,11.89,B,22.3
6950,9.67,B,15.23
6951,15.61,D,20.46
6952,11.49,B,11.53
6953,12.69,C,14.97
6954,23.99,F,29.08
6955,14.99,C,13.24
6956,15.41,D,38.6
6957,15.99,C,23.31
6958,5.32,A,5.35
6959,18.94,D,24.31
6960,16.99,D,9.69
6961,18.49,E,14.13
6962,12.69,C,31.77
6963,13.99,C,11.84
6964,13.56,C,13.04
6965,11.55,B,15.06
6966,9.17,B,10.65
6967,23.4,E,17.5
6968,19.72,D,12.97
6969,14.48,C,23.93
6970,12.74,C,14.75
6971,8.99,B,4.2
6972,14.99,C,28.17
6973,15.61,C,20.04
6974,11.99,C,18.21
6975,18.99,D,7.81
6976,16.29,C,18.45
6977,19.99,E,5.38
6978,9.93,B,32.74
6979,17.86,D,35.48
6980,18.06,D,26.05
6981,10.99,B,19.32
6982,5.32,A,17.16
6983,10.64,B,23.35
6984,16.91,C,22.88
6985,10.99,B,6.97
6986,15.04,C,37.91
6987,15.61,D,24.18
6988,16.02,C,24.02
6989,5.32,A,27.77
6990,12.88,C,35.01
6991,20.99,E,20.45
6992,6.49,A,25.85
6993,9.17,B,13.59
6994,11.49,B,19.82
6995,9.99,B,36.17
6996,11.44,B,19.32
6997,12.29,C,29.29
6998,13.67,C,16.49
6999,20.89,D,17.27
7000,10.74,B,17.28
7001,17.99,D,33.38
7002,11.44,B,18.12
7003,11.49,B,10.49
7004,10.99,B,7.94
7005,9.99,B,37.03
7006,11.53,B,13.49
7007,10.75,B,20.13
7008,7.89,A,4.68
7009,5.31,A,29
7010,7.07,A,16.76
7011,25.83,G,20
7012,10.91,B,23.06
7013,5.32,A,5.2
7014,11.99,B,30.05
7015,14.65,C,8.68
7016,13.33,C,7.01
7017,11.55,B,23.67
7018,16.14,C,25.79
7019,10.15,B,20.9
7020,14.49,C,20.17
7021,19.99,E,26.88
7022,9.16,B,2.43
7023,12.99,C,28.3
7024,9.17,B,16.63
7025,13.67,C,22.37
7026,10.74,B,6.99
7027,12.99,C,12.6
7028,7.84,A,18.08
7029,9.75,B,16.32
7030,13.67,C,19.85
7031,19.03,D,29.3
7032,6.71,A,6.3
7033,14.49,C,27.15
7034,15.59,C,22.57
7035,17.76,D,5.7
7036,11.55,B,13.08
7037,10.47,B,18.9
7038,7.35,A,19.53
7039,9.99,B,22.02
7040,8.99,B,11.24
7041,18.49,D,30.97
7042,10.16,B,15.71
7043,8.24,B,18.61
7044,17.47,D,21.83
7045,11.39,B,13.03
7046,10.91,B,8.14
7047,7.84,A,10.47
7048,20.39,D,32.16
7049,19.92,D,16.05
7050,18.99,D,25.28
7051,12.13,B,12.85
7052,15.31,C,27.62
7053,5.32,A,2.93
7054,10.15,B,15.86
7055,15.05,C,28.42
7056,5.31,A,5.61
7057,13.67,C,17.59
7058,6.08,A,8.49
7059,8.18,B,20.12
7060,13.56,C,8.81
7061,9.58,B,24.51
7062,19.99,D,31.11
7063,8.9,A,16.05
7064,11.98,B,29.04
7065,13.66,C,10.44
7066,11.99,C,22.31
7067,13.99,C,22.64
7068,14.99,C,20.03
7069,15.99,C,23.93
7070,12.29,C,21.39
7071,13.67,C,31.55
7072,12.74,C,22.53
7073,18.49,D,18.59
7074,6.24,A,8.99
7075,21.99,F,10.57
7076,10.9,B,12.43
7077,10.49,B,19.8
7078,10.99,B,5.31
7079,11.49,B,13.09
7080,10.49,B,23.86
7081,11.67,B,24.32
7082,15.05,C,7.78
7083,22.39,E,8.79
7084,19.24,E,22.03
7085,9.16,B,30.84
7086,15.04,C,0.7
7087,15.31,C,12.81
7088,9.93,B,25.85
7089,10.49,B,25.69
7090,20,D,49
7091,13.67,C,15.6
7092,12.13,B,5.35
7093,9.17,B,24.49
7094,6.62,A,2.64
7095,8.19,A,12.53
7096,20.49,E,15.98
7097,19.42,D,30.63
7098,22.35,D,40.77
7099,13.33,C,28.45
7100,13.49,C,16.16
7101,6.62,A,3.32
7102,11.99,C,11.84
7103,15.31,C,2.15
7104,12.29,C,11.49
7105,6.83,A,20.04
7106,10.99,B,19.29
7107,6.49,A,20.36
7108,6.07,A,18.9
7109,16.99,D,27.89
7110,9.17,B,16.82
7111,17.57,D,21.74
7112,5.32,A,12.94
7113,12.98,B,13.35
7114,13.33,C,21.19
7115,11.55,B,35.15
7116,8.18,B,29.73
7117,15.99,C,31.25
7118,7.07,A,4.84
7119,12.62,C,29.62
7120,23.99,E,24.41
7121,14.07,C,12.35
7122,13.49,C,8.36
7123,19.92,D,17.96
7124,14.96,D,4.22
7125,6.83,A,14.23
7126,6.89,A,7.73
7127,9.67,B,21.2
7128,12.74,C,24.19
7129,9.17,B,18.31
7130,13.35,C,9.55
7131,14.47,C,31.06
7132,10.47,B,16.22
7133,15.05,C,24.33
7134,5.32,A,17.36
7135,17.09,D,27.39
7136,15.31,C,20.53
7137,8.39,B,11.07
7138,24.08,F,18.41
7139,9.44,B,21.74
7140,9.93,B,32.9
7141,18.99,D,20.32
7142,16.02,C,14.49
7143,12.62,C,24.47
7144,7.07,A,18.77
7145,8.39,B,28.64
7146,16.91,C,26.07
7147,24.99,E,21.46
7148,11.44,B,18.97
7149,10.91,B,14.33
7150,8.99,B,15.67
7151,18.06,D,21.8
7152,18.99,D,21.05
7153,7.84,A,7.33
7154,12.69,C,27.21
7155,7.51,A,14.33
7156,8.59,A,17.3
7157,12.62,C,13.98
7158,17.27,D,3.32
7159,5.93,A,15.59
7160,11.98,B,31.98
7161,16.29,D,16.06
7162,10.42,B,2.84
7163,13.99,C,30.4
7164,16.02,C,3.1
7165,6.49,A,9.75
7166,11.44,B,12.94
7167,17.47,D,32.94
7168,9.44,B,26.69
7169,12.29,C,24.16
7170,8.18,B,3.65
7171,12.99,C,31.55
7172,15.88,C,27.94
7173,13.99,C,15.97
7174,28.99,G,14.92
7175,12.99,C,37.48
7176,12.13,B,7.09
7177,17.27,D,25.64
7178,12.62,C,18.22
7179,10.56,B,13.84
7180,13.33,C,15.09
7181,9.44,B,3.01
7182,9.8,B,23.41
7183,11.99,B,23.9
7184,14.99,C,26.68
7185,5.32,A,9.44
7186,13.56,C,24.3
7187,18.2,E,17.15
7188,11.99,B,33.35
7189,17.47,D,36.84
7190,26.31,E,15.82
7191,9.92,B,10.51
7192,10.75,B,55.42
7193,26.77,E,29.53
7194,7.97,A,13.56
7195,16.01,C,23.94
7196,14.09,B,26.78
7197,8.24,B,10.23
7198,16.99,D,13.99
7199,18.84,E,20.54
7200,13.66,C,36.66
7201,9.92,B,4.99
7202,12.29,C,24.1
7203,9.93,B,6.56
7204,9.17,B,15.25
7205,17.57,D,28.38
7206,16.91,C,4.23
7207,14.08,C,10.24
7208,11.14,B,8.72
7209,12.74,C,9.95
7210,19.99,E,29.89
7211,6.99,A,20.63
7212,10.99,B,18.88
7213,7.89,A,20.27
7214,13.66,C,35.6
7215,11.99,C,10.93
7216,11.55,B,82.42
7217,9.16,B,9.89
7218,13.18,C,31.52
7219,10.99,B,17.03
7220,11.55,B,15.23
7221,10.49,B,22.22
7222,16.59,D,14.44
7223,11.49,B,20.94
7224,10.99,B,21.02
7225,13.99,C,24.3
7226,14.08,C,27.69
7227,12.29,C,7.36
7228,13.98,C,7.96
7229,10.49,B,18.19
7230,12.69,C,20.5
7231,7.34,A,1.99
7232,10.47,B,16.77
7233,10.49,B,15.1
7234,12.62,C,23.63
7235,6.97,A,13.1
7236,10.08,B,37.92
7237,11.99,C,12.22
7238,13.66,C,19.65
7239,22.45,E,15.87
7240,14.08,C,14.32
7241,15.02,C,19.94
7242,14.33,C,21.26
7243,16.91,C,19.34
7244,13.33,C,25.38
7245,26.3,E,8.72
7246,17.86,D,18.06
7247,7.21,A,19.41
7248,11.99,B,9.97
7249,7.9,A,18.23
7250,12.29,C,9.04
7251,16.99,D,27.17
7252,16.77,E,11.52
7253,5.32,A,20.05
7254,15.59,C,32.17
7255,9.49,B,11.48
7256,17.97,D,2.03
7257,6.11,A,9.22
7258,5.93,A,17.21
7259,6.62,A,24.5
7260,6.89,A,11.36
7261,16.99,D,20.07
7262,8.39,A,13.5
7263,11.53,B,20.77
7264,5.32,A,7.19
7265,30.17,F,36.7
7266,20.89,D,8.43
7267,16.02,C,35.55
7268,7.89,A,14.01
7269,13.67,C,33.78
7270,15.99,C,16.67
7271,16.02,C,20.55
7272,12.29,C,19.78
7273,13.99,C,19.97
7274,17.14,D,17.94
7275,10.42,B,5.43
7276,18.06,D,7.15
7277,12.29,C,15.65
7278,10.99,B,14.86
7279,10.33,B,6.35
7280,5.31,A,9.12
7281,16.99,D,25.58
7282,9.43,B,15.89
7283,7.89,A,16.39
7284,17.77,D,4.45
7285,13.99,C,23.35
7286,8.39,A,24.01
7287,19.03,D,22.1
7288,7.21,A,17.71
7289,14.47,C,27.64
7290,10.49,B,3.13
7291,15.59,C,11.5
7292,12.12,B,23.04
7293,13.56,C,18.64
7294,22.39,E,8.2
7295,6.72,A,16.81
7296,6.49,A,2.12
7297,10.16,B,14.37
7298,12.62,C,76.2
7299,14.99,C,28.06
7300,15.05,C,11.25
7301,10.25,B,0
7302,7.62,A,11.26
7303,11.14,B,17.86
7304,22.35,D,22.56
7305,7.07,A,9.03
7306,12.12,B,9.39
7307,10.42,B,7.45
7308,5.32,A,16.94
7309,8.39,B,20.55
7310,8.24,B,10.91
7311,17.47,D,31.9
7312,10.42,B,65.57
7313,14.46,C,6.58
7314,12.29,C,17.27
7315,12.62,C,25.96
7316,15.05,C,11.71
7317,13.49,C,25.11
7318,19.03,D,19.49
7319,13.49,C,15.18
7320,16.78,C,16.92
7321,15.41,D,36.15
7322,11.55,B,34.92
7323,17.86,D,37.27
7324,13.33,C,28.64
7325,23.88,E,34.72
7326,5.32,A,11.82
7327,13.59,C,33.66
7328,10.99,B,9.24
7329,11.05,B,15.93
7330,12.05,C,27.08
7331,19.52,D,18.56
7332,18.25,D,11.87
7333,6.67,A,4.4
7334,11.67,B,4.63
7335,21.49,D,20.1
7336,10.47,B,17.84
7337,11.99,B,7.95
7338,7.26,A,24.25
7339,14.49,C,21.47
7340,8.94,A,12.17
7341,10.07,B,11.62
7342,11.53,B,13.15
7343,16.01,C,13.05
7344,17.57,D,18.67
7345,25.82,E,20.47
7346,30.99,G,10.53
7347,18.06,D,27.36
7348,15.05,C,29.11
7349,15.31,C,15.67
7350,22.99,F,15.4
7351,19.2,D,14.84
7352,8.94,A,13.82
7353,21.85,D,21.09
7354,11.67,B,19.21
7355,11.47,B,23.54
7356,17.57,D,8.37
7357,22.39,E,12.35
7358,19.99,E,13.11
7359,16.99,D,8.97
7360,11.55,B,4.65
7361,9.75,B,27.4
7362,12.69,B,21.02
7363,14.49,C,17.77
7364,10.56,B,0.74
7365,18.99,D,24.63
7366,10.49,B,15.35
7367,12.99,C,12.32
7368,16.46,C,17.88
7369,10.49,B,20.8
7370,12.29,C,6.31
7371,14.85,C,24.17
7372,16.55,D,25.94
7373,6.08,A,13.22
7374,11.44,B,12.72
7375,7.96,A,20.76
7376,14.99,C,3.34
7377,13.49,C,25.15
7378,11.99,B,19.89
7379,18.25,D,34.45
7380,22.45,E,6.71
7381,12.13,B,18.41
7382,29.99,F,23.66
7383,14.08,C,26.49
7384,19.99,D,11.94
7385,16.01,C,19.18
7386,6.99,A,1.43
7387,19.42,D,21.8
7388,8.9,A,19.1
7389,13.56,C,22.58
7390,7.97,A,13.37
7391,17.99,D,16.5
7392,18.94,D,26.51
7393,6.07,A,6.95
7394,15.99,C,7.58
7395,6.46,A,14.38
7396,9.44,B,20.04
7397,18.25,E,19.49
7398,18.45,D,9.58
7399,6.99,A,10.81
7400,7.89,A,14.81
7401,16.59,D,30.32
7402,11.47,B,18.45
7403,10.74,B,21.59
7404,27.34,G,3.46
7405,13.56,C,23.57
7406,16.55,D,28
7407,15.61,D,19.35
7408,14.49,C,12.6
7409,10.99,B,13.56
7410,15.8,C,14.12
7411,6.24,A,10.5
7412,16.55,D,12.1
7413,10.08,B,10.54
7414,6.49,A,6.1
7415,10.75,B,3.8
7416,6.19,A,18.3
7417,9.99,B,36.32
7418,8.18,B,19.03
7419,10.47,B,13.22
7420,7.84,A,8.27
7421,5.31,A,18.12
7422,20.2,E,9
7423,11.06,B,26.36
7424,10.49,B,21.93
7425,10.64,B,16.51
7426,14.46,C,11.1
7427,11.53,B,22.25
7428,10.9,B,17.57
7429,19.03,D,19.62
7430,24.5,F,15.7
7431,8.19,A,5.56
7432,16.59,D,9.13
7433,19.97,D,14.23
7434,8.24,B,18.48
7435,10.99,B,19.98
7436,20.89,D,3.74
7437,7.26,A,17.31
7438,12.74,C,10.92
7439,6.67,A,13.28
7440,9.17,B,29.75
7441,15.59,D,14.34
7442,10.9,B,12.27
7443,21.85,D,7.95
7444,6.72,A,50.36
7445,11.39,B,15.69
7446,14.08,C,22.58
7447,17.99,D,6.91
7448,6.49,A,21.56
7449,11.14,B,17.13
7450,30.79,G,17.22
7451,13.11,B,24.56
7452,5.32,A,10.38
7453,6.49,A,28.44
7454,14.08,C,11.53
7455,10.08,B,3.67
7456,7.21,A,12.47
7457,11.49,B,10.82
7458,21.45,D,10.61
7459,16.99,D,29.36
7460,9.93,B,15.25
7461,12.99,C,31.55
7462,13.53,B,11.74
7463,8.39,B,23.4
7464,6.39,A,1.71
7465,22.91,E,11.72
7466,16.02,C,15.75
7467,13.56,C,7.72
7468,9.71,B,15.86
7469,9.44,B,54.45
7470,10.49,B,19.01
7471,12.62,C,10.85
7472,16.02,C,24.05
7473,15.99,C,33.38
7474,11.99,C,19.64
7475,19.99,E,12.17
7476,10.99,B,14.31
7477,11.99,B,16.39
7478,8.24,B,13.26
7479,19.72,D,13.55
7480,11.11,B,18.33
7481,13.33,C,29.22
7482,13.99,C,37.16
7483,7.59,A,24.16
7484,9.93,B,15.31
7485,15.02,C,24.79
7486,24.99,F,11.04
7487,14.65,C,29.55
7488,30.84,G,22.81
7489,18.75,D,22.98
7490,14.98,C,18.81
7491,15.61,D,20.83
7492,11.99,C,17.84
7493,11.49,B,20.1
7494,6.67,A,24.49
7495,7.56,A,16.43
7496,28.72,F,36.89
7497,19.03,D,23.49
7498,10.91,B,10.08
7499,8.99,B,15.32
7500,13.33,C,5.74
7501,17.47,D,52.77
7502,12.62,C,7.56
7503,8.18,B,15.81
7504,6.83,A,28.92
7505,17.09,D,33.9
7506,16.55,D,32.18
7507,12.59,C,22.59
7508,11.39,B,3.95
7509,7.24,A,6.15
7510,11.48,B,10.24
7511,13.99,C,21.64
7512,11.8,B,12.9
7513,15.04,C,9.66
7514,6.72,A,14.35
7515,9.43,B,5.86
7516,21.85,D,4.15
7517,17.97,D,26.43
7518,19.99,E,19.23
7519,16.91,C,29.4
7520,13.99,C,11.67
7521,12.98,B,24.48
7522,20.99,E,8.76
7523,15.8,C,11.28
7524,11.44,B,22.73
7525,9.17,B,22.02
7526,12.49,B,11.41
7527,11.14,B,19.82
7528,9.17,B,10.72
7529,11.39,B,20.04
7530,13.99,C,27.63
7531,8.18,B,26.17
7532,8.19,A,20.45
7533,10.91,B,94.32
7534,9.25,A,9.14
7535,5.32,A,12.2
7536,15.99,D,33.12
7537,26.3,E,27.28
7538,9.49,B,14.2
7539,8.39,B,8.69
7540,5.32,A,18.81
7541,18.94,D,27.38
7542,19.89,E,43.78
7543,18.99,D,23.83
7544,12.69,C,20.85
7545,12.69,C,17.65
7546,7.21,A,6.77
7547,18.99,D,31.33
7548,6.49,A,28.37
7549,5.31,A,21.72
7550,21.49,D,27.35
7551,7.59,A,29.46
7552,10.99,B,4.59
7553,5.32,A,23.33
7554,23.32,E,32.25
7555,7.34,A,11.39
7556,6.11,A,15.7
7557,14.08,C,30.59
7558,7.49,A,25.55
7559,18.99,D,18.3
7560,24.89,G,31.63
7561,6.07,A,7.95
7562,8.39,A,8.2
7563,16.02,C,19.53
7564,16.02,C,6.72
7565,15.61,C,18.35
7566,18.99,D,25.53
7567,17.1,C,32.27
7568,19.92,D,14.21
7569,18.99,D,10.88
7570,10.75,B,21.6
7571,7.89,A,12.14
7572,20.89,D,26.21
7573,7.97,A,12.63
7574,18.25,D,15.15
7575,25.82,E,9.85
7576,21.49,E,21.87
7577,13.98,C,0.57
7578,15.31,C,8
7579,12.61,C,5.19
7580,12.99,C,29.44
7581,21.48,E,16.47
7582,13.66,C,11.44
7583,15.88,C,23.86
7584,5.32,A,12.95
7585,7.69,A,6.3
7586,7.99,A,29.2
7587,7.69,A,1.67
7588,11.44,B,13.04
7589,7.62,A,24.88
7590,16.02,C,28.15
7591,12.29,C,32.28
7592,19.52,E,12.07
7593,12.29,C,29.99
7594,14.07,C,5.82
7595,16.14,C,32.53
7596,18.92,D,11.28
7597,7.9,A,23.74
7598,17.57,D,16.32
7599,11.99,B,8.87
7600,6.19,A,11.56
7601,15.88,C,13.2
7602,11.67,B,22.5
7603,14.99,C,19.8
7604,19.99,E,18.57
7605,5.31,A,9.11
7606,10.75,B,32.52
7607,7.35,A,6.56
7608,8.24,B,26.88
7609,9.16,B,7.51
7610,16.01,C,18.73
7611,10.49,B,24.73
7612,6.49,A,2.68
7613,7.97,A,21.46
7614,10.99,B,13.03
7615,6.62,A,17.34
7616,13.99,C,25.6
7617,15.02,C,13.88
7618,6.67,A,6.05
7619,9.44,B,4.42
7620,13.67,C,35.04
7621,10.99,B,26.02
7622,13.33,C,5.22
7623,9.43,B,22.66
7624,9.44,B,10.07
7625,7.46,A,10.39
7626,20,D,16.36
7627,18.49,E,31.72
7628,17.47,D,3.24
7629,13.99,C,11.49
7630,13.11,B,13.13
7631,13.59,C,12.83
7632,12.62,C,14.61
7633,7.07,A,12.8
7634,12.85,B,2.04
7635,10.99,B,22.39
7636,10.99,B,20.81
7637,10.75,B,3.6
7638,15.61,D,34.57
7639,19.99,E,22.37
7640,14.46,C,28.03
7641,14.33,C,23.23
7642,7.26,A,21.04
7643,6.46,A,7.86
7644,14.64,C,28.8
7645,10.08,B,21.1
7646,15.59,D,14.45
7647,9.75,B,11.29
7648,6.11,A,17.4
7649,14.07,C,78.13
7650,11.49,B,28.97
7651,5.32,A,25
7652,13.49,C,13.66
7653,7.39,A,33.89
7654,9.58,B,12.3
7655,11.06,B,11.01
7656,8.39,B,15.47
7657,9.99,B,12.5
7658,21.18,E,24
7659,9.99,B,8.88
7660,9.71,B,11.76
7661,8.18,B,21.1
7662,22.74,E,7.18
7663,14.46,C,41.98
7664,9.16,B,18.02
7665,9.17,B,8.14
7666,10.99,B,11
7667,11.44,B,16.54
7668,11.06,B,27.28
7669,11.99,B,17.51
7670,9.49,B,14.93
7671,21.7,E,12
7672,11.47,B,25.99
7673,16.99,D,8.53
7674,12.99,C,14.02
7675,14.49,C,24.78
7676,16.99,D,21.27
7677,18.99,D,23.24
7678,8.24,B,16.4
7679,17.57,D,22.34
7680,7.62,A,22.86
7681,20.49,E,8.81
7682,7.39,A,11.37
7683,19.99,D,21.2
7684,22.15,E,19.03
7685,16.02,C,20.54
7686,14.08,C,22.97
7687,8.19,A,13.87
7688,19.05,D,13.36
7689,11.49,B,7.66
7690,21.85,D,27.59
7691,16.02,C,9.43
7692,15.99,C,1.38
7693,9.17,B,15.6
7694,12.61,C,12.21
7695,12.69,C,10.25
7696,12.69,C,18.95
7697,11.53,B,9.38
7698,14.99,C,22.2
7699,8.19,A,18.5
7700,13.67,C,27.54
7701,5.32,A,25.59
7702,11.49,B,7.78
7703,22.74,E,29.18
7704,11.44,B,18.58
7705,6.19,A,5.87
7706,14.08,C,34.97
7707,7.62,A,17.18
7708,12.39,C,13.2
7709,10.64,B,16.39
7710,7.07,A,14.66
7711,7.96,A,12.25
7712,18.49,D,26.23
7713,13.59,C,6.19
7714,7.34,A,2.55
7715,10.15,B,18.77
7716,29.49,F,32.84
7717,14.65,C,26.5
7718,16.49,D,9.81
7719,7.49,A,24.49
7720,12.74,C,19.04
7721,12.29,C,13.29
7722,14.65,C,7.7
7723,13.59,C,22.28
7724,5.32,A,5.89
7725,13.99,C,5.9
7726,16.01,C,9.73
7727,13.98,C,21.36
7728,11.49,B,6.45
7729,7.89,A,14.88
7730,9.49,B,31.06
7731,12.62,C,20.41
7732,21.45,D,13.71
7733,20,D,8.55
7734,8.99,B,6.64
7735,9.76,B,15.05
7736,12.99,C,17.37
7737,15.05,C,27.07
7738,18.94,D,12.42
7739,14.47,C,25.35
7740,10.41,B,30.92
7741,14.65,C,8.44
7742,14.47,C,9.54
7743,7.99,A,19.53
7744,12.62,C,19.48
7745,7.62,A,25.42
7746,9.99,B,20.23
7747,7.96,A,7.98
7748,7.97,A,16.89
7749,12.79,C,18.66
7750,10.99,B,9.27
7751,7.97,A,20.14
7752,25.29,E,16.93
7753,14.33,C,19.32
7754,7.62,A,16.13
7755,9.44,B,30.46
7756,11.31,B,19.65
7757,11.99,B,9.21
7758,9.17,B,5.42
7759,13.56,C,19.5
7760,12.62,C,14.82
7761,7.84,A,32.21
7762,14.46,C,20.58
7763,17.09,D,17.39
7764,9.75,B,24.05
7765,27.49,F,29.9
7766,13.99,C,11.18
7767,6.97,A,23.06
7768,13.35,C,18.18
7769,7.46,A,9.29
7770,6.71,A,13.59
7771,12.99,C,11.96
7772,6.07,A,15.98
7773,17.97,D,45.74
7774,9.49,B,9.42
7775,7.62,A,8.57
7776,13.44,C,20.8
7777,11.67,B,19.53
7778,27.27,E,32.51
7779,11.14,B,16.75
7780,9.17,B,6.46
7781,7.07,A,3.13
7782,9.44,B,10.52
7783,8.19,A,23.6
7784,7.34,A,24.31
7785,9.44,B,27.06
7786,11.55,B,17.55
7787,7.97,A,19.79
7788,11.55,B,15.75
7789,9.17,B,30.43
7790,18.25,E,14.26
7791,11.55,B,31.55
7792,7.69,A,16.81
7793,9.43,B,28.17
7794,11.39,B,21.49
7795,13.99,C,16.18
7796,13.99,C,15.85
7797,8.46,A,6.43
7798,11.55,B,22.29
7799,16.14,C,11.81
7800,8.6,A,13.66
7801,14.07,C,20.12
7802,20.2,D,27.74
7803,16.14,C,36.54
7804,13.59,C,30.52
7805,9.99,B,11.44
7806,12.49,B,24.97
7807,19.41,F,12.53
7808,15.04,C,27.79
7809,14.33,C,4.36
7810,10.91,B,7.53
7811,15.8,C,26.05
7812,14.46,C,20.48
7813,13.58,C,18.04
7814,9.16,B,21.3
7815,20.2,E,21.98
7816,10.9,B,10.86
7817,30.17,F,32.76
7818,11.55,B,19.72
7819,15.61,C,20.52
7820,30.79,G,7.2
7821,11.31,B,4.07
7822,16.29,C,14.44
7823,12.99,C,15.58
7824,10.08,B,18.8
7825,12.99,C,33.02
7826,10.91,B,17.23
7827,17.57,D,8.93
7828,11.44,B,43.44
7829,6.03,A,0.97
7830,25.81,E,37.32
7831,11.99,C,21.35
7832,6.99,A,11.61
7833,14.65,C,26.42
7834,15.99,C,17.98
7835,5.32,A,6.76
7836,5.32,A,24.11
7837,17.09,D,20.9
7838,7.34,A,3.13
7839,14.33,C,14.44
7840,12.05,C,15.05
7841,9.99,B,24.61
7842,13.33,C,35.91
7843,13.56,C,10.2
7844,16.91,C,23.28
7845,7.84,A,22.3
7846,19.52,E,34.1
7847,8.18,B,7.41
7848,12.13,B,19.42
7849,11.55,B,15.26
7850,13.99,C,27.95
7851,6.49,A,15.11
7852,6.67,A,17.79
7853,9.17,B,9.8
7854,5.32,A,21.78
7855,9.8,B,21.32
7856,20.89,D,23.13
7857,12.29,C,26.3
7858,10.42,B,17.71
7859,13.59,C,39.57
7860,12.62,C,26.21
7861,13.99,C,19.12
7862,21.99,E,12.62
7863,22.45,E,27.44
7864,19.05,D,18.78
7865,14.08,C,2.81
7866,12.69,C,8.27
7867,16.14,C,4.97
7868,12.62,C,25.12
7869,11.99,C,14.16
7870,13.33,C,19.49
7871,18.06,D,14.75
7872,14.08,C,32.08
7873,7.24,A,27.48
7874,20.99,E,13.84
7875,16.46,C,26.09
7876,24.99,F,20.43
7877,10.9,B,3.57
7878,7.21,A,24.5
7879,9.16,B,18.03
7880,9.17,B,3.54
7881,21.49,D,23.05
7882,13.33,C,39.11
7883,14.99,C,34.71
7884,12.99,C,28.97
7885,15.02,C,20.79
7886,11.39,B,24
7887,8.46,A,23.83
7888,15.61,D,6.24
7889,12.13,B,23.99
7890,11.53,B,33.42
7891,16.14,C,23.48
7892,8.18,B,14.16
7893,15.61,D,21.72
7894,11.49,B,26.18
7895,10.99,B,22.43
7896,14.99,C,26.54
7897,6.03,A,21.48
7898,15.02,C,18.92
7899,12.29,C,16.26
7900,15.02,C,53.38
7901,10.42,B,18.54
7902,12.62,C,7.11
7903,7.84,A,20.31
7904,12.74,C,6.18
7905,11.47,B,9.41
7906,6.49,A,22.29
7907,9.99,B,5.1
7908,23.76,F,12.5
7909,6.07,A,9.82
7910,21.18,E,43.75
7911,14.33,C,26.81
7912,12.49,B,11.71
7913,8.99,B,9.58
7914,15.61,D,16.1
7915,16.02,C,19.5
7916,12.39,C,39.33
7917,12.85,B,10.36
7918,13.67,C,15.82
7919,10.99,B,15.52
7920,12.05,C,15.05
7921,10.33,B,30.33
7922,21.45,D,31.88
7923,15.61,C,17.47
7924,11.99,B,29.85
7925,6.91,A,23.87
7926,12.99,C,8.25
7927,11.47,B,18.72
7928,18.55,D,28.41
7929,11.71,B,16.03
7930,12.62,C,13.47
7931,6.71,A,6.38
7932,16.02,C,5.79
7933,19.52,E,25.18
7934,11.99,B,7.99
7935,11.99,B,35.9
7936,14.09,B,10.81
7937,8.39,B,10.98
7938,17.76,D,28.27
7939,10.47,B,16.5
7940,18.99,D,12.03
7941,20,D,7.81
7942,8.99,B,7.81
7943,7.97,A,11.15
7944,12.74,C,30.83
7945,13.99,C,21.15
7946,16.99,D,9.67
7947,14.99,C,7.52
7948,13.56,C,15.32
7949,14.08,C,12.75
7950,10.75,B,9.46
7951,14.08,C,9.8
7952,19.53,D,32.35
7953,12.99,C,31.86
7954,7.84,A,26.47
7955,26.49,F,22.31
7956,12.98,B,18.04
7957,16.99,D,30.92
7958,5.32,A,13.33
7959,15.02,C,10.34
7960,11.49,B,28.56
7961,13.56,C,12.61
7962,24.85,E,16.8
7963,8.18,B,24.76
7964,7.97,A,15.28
7965,13.35,C,21.87
7966,9.93,B,16.13
7967,8.19,A,23.6
7968,10.75,B,23.88
7969,25.34,E,8.82
7970,12.79,C,13.63
7971,15.99,C,18.69
7972,7.9,A,12.34
7973,6.72,A,21.72
7974,11.05,B,20.48
7975,8.18,B,13.78
7976,12.39,C,21.54
7977,19.03,D,33.22
7978,6.67,A,11.19
7979,16.02,C,29.5
7980,12.62,C,15.34
7981,12.05,C,20.04
7982,15.59,C,17.53
7983,13.67,C,24.9
7984,15.31,C,12.28
7985,15.61,C,5.98
7986,11.53,B,19.73
7987,15.61,D,19.4
7988,7.97,A,19.45
7989,21.45,D,25.99
7990,10.49,B,24.81
7991,15.04,C,11.5
7992,12.88,C,13.39
7993,14.99,C,20.27
7994,10.91,B,20.26
7995,8.19,A,29.3
7996,10.99,B,3.42
7997,11.67,B,19.65
7998,16.02,C,30.03
7999,19.99,E,12.07
8000,7.34,A,20.55
8001,14.49,C,21.39
8002,11.44,B,28.76
8003,5.32,A,12.31
8004,13.56,C,8.34
8005,14.03,C,6.36
8006,30.79,G,24.13
8007,16.99,D,15.88
8008,6.99,A,20.98
8009,11.39,B,14.23
8010,14.33,C,14.5
8011,14.08,C,13.03
8012,14.65,C,16.85
8013,11.39,B,29.69
8014,15.61,D,14.81
8015,30.17,F,33.75
8016,17.99,D,18.68
8017,10.99,B,12.46
8018,10.49,B,28.11
8019,18.99,E,19.71
8020,10.64,B,25.65
8021,19.92,D,3.2
8022,14.07,C,19.17
8023,12.59,C,3.68
8024,12.29,C,22.72
8025,8.94,A,6
8026,9.17,B,6.88
8027,15.61,D,25.12
8028,7.99,A,15.99
8029,12.69,C,8.67
8030,14.47,C,31.25
8031,12.79,C,32.37
8032,12.74,C,29.08
8033,20,D,22.08
8034,13.99,C,8.33
8035,11.44,B,12.05
8036,14.46,C,33.09
8037,14.99,C,34.42
8038,13.67,C,29.45
8039,12.62,C,15.33
8040,21.97,E,6.74
8041,14.33,C,24.11
8042,12.99,C,31.29
8043,11.49,B,13.05
8044,10.49,B,26.31
8045,5.32,A,4.28
8046,12.79,C,7.85
8047,18.49,D,9.4
8048,10.49,B,8.18
8049,14.46,C,18.82
8050,8.24,B,8.42
8051,19.92,D,28.43
8052,16.99,D,35.71
8053,7.97,A,7.15
8054,10.91,B,11.76
8055,10.99,B,13.91
8056,13.67,B,16.5
8057,17.27,C,14.92
8058,8.19,A,21.02
8059,27.27,E,35.19
8060,17.97,D,21.9
8061,19.53,D,17.52
8062,18.24,D,18.67
8063,16.59,D,25.68
8064,12.98,B,14.83
8065,8.39,A,19.56
8066,13.59,C,6.77
8067,11.55,B,19.6
8068,14.16,C,33.83
8069,11.31,B,25.87
8070,16.99,D,28.31
8071,8.99,B,23.37
8072,6.11,A,15.27
8073,14.99,C,42.45
8074,10.42,B,23.01
8075,12.29,C,10.2
8076,13.61,C,12.45
8077,14.03,C,13.05
8078,9.43,B,13.64
8079,18.49,E,35.61
8080,11.05,B,20.93
8081,9.17,B,11.87
8082,5.32,A,11.79
8083,10.49,B,22
8084,7.21,A,27.04
8085,12.62,C,23.04
8086,9.99,B,17.15
8087,17.57,D,34.84
8088,8.46,A,19.27
8089,12.62,C,21.29
8090,10.99,B,14.36
8091,12.79,C,29.34
8092,18.06,D,12.9
8093,11.67,B,11.05
8094,8.24,B,14.66
8095,10.99,B,13.57
8096,18.99,D,12.31
8097,7.89,A,25.92
8098,13.98,C,11.57
8099,7.49,A,13.03
8100,17.86,D,24.27
8101,9.99,B,28.73
8102,9.93,B,15.06
8103,14.08,C,22.18
8104,6.97,A,12.37
8105,16.02,C,21.85
8106,8.38,B,25.49
8107,11.53,B,20.61
8108,22.74,E,13.23
8109,13.67,C,26.01
8110,17.14,D,14.3
8111,10.91,B,20.31
8112,13.67,C,6.63
8113,14.16,C,24.29
8114,11.99,B,25.7
8115,8.39,B,21.08
8116,6.71,A,8.73
8117,15.05,C,13.84
8118,5.32,A,19.42
8119,8.99,B,14.78
8120,12.69,C,17.79
8121,8.49,B,19.01
8122,11.48,B,14.1
8123,15.31,C,9.08
8124,19.99,E,38.48
8125,17.86,D,17.25
8126,15.61,D,23.29
8127,7.99,A,8.49
8128,7.9,A,26.57
8129,18.99,D,14.99
8130,8.9,A,26.01
8131,19.03,D,24.14
8132,16.02,C,8.35
8133,9.49,B,17.34
8134,16.29,C,13.05
8135,10.42,B,16.68
8136,16.99,D,13.88
8137,20,D,28.2
8138,6.89,A,25.8
8139,11.99,B,37.05
8140,16.55,D,34.19
8141,9.99,B,17.55
8142,8.18,B,15.68
8143,14.47,C,24.3
8144,6.46,A,38.72
8145,5.32,A,14.89
8146,14.33,C,31.74
8147,13.56,C,29.04
8148,17.86,D,14.27
8149,13.35,C,20.82
8150,12.29,C,21.66
8151,9.44,B,10.73
8152,30.94,G,16.64
8153,8.38,B,11.67
8154,12.73,B,8.59
8155,7.9,A,15.21
8156,16.91,C,23.69
8157,18.84,E,19.72
8158,15.61,D,33.1
8159,11.67,B,28.61
8160,16.01,C,28.62
8161,10.16,B,25.31
8162,10.91,B,23.98
8163,7.9,A,26.23
8164,10.99,B,26.2
8165,14.47,C,31.57
8166,15.77,D,13.19
8167,10.72,B,12.16
8168,8.9,A,4.93
8169,9.44,B,7.25
8170,15.1,C,23.51
8171,7.97,A,4.73
8172,9.17,B,10.38
8173,6.49,A,6.49
8174,6.24,A,1.81
8175,16.49,D,14.6
8176,20.31,D,10.39
8177,8.18,B,26.18
8178,17.76,D,8.74
8179,13.99,C,9.55
8180,21.99,F,20.17
8181,5.32,A,24.9
8182,14.65,C,19.07
8183,10.9,B,19.34
8184,14.16,C,33.13
8185,7.91,A,8.78
8186,17.99,D,11.74
8187,12.99,C,7.97
8188,6.89,A,12.35
8189,18.45,D,18.61
8190,5.99,A,7.14
8191,13.49,C,14.14
8192,8.99,B,2.97
8193,18.99,E,10.63
8194,20.2,E,23
8195,15.05,C,6.6
8196,12.73,B,24.58
8197,7.9,A,8.4
8198,13.56,C,15.95
8199,10.47,B,20.07
8200,22.45,E,28.51
8201,6.19,A,27.05
8202,8.18,B,26.23
8203,22.7,E,24.69
8204,12.73,B,28.54
8205,10.42,B,7.85
8206,20.89,D,68.68
8207,8.46,A,14.15
8208,28.14,G,43.3
8209,17.57,D,20.9
8210,7.21,A,13.34
8211,22.7,E,19.72
8212,11.49,B,12.57
8213,13.99,C,22.94
8214,12.61,C,14.51
8215,21.45,D,2.6
8216,12.62,C,4.45
8217,6.97,A,7.36
8218,17.57,D,8.95
8219,16.46,C,13.38
8220,17.09,D,27.01
8221,14.99,C,26.47
8222,10.42,B,24.17
8223,18.99,E,32.15
8224,12.74,C,8.85
8225,10.78,B,6.99
8226,6.99,A,18.33
8227,16.78,C,23.36
8228,25.29,E,28.95
8229,13.56,C,12.46
8230,6.89,A,11.93
8231,9.75,B,14
8232,21.45,D,39.03
8233,12.13,B,15.42
8234,23.7,F,28.45
8235,6.67,A,26.86
8236,16.02,C,30.45
8237,11.44,B,24.53
8238,13.68,C,13.61
8239,10.16,B,10.04
8240,12.69,B,6.92
8241,10.99,B,10.58
8242,13.66,C,8.79
8243,5.32,A,4.91
8244,18.94,D,54.82
8245,14.09,B,9.57
8246,7.49,A,14.76
8247,7.97,A,17.76
8248,13.35,C,28.6
8249,12.79,C,18.23
8250,11.47,B,9
8251,14.31,C,22.02
8252,15.61,D,28.23
8253,10.99,B,6.96
8254,9.17,B,11.9
8255,22.45,E,23.42
8256,15.59,D,11.42
8257,12.69,C,25.09
8258,7.39,A,4.34
8259,8.9,A,10.75
8260,7.26,A,6.91
8261,10.47,B,4.94
8262,11.49,B,26.76
8263,7.46,A,14.76
8264,10.9,B,1.07
8265,12.61,C,21.6
8266,10.42,B,3.07
8267,15.02,C,18.9
8268,14.08,C,21.62
8269,19.03,D,14.87
8270,8.19,A,6.49
8271,6.68,A,7.37
8272,12.29,C,21.22
8273,13.49,C,22.07
8274,7.35,A,26.64
8275,12.69,C,21.27
8276,13.59,C,14.17
8277,18.94,D,30.03
8278,11.99,C,26.18
8279,6.83,A,4.56
8280,7.97,A,28.65
8281,17.14,D,25.52
8282,22.7,E,18.06
8283,6.62,A,14.66
8284,11.44,B,34.57
8285,11.67,B,15.14
8286,13.49,C,21.96
8287,15.61,C,34.39
8288,16.14,C,22.26
8289,24.11,F,33.09
8290,8.39,B,8.94
8291,30.79,G,32.16
8292,7.35,A,8.39
8293,15.88,C,14.07
8294,17.14,D,19.17
8295,14.65,C,20.44
8296,6.97,A,11.54
8297,7.9,A,0
8298,5.32,A,18.24
8299,18.75,D,29.77
8300,9.92,B,40.51
8301,24.5,F,11.37
8302,20.89,D,32.17
8303,16.55,D,13.38
8304,21.99,F,9.39
8305,9.44,B,5.2
8306,10.08,B,15.77
8307,6.39,A,28.37
8308,15.99,D,27.37
8309,8.99,B,25.13
8310,15.99,C,19.76
8311,17.86,D,31.22
8312,9.99,B,24.35
8313,7.96,A,24.16
8314,21.49,D,33.95
8315,16.55,D,21.44
8316,7.89,A,19.16
8317,8.9,A,10.65
8318,17.27,C,9.69
8319,6.19,A,10.97
8320,7.97,A,23.29
8321,9.99,B,4.4
8322,16.46,C,23.36
8323,6.11,A,10.59
8324,24.37,E,13.19
8325,5.31,A,12.08
8326,7.84,A,10.21
8327,7.34,A,20.28
8328,13.06,C,25.89
8329,11.14,B,25.83
8330,16.89,D,6.43
8331,7.97,A,35.17
8332,7.34,A,6.14
8333,12.98,B,11.62
8334,10.49,B,14.39
8335,14.99,C,24.11
8336,10.49,B,32.91
8337,15.99,D,1.98
8338,15.61,D,10.38
8339,15.05,C,21.24
8340,10.41,B,6.18
8341,10.08,B,25.98
8342,11.48,B,38.78
8343,6.03,A,10.52
8344,7.89,A,12.88
8345,18.25,D,33.54
8346,18.55,E,37.74
8347,9.76,B,14.4
8348,8.99,B,21.21
8349,24.84,E,11.84
8350,6.71,A,9.48
8351,12.61,C,14.92
8352,22.99,F,9.31
8353,12.69,C,12.12
8354,15.61,D,28.3
8355,13.49,C,12.36
8356,6.46,A,32.47
8357,14.07,C,21.35
8358,15.8,C,21.08
8359,11.49,B,26.58
8360,10.42,B,4.71
8361,8.38,B,13.28
8362,12.88,C,5.51
8363,18.94,D,19.11
8364,9.99,B,18.43
8365,14.08,C,18.97
8366,13.33,C,5.94
8367,16.99,D,21.14
8368,12.69,C,14.57
8369,10.42,B,6.79
8370,17.57,D,28.89
8371,8.18,B,16.79
8372,17.77,D,25.65
8373,8.39,A,10.99
8374,10.47,B,21.13
8375,13.59,C,21.51
8376,10.42,B,5.87
8377,8.18,B,9.27
8378,8.08,A,34.73
8379,14.08,C,15.29
8380,10.49,B,11.52
8381,18.99,D,15.89
8382,13.67,C,23.91
8383,13.67,C,1.69
8384,10.91,B,6.96
8385,24.74,E,22.51
8386,9.93,B,8.14
8387,8.9,A,10.05
8388,16.02,C,15.92
8389,14.49,C,9.46
8390,11.39,B,18.42
8391,12.99,C,24.48
8392,22.9,E,8.42
8393,10.42,B,25.33
8394,9.17,B,22.8
8395,11.55,B,8.47
8396,19.53,D,32.61
8397,7.97,A,19.34
8398,10.16,B,22.86
8399,10.75,B,15.41
8400,13.99,C,14.98
8401,11.06,B,24.66
8402,6.24,A,13.99
8403,6.99,A,25.79
8404,9.99,B,29.19
8405,12.99,C,12.61
8406,8.18,B,9.9
8407,16.02,C,12.08
8408,25.82,E,4.01
8409,7.89,A,32.59
8410,8.24,B,20.95
8411,16.02,C,6.74
8412,11.99,C,13
8413,15.59,C,26.33
8414,9.44,B,38.89
8415,11.99,B,5.47
8416,11.49,B,26.45
8417,16.78,C,23.09
8418,10.99,B,15.13
8419,11.49,B,15
8420,16.49,D,19.15
8421,7.89,A,9.98
8422,15.02,C,20.61
8423,9.44,B,0.72
8424,11.39,B,15.67
8425,8.19,A,8.41
8426,8.49,B,6.75
8427,15.31,C,14.35
8428,12.29,C,27.74
8429,15.31,C,10.8
8430,14.27,C,18.11
8431,20,D,31.61
8432,11.39,B,21.84
8433,12.29,C,20.71
8434,24.08,F,8.8
8435,15.61,D,15.37
8436,6.07,A,11.22
8437,9.44,B,26.48
8438,15.1,C,8.25
8439,18.45,D,19.15
8440,7.35,A,26.23
8441,17.09,D,43.03
8442,8.24,B,23.29
8443,10.91,B,34.29
8444,15.05,C,23.23
8445,12.99,C,21.53
8446,15.99,C,20.94
8447,24.85,E,48.79
8448,14.49,C,15.33
8449,9.17,B,27.71
8450,11.99,B,15.35
8451,20.39,D,24.1
8452,18.06,D,33.89
8453,19.05,D,8.16
8454,9.49,B,26.31
8455,15.49,C,18.37
8456,23.5,F,16.98
8457,7.62,A,9.56
8458,9.99,B,21.61
8459,11.05,B,20.07
8460,14.49,C,24.89
8461,22.74,E,20.92
8462,18.94,D,10.59
8463,12.62,C,8.79
8464,9.75,B,11.46
8465,13.67,C,15.82
8466,8.24,B,17.2
8467,9.75,B,8.12
8468,12.79,C,16.57
8469,17.57,D,31.19
8470,19.03,D,33.54
8471,16.01,C,12.91
8472,11.99,B,7.46
8473,9.44,B,26.55
8474,8.39,B,14.64
8475,11.99,C,5.23
8476,9.44,B,
8477,9.17,B,32.03
8478,15.8,C,9.03
8479,7.26,A,2.98
8480,10.99,B,13.55
8481,5.32,A,14.06
8482,11.99,C,15.21
8483,6.62,A,0
8484,21.49,E,15.14
8485,10.47,B,9.11
8486,13.11,B,22.64
8487,11.53,B,4.77
8488,12.73,B,26.83
8489,9.76,B,18.93
8490,11.99,B,25.54
8491,14.33,C,22.03
8492,16.46,C,16
8493,9.92,B,15.57
8494,11.98,B,33.06
8495,11.99,B,16.25
8496,16.99,D,27.94
8497,5.31,A,29.63
8498,5.32,A,23.82
8499,19.99,E,39.74
8500,7.21,A,17.05
8501,12.61,C,23.07
8502,6.89,A,16.78
8503,10.42,B,17.04
8504,21.45,D,60.47
8505,13.33,C,30.63
8506,18.99,D,17.53
8507,10.99,B,15.43
8508,20.89,D,27.69
8509,14.99,C,19.72
8510,22.91,E,6.35
8511,10.42,B,24.09
8512,12.62,C,6.58
8513,9.49,B,15.22
8514,14.47,C,25.63
8515,12.99,C,24.16
8516,10.42,B,15.94
8517,12.99,C,5.66
8518,6.89,A,5.18
8519,7.49,A,22.98
8520,10.99,B,16.84
8521,17.1,C,17.9
8522,16.02,C,26.31
8523,15.58,D,13.75
8524,6.24,A,3.88
8525,14.49,C,11.15
8526,23.13,G,7.86
8527,5.32,A,15.01
8528,11.49,B,20.55
8529,15.05,C,14.99
8530,6.24,A,9.25
8531,16.2,C,13.35
8532,9.67,B,8.96
8533,7.89,A,12.32
8534,22.91,E,27.69
8535,14.65,C,11.94
8536,17.09,D,11.79
8537,7.02,A,8.48
8538,24.5,F,10.43
8539,20.89,D,10.67
8540,25.34,E,50.79
8541,15.31,C,19.99
8542,9.58,B,6.6
8543,7.89,A,14.32
8544,15.99,C,20.98
8545,6.08,A,14.35
8546,11.44,B,26.07
8547,21.85,D,2.2
8548,6.03,A,14.5
8549,10.91,B,12.46
8550,15.05,C,17.23
8551,8.39,B,22.39
8552,27.27,E,36.75
8553,17.57,D,27.93
8554,16.59,D,25.92
8555,11.49,B,10.26
8556,9.17,B,15.5
8557,7.35,A,7.07
8558,6.71,A,23.66
8559,13.67,C,31.66
8560,14.33,C,18.5
8561,11.53,B,25.04
8562,12.99,C,24.56
8563,10.16,B,20.74
8564,18.55,E,7.49
8565,15.05,C,22.91
8566,12.99,C,15.6
8567,15.05,C,37.71
8568,5.32,A,16.91
8569,7.99,A,17.57
8570,8.39,B,14
8571,16.29,D,18.09
8572,7.26,A,12.12
8573,16.91,C,7.09
8574,10.75,B,1.76
8575,11.49,B,22.77
8576,12.99,C,21.05
8577,7.21,A,15.96
8578,6.07,A,170.67
8579,10.99,B,13.17
8580,12.29,C,17.35
8581,10.99,B,18
8582,9.67,B,19.89
8583,26.49,F,34.11
8584,10.42,B,10.88
8585,9.16,B,29.32
8586,11.49,B,9.53
8587,16.14,C,18.74
8588,12.99,B,14.61
8589,13.99,C,18.08
8590,16.01,C,26.51
8591,15.88,C,19.85
8592,13.11,B,21.31
8593,9.67,B,8.78
8594,8.19,A,22.49
8595,15.31,C,20.87
8596,15.59,C,17.56
8597,7.97,A,23.9
8598,7.97,A,24.6
8599,15.1,C,22.59
8600,11.99,C,23.53
8601,9.67,B,27.23
8602,18.55,E,27.86
8603,14.65,C,23.75
8604,12.62,C,14.97
8605,7.07,A,12.38
8606,10.47,B,21.47
8607,12.39,C,36.69
8608,8.24,B,11.98
8609,17.99,D,18.76
8610,14.98,C,17.56
8611,7.99,A,10.05
8612,14.84,D,9.52
8613,6.03,A,21.06
8614,10.47,B,26.93
8615,8.9,A,13.48
8616,12.62,C,27.74
8617,5.32,A,19.05
8618,9.99,B,5.65
8619,8.19,A,12.61
8620,5.32,A,7.09
8621,12.62,C,18.72
8622,13.99,C,35.64
8623,19.19,E,20.09
8624,14.47,C,11.91
8625,14.16,C,31.93
8626,6.92,A,17.41
8627,7.21,A,23.68
8628,14.46,C,10.16
8629,13.8,C,5.47
8630,17.77,D,28.76
8631,15.59,D,14.73
8632,11.99,B,13.1
8633,11.44,B,17
8634,16.14,C,30.34
8635,19.92,D,17.98
8636,12.29,C,29.56
8637,18.99,E,22.34
8638,11.14,B,14.52
8639,11.05,B,1.46
8640,6.11,A,23.96
8641,11.53,B,17.36
8642,15.61,D,13.51
8643,10.99,B,29.24
8644,22.15,E,15.18
8645,24.89,F,18.8
8646,15.49,C,3.1
8647,9.99,B,15.79
8648,12.69,C,25.18
8649,9.99,B,14.83
8650,10.56,B,13.2
8651,8.19,A,5.51
8652,7.05,A,16.38
8653,7.34,A,20.2
8654,11.99,B,13.04
8655,14.99,C,20.53
8656,14.65,C,34.5
8657,9.93,B,18.3
8658,15.61,D,19.18
8659,6.68,A,24.29
8660,16.29,D,13.1
8661,11.05,B,26.36
8662,14.31,C,18.18
8663,6.67,A,19.69
8664,10.9,B,15.61
8665,15.31,C,17.09
8666,15.05,C,11.28
8667,13.99,C,6.99
8668,11.53,B,20.03
8669,7.89,A,2.87
8670,11.14,B,18.52
8671,14.33,C,14.85
8672,10.16,B,4.37
8673,10.49,B,10.5
8674,7.84,A,12.15
8675,14.07,C,37.29
8676,13.11,B,25.76
8677,11.49,B,4.82
8678,10.49,B,11.91
8679,13.99,C,21.16
8680,11.53,B,21.57
8681,11.44,B,19.8
8682,6.49,A,22.42
8683,13.56,C,40.04
8684,5.32,A,9.84
8685,16.55,D,35.74
8686,10.64,B,6.07
8687,7.62,A,22.44
8688,15.59,C,22.28
8689,13.49,C,24.92
8690,13.59,C,13.09
8691,5.32,A,13.52
8692,10.91,B,18.77
8693,11.98,B,28.28
8694,11.39,B,8.18
8695,7.69,A,20.7
8696,22.91,E,23.53
8697,7.35,A,22.95
8698,15.59,D,31.97
8699,25.49,E,17.19
8700,11.44,B,19.95
8701,19.99,E,21.36
8702,11.05,B,18.82
8703,10.08,B,21.4
8704,23.13,F,15.25
8705,16.01,C,10.23
8706,15.05,C,6.86
8707,29.67,G,25.77
8708,15.02,C,50.68
8709,14.99,C,15.32
8710,7.89,A,18.19
8711,6.89,A,12.06
8712,18.99,E,6.62
8713,7.89,A,8.19
8714,6.08,A,16.16
8715,11.44,B,26.84
8716,11.55,B,14.8
8717,18.45,D,71.23
8718,11.99,C,23.19
8719,16.59,D,9.03
8720,15.61,D,23.6
8721,7.07,A,7.17
8722,12.99,C,17.04
8723,14.08,C,20.36
8724,13.58,C,9.88
8725,10.47,B,20.93
8726,11.99,C,10.08
8727,13.18,C,12.54
8728,20,D,20.96
8729,9.44,B,17.83
8730,11.22,B,6.59
8731,11.99,B,24.19
8732,13.59,C,14.36
8733,7.99,A,22.09
8734,13.67,C,27.08
8735,14.46,C,23.78
8736,6.72,A,15.79
8737,6.72,A,12.08
8738,21.18,E,20.38
8739,13.99,C,22.58
8740,16.02,C,16
8741,16.99,D,11.22
8742,7.62,A,8.82
8743,13.98,C,3.51
8744,13.66,C,13.56
8745,19.03,D,23.84
8746,14.65,C,13.85
8747,9.44,B,0.29
8748,12.99,C,23.7
8749,10.91,B,19.63
8750,6.67,A,21.75
8751,10.56,B,7.72
8752,12.12,B,16.21
8753,13.99,C,13.8
8754,11.67,B,20.07
8755,15.41,D,10.7
8756,11.99,B,34.09
8757,10.99,B,29.51
8758,15.61,D,17.09
8759,9.17,B,21.15
8760,13.49,C,8.98
8761,10.99,B,20.91
8762,11.06,B,39.23
8763,18.99,D,29.92
8764,24.99,F,26.71
8765,12.79,C,16.89
8766,11.49,B,25.35
8767,16.14,C,34.58
8768,6.07,A,11.39
8769,10.91,B,28.8
8770,8.18,B,18.56
8771,12.39,C,29.87
8772,10.99,B,28.96
8773,30.17,F,58.6
8774,11.53,B,11.48
8775,13.35,C,19.77
8776,13.99,C,17.01
8777,10.08,B,27.08
8778,12.69,C,33.67
8779,7.21,A,14.08
8780,18.45,D,18.1
8781,13.66,C,25.25
8782,17.97,D,22.71
8783,17.57,D,25.53
8784,10.99,B,10.25
8785,8.24,B,16.79
8786,9.17,B,4.69
8787,7.24,A,21.6
8788,11.06,B,15.24
8789,6.07,A,20.15
8790,10.15,B,14.42
8791,11.99,B,13.6
8792,19.05,D,22.31
8793,18.25,E,38.86
8794,12.12,B,20.91
8795,10.75,B,22.24
8796,8.46,A,24.19
8797,16.29,D,12.79
8798,18.45,D,12.9
8799,6.11,A,27.49
8800,7.02,A,29.72
8801,20.89,D,17.66
8802,14.33,C,14.05
8803,12.12,B,24.12
8804,15.61,C,9.43
8805,13.49,C,29.16
8806,8.18,B,3.37
8807,11.14,B,25.99
8808,15.99,C,6.65
8809,8.9,A,15.31
8810,13.33,C,24.39
8811,23.87,E,29.41
8812,8.39,B,36.63
8813,16.91,C,18.89
8814,18.49,D,28.65
8815,7.26,A,4.63
8816,11.49,B,8
8817,15.05,C,26.82
8818,7.96,A,33.95
8819,14.99,C,16.23
8820,9.49,B,16.27
8821,15.41,D,36.43
8822,15.99,C,21.99
8823,13.33,C,16.14
8824,11.53,B,20.92
8825,9.17,B,14.87
8826,7.46,A,20.9
8827,23.43,F,26.51
8828,10.99,B,19.78
8829,19.92,D,23.73
8830,11.44,B,26.8
8831,7.99,A,22.34
8832,8.49,A,24.87
8833,19.99,D,26.16
8834,12.69,C,33.18
8835,11.44,B,8.91
8836,14.08,C,2.4
8837,17.97,D,26.98
8838,6.92,A,1.68
8839,25.49,E,22.52
8840,15.61,C,5.63
8841,25.29,E,30.14
8842,15.59,C,22.53
8843,12.79,C,10.56
8844,14.49,C,11.2
8845,10.42,B,10.45
8846,10.99,B,14.93
8847,15.59,C,23.04
8848,9.44,B,13.78
8849,6.72,A,8.66
8850,7.97,A,25.28
8851,23.99,E,27.59
8852,7.89,A,17.64
8853,10.08,B,16.98
8854,14.99,C,1.02
8855,11.67,B,21.85
8856,7.89,A,11.37
8857,9.16,B,40.48
8858,10.72,B,18.02
8859,18.99,D,13.02
8860,5.32,A,6.33
8861,18.06,D,12.48
8862,10.99,B,20.52
8863,16.29,D,27.45
8864,5.32,A,5.41
8865,7.35,A,19.88
8866,7.34,A,9.17
8867,7.46,A,9.03
8868,30.79,G,38.23
8869,16.55,D,17.97
8870,7.9,A,19.17
8871,14.65,C,25.87
8872,11.48,B,15.3
8873,10.64,B,25.77
8874,19.05,D,22.27
8875,6.99,A,23.55
8876,11.99,B,32.06
8877,10.56,B,18.07
8878,6.46,A,8
8879,6.71,A,5.14
8880,14.33,C,2.03
8881,8.39,A,15.59
8882,5.32,A,20.31
8883,13.67,C,27.15
8884,10.91,B,14.44
8885,9.99,B,6.69
8886,7.56,A,22.96
8887,11.67,B,14.03
8888,15.05,C,31.07
8889,12.79,C,13.53
8890,7.24,A,27.33
8891,16,D,11.53
8892,22.35,D,4.16
8893,16.99,D,10.37
8894,9.99,B,1.05
8895,8.24,B,16.13
8896,12.99,C,19.71
8897,5.32,A,21.04
8898,18.06,D,37.15
8899,13.99,C,14.84
8900,11.47,B,10.21
8901,18.24,D,18.6
8902,11.99,C,27.51
8903,14.08,C,8.47
8904,12.79,C,5.01
8905,11.99,C,16.99
8906,13.18,C,12.1
8907,14.52,C,19.57
8908,30.74,F,27.75
8909,28.72,F,16.9
8910,7.07,A,12.55
8911,8.18,B,5.73
8912,9.44,B,19.46
8913,13.58,C,23.45
8914,12.99,C,11.77
8915,13.59,C,18.52
8916,16.99,D,36.79
8917,19.42,D,18.51
8918,24.85,E,27.43
8919,7.39,A,24.39
8920,21.45,D,13.06
8921,9.49,B,15.09
8922,12.99,C,14.75
8923,16.01,C,30.74
8924,14.99,C,31.27
8925,5.32,A,11.76
8926,7.99,A,19.06
8927,20,D,13.31
8928,10.47,B,8.56
8929,22.47,E,15.11
8930,15.05,C,13.73
8931,13.58,C,22.53
8932,16.14,C,9.3
8933,13.18,C,12.84
8934,6.07,A,29.22
8935,10.65,B,10.22
8936,17.09,D,18.13
8937,7.89,A,13.56
8938,13.33,C,32.42
8939,11.98,B,8.42
8940,5.32,A,6.84
8941,6.99,A,17.39
8942,6.83,A,8.67
8943,7.84,A,26.69
8944,20.99,E,14.68
8945,12.68,C,11.89
8946,12.35,B,25.03
8947,7.26,A,14.14
8948,10.72,B,6.76
8949,13.59,C,27.36
8950,19.99,D,21.68
8951,14.99,C,8.14
8952,17.86,D,12.4
8953,8.39,A,24.12
8954,10.49,B,18
8955,7.89,A,18.7
8956,15.02,C,17.27
8957,30.84,G,6.67
8958,9.93,B,32.84
8959,11.44,B,11.49
8960,14.08,C,24.12
8961,7.62,A,30.41
8962,7.21,A,24.2
8963,19.42,D,14.83
8964,16.91,C,22.21
8965,14.64,C,32.55
8966,10.99,B,21.25
8967,10.41,B,15.4
8968,6.49,A,24.81
8969,20.99,E,9.42
8970,22.35,D,4.69
8971,10.56,B,17.34
8972,9.92,B,25.84
8973,12.79,C,15.48
8974,8.24,B,22.68
8975,8.39,A,19.08
8976,17.57,D,17.46
8977,16.14,C,7.63
8978,11.99,B,19.62
8979,17.09,D,32
8980,16.02,C,28.74
8981,12.99,C,6.7
8982,7.46,A,10.94
8983,5.32,A,25.52
8984,11.49,B,10.82
8985,7.49,A,17.98
8986,10.08,B,18.75
8987,13.49,C,25.74
8988,8.19,A,24.96
8989,16.99,D,2.49
8990,5.32,A,6.26
8991,9.16,B,12.75
8992,14.99,C,12.04
8993,6.11,A,11.2
8994,17.99,D,20.04
8995,22.47,E,27.73
8996,10.42,B,7.95
8997,13.99,C,9.79
8998,11.06,B,6.11
8999,8.24,B,30.24
9000,16.14,C,18.24
9001,22.15,E,19.61
9002,5.32,A,21.74
9003,14.46,C,15.49
9004,12.29,C,20.84
9005,13.59,C,23.17
9006,12.79,C,25.48
9007,10.49,B,24.56
9008,10.49,B,21.63
9009,26.3,E,16.32
9010,15.49,C,69
9011,13.33,C,24.6
9012,13.35,C,26.18
9013,10.47,B,11.82
9014,5.32,A,22.85
9015,13.99,C,5.16
9016,9.58,B,15.62
9017,21.49,D,14.48
9018,13.35,C,26.68
9019,20.75,E,30.19
9020,8.9,A,12.08
9021,5.31,A,28.82
9022,6.11,A,14.94
9023,7.39,A,17.4
9024,11.99,B,13.76
9025,10.99,B,14.06
9026,11.99,B,22.88
9027,16.99,D,22.78
9028,14.09,B,10.91
9029,20.3,E,20.34
9030,16.02,C,18.81
9031,6.11,A,27.54
9032,13.99,C,31.65
9033,12.12,B,19.35
9034,6.71,A,2.14
9035,5.99,A,12.7
9036,12.49,B,34.05
9037,6.08,A,20.11
9038,11.49,B,12.89
9039,7.89,A,33.6
9040,16.24,C,23.22
9041,6.07,A,6.27
9042,10.99,B,7.5
9043,13.49,C,13.6
9044,16.01,C,26.23
9045,20,D,10.81
9046,30.84,G,30.49
9047,15.61,D,29.18
9048,10.75,B,34.98
9049,9.44,B,10.38
9050,20.39,D,23.45
9051,7.14,A,4.8
9052,13.67,B,11.44
9053,18.25,E,17.87
9054,18.94,D,20.27
9055,15.31,C,21.49
9056,12.29,C,33.22
9057,19.99,D,14.35
9058,9.17,B,18.31
9059,14.99,C,20.22
9060,7.62,A,29.52
9061,14.08,C,3.03
9062,15.99,C,14.27
9063,7.89,A,10.67
9064,20.99,E,19.37
9065,17.97,D,16.23
9066,16.91,C,28.88
9067,12.59,C,34.27
9068,10.72,B,9.51
9069,16.55,D,23.68
9070,8.46,A,16.6
9071,8.46,A,1.44
9072,7.84,A,18.2
9073,14.99,C,32.99
9074,18.49,E,32.16
9075,13.99,C,11.89
9076,14.3,C,20.54
9077,10.91,B,22.03
9078,29.49,F,6.15
9079,12.69,C,19.81
9080,7.24,A,11.63
9081,16.29,D,16.73
9082,7.21,A,27.89
9083,7.84,A,9.36
9084,11.44,B,9.16
9085,7.59,A,25.18
9086,23.99,E,31.67
9087,11.49,B,9.98
9088,16.99,D,14.38
9089,19.05,D,9.01
9090,10.72,B,1.51
9091,11.99,B,24.61
9092,18.06,D,28.23
9093,5.32,A,7.98
9094,6.67,A,14.8
9095,10.07,B,4.1
9096,6.11,A,20.24
9097,5.32,A,15.47
9098,12.05,C,26.22
9099,18.75,D,16.19
9100,19.92,D,20.08
9101,21.18,E,25.58
9102,26.49,F,14.24
9103,16.99,D,8.42
9104,20.5,E,25.57
9105,17.76,D,14.51
9106,6.72,A,11.62
9107,10.99,B,11.26
9108,19.89,E,10.97
9109,15.31,C,24.33
9110,20,D,22.8
9111,12.99,C,13.18
9112,5.32,A,25.83
9113,9.17,B,6.75
9114,11.06,B,25.8
9115,11.55,B,23.12
9116,14.99,C,16.4
9117,10.75,B,33.64
9118,14.47,C,6.88
9119,18.99,E,37.2
9120,11.47,B,17.43
9121,9.75,B,25.81
9122,9.93,B,11.98
9123,15.99,C,12.7
9124,10.99,B,10.71
9125,17.57,D,23.04
9126,5.32,A,18.73
9127,10.33,B,16.67
9128,14.09,B,7.07
9129,13.66,C,20.05
9130,16.55,D,26.82
9131,8.19,A,31.2
9132,12.12,B,12.92
9133,6.24,A,12.84
9134,13.98,C,12.66
9135,23.99,E,24.04
9136,25.81,E,20.96
9137,19.03,D,13.69
9138,12.99,C,23.55
9139,7.24,A,9.88
9140,19.99,D,17.86
9141,9.17,B,22.61
9142,16.02,C,30.32
9143,18.25,D,30.52
9144,9.76,B,25.58
9145,15.31,C,5.05
9146,8.18,B,20.22
9147,7.91,A,14.55
9148,9.17,B,18.93
9149,23.99,E,30.43
9150,12.73,B,27.95
9151,8.18,B,16.03
9152,6.49,A,9.64
9153,18.06,D,16.5
9154,6.11,A,0.87
9155,5.32,A,10.89
9156,13.59,C,23.4
9157,5.32,A,4.54
9158,11.14,B,23.21
9159,13.67,C,27.91
9160,5.31,A,8.24
9161,17.99,D,16.15
9162,10.42,B,15.36
9163,13.67,B,13.55
9164,10.75,B,32.62
9165,11.99,C,30.88
9166,10.41,B,19.38
9167,25.49,E,31.82
9168,21.99,F,7.26
9169,5.32,A,9.78
9170,8.24,B,6.7
9171,12.74,C,24.43
9172,12.79,C,24.39
9173,7.84,A,15.09
9174,7.29,A,10.35
9175,13.49,C,26.6
9176,14.49,C,20.69
9177,7.35,A,9.66
9178,11.39,B,7.58
9179,15.02,C,7.16
9180,18.06,D,9.81
9181,10.42,B,25.69
9182,8.18,B,31.91
9183,14.65,C,32.16
9184,7.21,A,15.27
9185,16.55,D,37.31
9186,18.06,D,35.12
9187,14.49,C,15.18
9188,13.05,B,26.19
9189,22.47,E,10.39
9190,10.42,B,27.03
9191,10.08,B,23.26
9192,6.67,A,10.58
9193,15.99,C,4.03
9194,12.05,C,7
9195,10.99,B,13.6
9196,16.02,C,20.59
9197,16.02,C,3.8
9198,13.33,C,15.79
9199,14.64,C,3.71
9200,8.18,B,4.48
9201,6.99,A,4.11
9202,11.44,B,6.91
9203,5.32,A,15.62
9204,7.49,A,12.2
9205,14.33,C,6.13
9206,18.99,D,26.29
9207,16.91,C,37.53
9208,14.08,C,21.94
9209,16.99,D,20.93
9210,21.18,E,19.91
9211,7.56,A,10.63
9212,11.53,B,25.58
9213,8.46,A,4.69
9214,15.61,D,7.99
9215,15.62,C,4.83
9216,16.14,C,10.89
9217,7.84,A,23.07
9218,13.59,C,23.4
9219,15.99,C,16.49
9220,9.99,B,14.16
9221,6.89,A,7.78
9222,12.29,C,24.36
9223,19.92,D,32.9
9224,12.69,C,36.8
9225,10.99,B,26.5
9226,8.9,A,23.2
9227,12.99,B,7.83
9228,11.55,B,2.58
9229,14.46,C,17.54
9230,10.65,B,13.9
9231,15.05,C,16.88
9232,6.03,A,14.67
9233,12.99,B,33.72
9234,22.15,E,27.65
9235,15.99,C,11.83
9236,7.99,A,8.57
9237,11.44,B,25.92
9238,16.29,D,23.18
9239,7.35,A,15.04
9240,19.99,E,13.27
9241,10.47,B,13.44
9242,7.35,A,6.03
9243,14.08,C,18.09
9244,12.12,B,13.28
9245,12.73,B,8.27
9246,10.08,B,13.4
9247,16.02,C,18.85
9248,12.69,C,30.87
9249,21.49,D,33.73
9250,7.12,A,22.26
9251,6.19,A,15.35
9252,20,D,16.29
9253,12.12,B,16.04
9254,14.64,C,8.53
9255,13.58,C,19.98
9256,5.32,A,11.67
9257,11.39,B,10.63
9258,26.31,E,23.4
9259,15.31,C,29.93
9260,10.91,B,9.36
9261,12.79,C,16.32
9262,16.46,C,4.81
9263,12.85,B,20.78
9264,12.61,C,9.25
9265,9.75,B,28.85
9266,18.06,D,10.21
9267,16.02,C,23.82
9268,9.75,B,28.76
9269,14.65,C,8.04
9270,11.47,B,4.54
9271,7.35,A,26.33
9272,10.99,B,20.95
9273,12.12,B,8.37
9274,6.49,A,21.3
9275,13.99,C,11.17
9276,9.93,B,11.95
9277,9.93,B,12.97
9278,17.14,D,23.18
9279,6.07,A,30.22
9280,7.84,A,31.76
9281,7.62,A,21.2
9282,14.46,C,14.26
9283,22.74,E,13.07
9284,5.32,A,4.31
9285,8.24,B,13.69
9286,13.67,B,30.47
9287,15.61,D,26.37
9288,20.99,E,32.22
9289,11.55,B,26.38
9290,10.16,B,14.18
9291,16.99,D,17.96
9292,8.18,B,18.29
9293,7.62,A,26.66
9294,13.33,C,22.74
9295,25.34,E,25.36
9296,11.44,B,16.18
9297,13.59,C,22.96
9298,10.99,B,11.19
9299,10.99,B,12.4
9300,16.02,C,23.86
9301,13.49,C,16.13
9302,15.05,C,14.57
9303,7.26,A,19.7
9304,19.99,D,23.3
9305,14.65,C,18.46
9306,6.72,A,10.7
9307,9.44,B,8.62
9308,7.89,A,17.16
9309,9.8,B,19.69
9310,16.29,D,21.89
9311,7.89,A,17.61
9312,16.29,D,10.72
9313,14.99,C,12.69
9314,20.49,E,22.72
9315,18.99,D,21.48
9316,10.49,B,24.85
9317,7.97,A,23.36
9318,26.24,E,3.9
9319,5.32,A,24.93
9320,10.56,B,6.94
9321,17.57,D,16.3
9322,11.99,B,25.22
9323,15.31,C,24.08
9324,19.99,D,23.82
9325,17.09,D,88.86
9326,11.99,B,17.41
9327,9.75,B,13.89
9328,25.8,G,19.56
9329,7.39,A,14.39
9330,5.32,A,12.3
9331,12.99,C,27.4
9332,17.27,D,22.93
9333,12.79,C,9.42
9334,13.99,C,7.38
9335,15.99,C,20.43
9336,6.89,A,17.79
9337,10.99,B,28.34
9338,28.99,G,24.46
9339,8.24,B,22.21
9340,12.99,C,27.94
9341,14.09,B,5.4
9342,10.99,B,14
9343,12.62,C,26.99
9344,6.03,A,11.03
9345,14.03,C,20.1
9346,7.69,A,16.35
9347,18.45,D,13.94
9348,15.61,D,4.32
9349,9.17,B,18.8
9350,16.91,C,26.49
9351,18.25,E,19.49
9352,9.75,B,22.64
9353,11.49,B,22.98
9354,13.59,C,33.28
9355,16.02,C,5.79
9356,16.59,D,20.24
9357,24.37,E,27.89
9358,8.46,A,32.83
9359,7.34,A,14.95
9360,14.49,C,7.79
9361,11.14,B,18.56
9362,7.89,A,9.63
9363,15.61,D,12.48
9364,10.42,B,11.44
9365,20,D,2.05
9366,10.16,B,14.34
9367,25.81,E,28.54
9368,14.47,C,21.91
9369,14.99,C,12.69
9370,13.98,C,16.55
9371,6.07,A,13.15
9372,10.49,B,23.9
9373,7.35,A,14.67
9374,6.67,A,25.09
9375,14.46,C,20.32
9376,12.73,B,19.2
9377,18.25,E,14.53
9378,14.46,C,28.22
9379,17.97,D,14.46
9380,16.99,D,10.19
9381,7.96,A,8.9
9382,13.98,C,24.55
9383,6.03,A,7.19
9384,16.14,C,10.61
9385,16.02,C,20.96
9386,7.35,A,9.34
9387,15.05,C,13.19
9388,11.49,B,21.9
9389,6.92,A,9.42
9390,15.05,C,14.83
9391,18.99,D,8.01
9392,13.49,C,12.93
9393,16.99,D,25.3
9394,21.45,D,22.85
9395,12.09,C,10.06
9396,14.31,C,19.34
9397,17.47,D,14.92
9398,10.9,B,25.72
9399,17.86,D,24.17
9400,12.13,B,36.34
9401,25.78,F,30.88
9402,8.18,B,19.88
9403,16.29,D,6.73
9404,18.06,D,23.79
9405,13.33,C,12.12
9406,16.14,C,20.24
9407,17.86,D,29.61
9408,7.69,A,17.28
9409,12.13,B,12.51
9410,8.24,B,17.02
9411,18.45,D,40.67
9412,26.3,E,31.15
9413,13.67,C,12.66
9414,14.49,C,26.98
9415,21.98,E,13.23
9416,19.47,D,27.42
9417,12.74,C,2.96
9418,10.47,B,25.2
9419,8.18,B,17.76
9420,13.49,C,21.4
9421,18.49,D,5.69
9422,14.07,C,37.12
9423,11.44,B,11.11
9424,26.3,E,10.17
9425,16.91,C,14.96
9426,5.32,A,13.4
9427,23.4,E,8.33
9428,5.32,A,7.15
9429,10.16,B,30.25
9430,7.9,A,10.12
9431,9.99,B,25.7
9432,18.84,E,30.54
9433,10.56,B,21.57
9434,10.42,B,11.79
9435,6.67,A,39.85
9436,9.44,B,14.43
9437,16.78,C,5.87
9438,13.67,C,26.61
9439,11.99,C,29.56
9440,6.72,A,13.71
9441,24.99,E,16.06
9442,11.99,B,5.81
9443,8.24,B,5.32
9444,10.64,B,20.87
9445,8.39,B,17.93
9446,23.4,E,4.4
9447,6.92,A,16.89
9448,15.99,C,9.87
9449,12.73,B,11.94
9450,27.27,E,14.52
9451,16.2,C,32.82
9452,9.93,B,11.61
9453,6.07,A,19
9454,17.86,D,12.31
9455,8.18,B,8.1
9456,19.53,D,23.25
9457,13.67,C,26.95
9458,14.65,C,32.41
9459,7.89,A,9.64
9460,7.56,A,28.9
9461,11.49,B,27.56
9462,13.49,C,12.38
9463,14.47,C,3.17
9464,11.99,B,14.03
9465,19.99,D,18.16
9466,15.41,D,8.4
9467,12.69,C,23.63
9468,22.4,E,31.13
9469,7.9,A,18.42
9470,13.67,B,32.54
9471,15.31,C,22.66
9472,7.35,A,6.03
9473,7.99,A,17.97
9474,9.99,B,14.78
9475,10.49,B,11.56
9476,10.99,B,15.28
9477,14.99,C,27.24
9478,17.57,D,32.6
9479,13.49,C,9
9480,9.93,B,24.33
9481,12.79,C,5.41
9482,11.99,B,16.32
9483,11.99,B,16.9
9484,13.56,C,16.68
9485,11.55,B,19.8
9486,13.35,C,17.33
9487,11.49,B,22.42
9488,13.99,C,25.21
9489,9.17,B,14.5
9490,7.97,A,30.98
9491,8.9,A,22.78
9492,5.32,A,10.92
9493,16.02,C,30
9494,11.67,B,26.13
9495,19.22,D,10.93
9496,19.42,D,14.73
9497,13.56,C,10.52
9498,11.44,B,13.97
9499,16.91,C,2.34
9500,10.07,B,9.06
9501,9.16,B,6.46
9502,14.46,C,12.41
9503,18.06,D,23.8
9504,9.8,B,26.85
9505,11.99,B,21.7
9506,12.73,B,27.5
9507,6.03,A,4.56
9508,13.99,C,30.67
9509,8.19,A,11.65
9510,13.99,C,18.94
9511,18.75,D,30.3
9512,12.99,B,4.08
9513,9.99,B,12.43
9514,9.76,B,20.92
9515,9.16,B,11.9
9516,8.46,A,4.58
9517,14.99,C,6.46
9518,11.99,C,18.31
9519,12.99,C,13.89
9520,14.03,C,12.64
9521,14.99,C,13.94
9522,13.49,C,4.79
9523,16.91,C,14.66
9524,7.99,A,28.01
9525,23.4,E,1.59
9526,26.31,E,27.5
9527,14.03,C,35.56
9528,18.84,E,12.44
9529,14.33,C,14.16
9530,26.06,F,2.67
9531,16.2,C,12.35
9532,11.44,B,6.29
9533,6.83,A,24.26
9534,18.24,D,24.88
9535,12.49,B,19.47
9536,11.44,B,17.73
9537,10.99,B,12.84
9538,7.39,A,17.19
9539,9.44,B,29.1
9540,6.92,A,27.11
9541,8.49,B,7.47
9542,7.26,A,20.65
9543,9.99,B,30.37
9544,13.99,C,28.27
9545,7.59,A,9.97
9546,8.18,B,18.87
9547,13.44,C,22.96
9548,21.18,E,13.93
9549,22.15,E,2.76
9550,13.56,C,16.07
9551,14.49,C,21.49
9552,18.49,E,11.09
9553,17.57,D,18.68
9554,6.99,A,12.89
9555,14.85,C,29.7
9556,15.31,C,20.81
9557,10.99,B,21.66
9558,12.62,C,23.09
9559,11.49,B,22.09
9560,16.29,C,29.54
9561,9.44,B,23.6
9562,14.99,C,21.54
9563,9.99,B,3
9564,11.49,B,18.78
9565,11.55,B,22.02
9566,12.29,C,27.19
9567,7.84,A,10.04
9568,13.99,C,19.06
9569,8.18,B,9.05
9570,15.61,D,14.08
9571,7.69,A,6.61
9572,18.06,D,18.2
9573,17.99,D,4.48
9574,15.59,C,9.99
9575,23.99,F,32.63
9576,19.99,E,17.74
9577,7.89,A,13.22
9578,11.06,B,21.25
9579,5.32,A,17.73
9580,10.15,B,21.64
9581,8.24,B,8.96
9582,20,D,6.96
9583,7.69,A,12.7
9584,17.57,D,20.16
9585,20.99,E,18.32
9586,11.8,B,25.11
9587,6.24,A,16.64
9588,12.69,C,28.38
9589,14.08,C,18.24
9590,14.3,C,12.26
9591,8,A,12.56
9592,18.54,E,33.78
9593,12.39,C,11.04
9594,7.26,A,35.13
9595,13.99,C,13.51
9596,8.9,A,19.91
9597,9.44,B,9.38
9598,10.47,B,13.25
9599,8.18,B,9.09
9600,10.49,B,26.73
9601,21.18,E,9.6
9602,22.91,E,21.82
9603,17.77,D,20.26
9604,10.42,B,21.27
9605,12.59,C,26.61
9606,16.99,D,16.91
9607,23.99,E,29.12
9608,7.46,A,34.38
9609,15.96,C,21.35
9610,17.97,D,16.66
9611,10.99,B,2.34
9612,19.19,E,4.57
9613,9.99,B,16.11
9614,13.99,C,20.35
9615,13.67,C,16.07
9616,22.35,D,6.63
9617,15.59,C,31.86
9618,17.09,D,7.27
9619,10.42,B,30.41
9620,15.27,C,1.82
9621,9.93,B,8.55
9622,12.99,C,15.92
9623,12.35,B,19.41
9624,22.39,E,17.47
9625,7.21,A,8.03
9626,15.05,C,7.56
9627,10.99,B,29.85
9628,14.3,C,12.67
9629,8.18,B,38.28
9630,23.87,E,13.06
9631,18.49,D,13.83
9632,6.11,A,18.05
9633,7.21,A,30.2
9634,10.99,B,14.78
9635,9.17,B,16.99
9636,12.69,C,30.65
9637,14.08,C,22.21
9638,18.55,E,19.56
9639,7.39,A,10.9
9640,11.99,B,25.2
9641,6.62,A,18.27
9642,16.78,C,24.29
9643,7.69,A,19.99
9644,6.83,A,20.22
9645,6.99,A,21.82
9646,10.49,B,4.36
9647,13.49,C,16.43
9648,10.49,B,24.79
9649,11.44,B,14.29
9650,18.85,D,6.63
9651,11.44,B,9.33
9652,13.99,C,14.29
9653,15.99,C,17.5
9654,12.12,B,27.86
9655,13.99,C,19.51
9656,7.12,A,33.26
9657,9.92,B,4.2
9658,11.44,B,27.74
9659,12.29,C,13.31
9660,12.59,C,22.03
9661,10.99,B,27.54
9662,14.99,C,12.24
9663,18.06,D,31.7
9664,27.27,E,27.02
9665,5.32,A,18.17
9666,12.35,B,10.4
9667,9.75,B,17.92
9668,14.99,C,14.7
9669,16.91,C,35.22
9670,13.99,C,25.14
9671,7.24,A,30.12
9672,21.48,E,13.62
9673,13.98,C,26.75
9674,17.09,D,25.29
9675,11.99,B,18.65
9676,25.81,E,26.87
9677,11.99,B,19.75
9678,13.98,C,9.89
9679,11.06,B,28.65
9680,10.74,B,6.92
9681,14.49,C,19.87
9682,12.69,C,33.78
9683,10.99,B,29.15
9684,10.78,B,24.91
9685,16.29,C,12.72
9686,15.61,D,26.7
9687,5.32,A,12.72
9688,23.99,F,24.67
9689,14.08,C,7.37
9690,7.89,A,4.42
9691,12.98,B,34.42
9692,21.49,D,25.33
9693,8.39,B,21.23
9694,6.67,A,4.21
9695,17.86,D,20.47
9696,8.49,B,20.1
9697,18.94,D,10.56
9698,14.08,C,30.49
9699,24.99,F,26.46
9700,18.99,D,28.42
9701,15.02,C,23.93
9702,19.24,E,20.58
9703,11.67,B,20.08
9704,7.26,A,18.07
9705,7.34,A,16.24
9706,11.98,B,1.11
9707,19.2,D,22.25
9708,13.66,C,22.95
9709,15.88,C,14.44
9710,6.71,A,18.83
9711,11.49,B,22.78
9712,13.49,C,4.69
9713,12.49,B,17.13
9714,15.59,C,8.22
9715,20.89,D,21.37
9716,11.44,B,8.62
9717,6.67,A,22.47
9718,7.39,A,16.91
9719,10.91,B,17.69
9720,18.99,D,20.89
9721,11.99,B,13.59
9722,10.99,B,34.35
9723,9.67,B,29.69
9724,13.35,C,11.76
9725,13.49,C,30.84
9726,26.3,E,36.36
9727,16.2,C,12.97
9728,14.31,C,18.15
9729,7.84,A,24.6
9730,10.08,B,26.59
9731,9.49,B,26.78
9732,11.31,B,20.4
9733,14.3,C,9.6
9734,6.11,A,28.27
9735,11.49,B,9.65
9736,7.62,A,16.41
9737,5.32,A,14.81
9738,15.41,D,23.42
9739,10.99,B,34.09
9740,12.99,C,27.3
9741,15.8,C,22.74
9742,12.29,C,6.43
9743,7.56,A,34.96
9744,8.99,B,29.79
9745,6.49,A,2.95
9746,15.77,D,45.23
9747,11.31,B,20.83
9748,24.99,E,26.96
9749,15.58,D,9.73
9750,8.39,A,6.08
9751,14.99,C,19.67
9752,17.99,D,6.32
9753,16.14,C,233.97
9754,9.44,B,9.84
9755,9.76,B,30.19
9756,22.35,D,28.35
9757,8.39,B,7.52
9758,14.64,C,18.37
9759,19.99,E,28.68
9760,11.44,B,27.08
9761,5.31,A,12.43
9762,11.99,C,10.59
9763,19.42,D,16.57
9764,10.08,B,16.34
9765,17.97,D,19.98
9766,8.18,B,7.28
9767,12.74,C,14.93
9768,10.72,B,6.51
9769,20.99,E,23.82
9770,7.24,A,16.56
9771,11.49,B,11.59
9772,7.69,A,11.78
9773,15.02,C,10.24
9774,10.42,B,6.83
9775,8.24,B,2.88
9776,27.27,E,17.16
9777,14.33,C,17.88
9778,12.29,C,30.76
9779,22.15,E,33.64
9780,7.07,A,57.46
9781,16.02,C,27.04
9782,6.99,A,32.45
9783,13.59,C,18.63
9784,9.17,B,9.88
9785,7.97,A,12.79
9786,14.49,C,20.22
9787,10.99,B,24.33
9788,16.02,C,6.76
9789,14.65,C,33.18
9790,9.75,B,26.16
9791,14.52,C,28.44
9792,11.99,C,14.75
9793,6.03,A,10.01
9794,13.99,C,22.53
9795,14.08,C,2.44
9796,14.08,C,14.19
9797,20.89,D,5.78
9798,18.99,E,39.32
9799,6.71,A,23.8
9800,12.73,B,30.26
9801,15.05,C,29.09
9802,11.47,B,30.25
9803,19.19,E,22.48
9804,8.24,B,31.96
9805,8.18,B,11.8
9806,7.35,A,9.56
9807,14.65,C,30.85
9808,12.69,C,21.75
9809,18.94,D,18.1
9810,14.49,C,19.71
9811,18.25,D,19.66
9812,15.41,D,24.32
9813,20,D,15.99
9814,6.62,A,15.86
9815,7.21,A,22.29
9816,5.32,A,64.85
9817,14.08,C,28.1
9818,11.55,B,9.56
9819,10.42,B,14.89
9820,7.07,A,24.22
9821,15.05,C,16.29
9822,15.05,C,6.23
9823,17.57,D,26.4
9824,6.67,A,10.02
9825,30.75,F,11.38
9826,13.99,C,8.66
9827,15.23,C,12.66
9828,16.99,D,10.04
9829,9.44,B,23.21
9830,12.61,C,7.99
9831,12.62,C,8.32
9832,7.35,A,9.34
9833,21.99,E,33.2
9834,10.91,B,17
9835,10.16,B,20.34
9836,10.47,B,41.97
9837,9.17,B,10.54
9838,13.59,C,11.87
9839,10.42,B,11.12
9840,16.99,D,32.47
9841,18.99,E,22.29
9842,6.19,A,14.54
9843,10.15,B,24.72
9844,17.99,D,30.02
9845,7.21,A,24.72
9846,9.17,B,2.41
9847,10.33,B,14.85
9848,7.69,A,10.59
9849,15.61,D,15.23
9850,16.29,C,19.85
9851,19.42,D,32.7
9852,19.19,E,35.56
9853,14.03,C,18.72
9854,9.93,B,25.38
9855,5.32,A,11.74
9856,6.67,A,19.04
9857,13.49,C,6.08
9858,15.61,D,38.17
9859,18.25,D,5.67
9860,12.69,C,23.08
9861,11.99,B,24.09
9862,12.61,C,15.31
9863,14.65,C,20.1
9864,7.35,A,24.47
9865,10.99,B,24.84
9866,9.17,B,24.88
9867,12.05,C,38.08
9868,6.03,A,18.02
9869,12.79,C,11.58
9870,14.33,C,8.66
9871,7.89,A,27.99
9872,14.47,C,22.17
9873,6.62,A,0.27
9874,7.35,A,11.19
9875,9.44,B,23.53
9876,17.27,C,24.54
9877,19.52,E,15.79
9878,14.65,C,24.41
9879,14.49,C,21.16
9880,6.97,A,26.9
9881,10.99,B,21.97
9882,12.99,C,12.8
9883,16.78,C,19.01
9884,8.9,A,10.35
9885,11.99,C,18.71
9886,21.49,D,32.74
9887,13.49,C,24.56
9888,9.93,B,17.98
9889,14.47,C,10.91
9890,12.74,C,24.95
9891,5.32,A,11.19
9892,7.89,A,13.33
9893,11.47,B,33.29
9894,16.55,D,15.25
9895,15.61,C,10.11
9896,15.58,D,14.23
9897,20.99,E,10.34
9898,18.06,D,16.12
9899,11.06,B,27.4
9900,11.99,B,30
9901,7.24,A,29.56
9902,17.27,D,33.75
9903,25.29,E,31.18
9904,20.3,E,12.82
9905,16.78,C,11.84
9906,6.49,A,18.86
9907,8.46,A,27.7
9908,15.31,C,4.29
9909,11.99,B,37.66
9910,10.91,B,18.71
9911,14.99,C,20.12
9912,13.59,C,7.88
9913,8.81,A,11.61
9914,13.35,C,12.37
9915,19.03,D,30.46
9916,11.49,B,9.3
9917,21.85,D,13.48
9918,23.1,E,22.66
9919,13.99,C,18.73
9920,17.97,D,34.05
9921,14.65,C,23.26
9922,13.49,C,31.28
9923,11.47,B,18.33
9924,13.33,C,9.59
9925,11.8,B,24.2
9926,16.91,C,28.1
9927,12.69,C,14.93
9928,18.99,E,14.86
9929,10.49,B,19.18
9930,7.49,A,14.54
9931,18.45,D,4.26
9932,15.05,C,14.71
9933,13.33,C,22.78
9934,5.31,A,8.72
9935,12.12,B,7.2
9936,21.99,F,20.46
9937,13.56,C,35.12
9938,14.48,C,31.73
9939,8.19,A,19.73
9940,6.07,A,5.35
9941,7.35,A,15.62
9942,16.99,D,6.98
9943,5.31,A,34.29
9944,6.11,A,24.35
9945,10.75,B,5.08
9946,14.07,C,9.24
9947,6.83,A,4.64
9948,18.25,D,16.17
9949,21.45,D,13.85
9950,12.99,C,18.66
9951,8.81,A,5.26
9952,19.53,D,13.61
9953,8.67,B,25.91
9954,16.02,C,17.58
9955,10.47,B,34.53
9956,11.55,B,16.68
9957,25.34,E,30.74
9958,9.49,B,9.03
9959,8.18,B,10.72
9960,10.99,B,34.2
9961,12.73,B,26.12
9962,7.62,A,30
9963,10.99,B,29.36
9964,16.14,C,17.04
9965,26.3,E,20.44
9966,7.84,A,28.39
9967,7.26,A,19.44
9968,8.99,B,32.89
9969,12.62,C,13.23
9970,6.83,A,9.64
9971,10.42,B,20.62
9972,6.89,A,19.42
9973,17.22,G,8.84
9974,10.33,B,10.01
9975,11.99,B,11.43
9976,7.9,A,27.07
9977,7.62,A,6.14
9978,12.69,C,10.23
9979,13.33,C,10.67
9980,7.97,A,17.56
9981,12.74,C,11.81
9982,14.99,C,32.45
9983,10.47,B,13.76
9984,8.19,A,34.27
9985,12.79,C,17.43
9986,5.32,A,9
9987,17.09,D,12.47
9988,18.49,D,9.38
9989,15.05,C,23.33
9990,10.15,B,16.16
9991,11.05,B,9.31
9992,12.73,B,10.98
9993,7.89,A,16.44
9994,20.39,D,7.02
9995,10.42,B,4.32
9996,8.39,B,23.71
9997,18.25,D,24.37
9998,10.49,B,26.74
9999,26.24,E,23.28
10000,10.49,B,10.5
10001,8.9,A,9.6
10002,8.24,B,13.95
10003,7.84,A,14.09
10004,13.99,C,63.27
10005,15.05,C,24.98
10006,13.11,B,19.34
10007,12.99,B,15.59
10008,7.89,A,10.56
10009,6.03,A,7.03
10010,11.39,B,17.52
10011,14.08,C,61.11
10012,12.99,C,14.91
10013,12.99,B,7.94
10014,8.9,A,15.08
10015,15.41,D,31.57
10016,6.72,A,9.73
10017,10.74,B,27.73
10018,9.75,B,23.63
10019,13.49,C,3.93
10020,6.89,A,19.34
10021,13.99,C,2.51
10022,9.93,B,25.47
10023,6.24,A,3.55
10024,7.26,A,27.07
10025,7.97,A,23.47
10026,12.85,B,24.04
10027,6.11,A,12.22
10028,9.99,B,21.01
10029,13.49,C,4.83
10030,21.45,D,18.49
10031,21.45,D,21.4
10032,15.05,C,6.17
10033,15.05,C,34.71
10034,9.93,B,1.08
10035,20,D,12.5
10036,11.31,B,22.62
10037,14.33,C,29.72
10038,9.99,B,29.88
10039,7.35,A,13.14
10040,18.25,E,26.17
10041,16.99,D,31.65
10042,10.99,B,7.83
10043,15.61,D,17.27
10044,9.16,B,24.34
10045,16.91,C,39.13
10046,13.99,C,17.8
10047,21.99,E,29.46
10048,10.99,B,11.37
10049,8.18,B,27.37
10050,16.99,D,32.17
10051,17.57,D,38.68
10052,16.02,C,18.05
10053,13.11,C,11.31
10054,24.49,E,17.56
10055,16.55,D,27.03
10056,13.98,C,11.8
10057,8.39,B,20.31
10058,9.16,B,20.26
10059,8.18,B,15.25
10060,7.69,A,9.35
10061,9.93,B,12.29
10062,6.07,A,36.59
10063,8.39,B,10.77
10064,17.99,D,31.58
10065,14.31,C,6.59
10066,10.59,B,19.1
10067,21.45,D,19.24
10068,18.24,D,26.2
10069,16.02,C,23.05
10070,13.99,C,6.45
10071,17.27,C,21.32
10072,14.46,C,19.28
10073,12.29,C,38.76
10074,16.78,C,27.12
10075,14.65,C,23.42
10076,15.49,C,25.92
10077,6.11,A,16.52
10078,16.29,C,8.87
10079,11.99,C,13.41
10080,6.97,A,18.08
10081,19.52,D,10.41
10082,7.56,A,19.16
10083,14.08,C,6.28
10084,10.75,B,2.21
10085,5.32,A,21.73
10086,21.18,E,6.69
10087,13.33,C,26.79
10088,11.49,B,6.67
10089,13.33,C,28.87
10090,12.29,C,18.72
10091,10.75,B,16.63
10092,15.61,D,13.5
10093,15.31,C,24.61
10094,10.16,B,21.91
10095,9.8,B,34.64
10096,14.47,C,10.84
10097,10.99,B,27.63
10098,7.21,A,12.56
10099,20,D,29.61
10100,22.74,E,25.07
10101,17.99,D,22.1
10102,17.86,D,25.42
10103,17.99,D,7.68
10104,18.25,E,16.7
10105,14.65,C,8.42
10106,10.15,B,10.17
10107,7.34,A,24.89
10108,14.33,C,20.73
10109,12.74,C,16.26
10110,9.67,B,9.37
10111,15.49,C,27.47
10112,18.84,E,16.87
10113,14.08,C,30.15
10114,6.67,A,8.65
10115,14.52,C,27.2
10116,13.67,C,26.95
10117,10.99,B,21.78
10118,10.91,B,24.63
10119,11.06,B,25.13
10120,11.49,B,16.03
10121,9.67,B,10.31
10122,20.89,D,38.69
10123,16.02,C,28.97
10124,11.39,B,4.96
10125,12.59,C,35.87
10126,7.99,A,15.65
10127,7.35,A,13.37
10128,7.12,A,15.18
10129,7.97,A,5.37
10130,5.32,A,14.23
10131,17.97,D,21.84
10132,7.84,A,6.4
10133,13.56,C,32.5
10134,19.92,D,16.05
10135,17.47,D,29.24
10136,10.99,B,25.97
10137,7.51,A,16.5
10138,7.39,A,15.3
10139,10.9,B,21.03
10140,14.65,C,10.93
10141,8.19,A,15.37
10142,10.41,B,29.6
10143,7.49,A,8.53
10144,9.49,B,19.15
10145,7.99,A,20.77
10146,11.49,B,6.46
10147,18.25,D,3.67
10148,14.47,C,16.93
10149,16.99,D,34.55
10150,19.92,D,19.97
10151,19.05,D,29.73
10152,14.65,C,27.95
10153,11.53,B,14.56
10154,16.91,C,8.08
10155,7.35,A,23.25
10156,20.99,E,27.28
10157,19.05,D,34.75
10158,16.29,D,16.56
10159,15.59,D,25.84
10160,14.33,C,14.75
10161,10.91,B,12.91
10162,15.61,D,14.96
10163,16.91,C,27.71
10164,8.24,B,26.51
10165,12.69,C,5.41
10166,11.31,B,12.15
10167,13.65,C,6.02
10168,10.9,B,13.81
10169,9.17,B,11.24
10170,11.05,B,5.77
10171,8.24,B,7.72
10172,7.84,A,13.74
10173,13.66,C,39.52
10174,21.49,D,1.8
10175,11.49,B,29.79
10176,13.56,C,25.26
10177,8.99,B,20.81
10178,6.72,A,11.23
10179,6.03,A,4.35
10180,12.69,C,8.25
10181,11.99,B,34.2
10182,13.49,C,21.51
10183,13.59,C,7.63
10184,9.8,B,18.33
10185,7.07,A,12.63
10186,14.08,C,26.57
10187,20.89,D,20.09
10188,10.49,B,15.24
10189,16.01,C,23.84
10190,16.99,D,18.45
10191,12.49,B,29.13
10192,11.39,B,14.3
10193,18.99,D,8.29
10194,20,D,42.05
10195,10.15,B,20.03
10196,15.61,D,5.89
10197,9.93,B,13.47
10198,14.47,C,13.39
10199,18.25,D,4.99
10200,13.99,C,35.18
10201,13.67,C,35.77
10202,9.16,B,7.48
10203,14.49,C,23.04
10204,10.08,B,37.42
10205,11.12,B,12.78
10206,12.62,C,22.22
10207,15.33,D,21.68
10208,22.9,E,21.15
10209,14.3,C,29.56
10210,9.44,B,18.9
10211,14.49,C,16.91
10212,8.99,B,10.68
10213,16.91,C,26.03
10214,6.97,A,7.04
10215,10.07,B,17.77
10216,6.89,A,20.56
10217,17.47,D,6.85
10218,10.56,B,6.45
10219,15.02,C,9.79
10220,23.4,E,56.98
10221,28.72,F,9.84
10222,7.84,A,16.66
10223,10.75,B,13.9
10224,13.99,C,15.44
10225,7.34,A,14.1
10226,10.75,B,20.13
10227,23.4,E,29.55
10228,15.05,C,20.33
10229,12.69,C,10.7
10230,14.65,C,25.99
10231,16.99,D,12.09
10232,11.98,B,6.55
10233,17.97,D,4.63
10234,12.73,B,27.6
10235,9.93,B,12.87
10236,15.05,C,13.93
10237,25.49,E,26.86
10238,6.97,A,21.38
10239,8.18,B,34.62
10240,9.17,B,22.03
10241,14.07,C,15.24
10242,8.67,B,14.51
10243,14.08,C,17.13
10244,9.67,B,3.1
10245,23.4,E,29.56
10246,18.06,D,12.28
10247,15.05,C,7.89
10248,7.21,A,12.89
10249,28.72,F,33.85
10250,15.61,C,16.46
10251,18.24,D,39.76
10252,14.16,C,21.19
10253,8.18,B,33.42
10254,19.05,D,31.27
10255,12.61,C,22.48
10256,13.99,C,21.03
10257,11.49,B,24.17
10258,14.99,C,20.29
10259,15.05,C,23.15
10260,15.05,C,14.25
10261,15.05,C,23.73
10262,24.99,E,6.02
10263,9.75,B,8.81
10264,23.99,E,14.37
10265,11.44,B,8.54
10266,20,D,42.18
10267,9.16,B,12.3
10268,11.49,B,15.9
10269,19.92,D,27.6
10270,6.92,A,16.05
10271,14.08,C,10.08
10272,12.12,B,22.51
10273,8.18,B,34.17
10274,12.29,C,15.34
10275,13.99,C,9.22
10276,7.34,A,21
10277,5.32,A,7.72
10278,11.8,B,15.45
10279,6.67,A,9.6
10280,9.44,B,32.86
10281,7.21,A,13.84
10282,17.57,D,18.38
10283,12.35,B,34.44
10284,19.52,D,20.14
10285,9.99,B,17.39
10286,22.45,E,21.99
10287,17.57,D,18.77
10288,10.9,B,16.15
10289,8.18,B,8.55
10290,13.99,C,29.91
10291,7.97,A,17.64
10292,10.15,B,20.3
10293,21.7,E,7.83
10294,13.59,C,22.65
10295,10.07,B,3.97
10296,14.49,C,12.83
10297,15.05,C,16.4
10298,15.99,C,29.74
10299,8.46,A,19.92
10300,12.12,B,21.88
10301,13.66,C,39.17
10302,13.99,C,30.45
10303,18.06,D,18.48
10304,12.99,C,8.18
10305,11.99,C,3.96
10306,11.53,B,26.79
10307,15.61,D,19.83
10308,22.15,E,27.15
10309,12.29,C,8.52
10310,17.14,D,13.89
10311,9.71,B,9.8
10312,7.21,A,13.86
10313,11.53,B,17.21
10314,11.53,B,18.24
10315,14.98,C,30.43
10316,10.99,B,17.13
10317,9.75,B,19.09
10318,7.21,A,22.4
10319,13.44,C,8.3
10320,18.06,D,39.82
10321,10.49,B,20.28
10322,10.49,B,7.76
10323,12.99,C,16.28
10324,9.99,B,27.19
10325,8.18,B,23.8
10326,16.02,C,25.63
10327,6.49,A,27.52
10328,12.99,C,19.36
10329,8.9,A,11.4
10330,7.21,A,10.99
10331,30.99,G,17.15
10332,10.91,B,30.35
10333,10.99,B,18.3
10334,24.84,E,4.29
10335,9.44,B,9.76
10336,12.62,C,10.48
10337,9.93,B,16.1
10338,14.65,C,28.37
10339,15.22,C,19.52
10340,7.89,A,17.03
10341,17.09,D,38.65
10342,7.39,A,6.08
10343,12.99,C,26.52
10344,7.99,A,31.66
10345,16.01,C,
10346,14.65,C,30.7
10347,14.03,C,13.95
10348,18.25,D,10.35
10349,10.91,B,42.22
10350,12.29,C,7.04
10351,9.92,B,5.97
10352,8.67,B,18.31
10353,17.27,C,18.33
10354,8.59,A,12.22
10355,13.18,C,10.96
10356,7.89,A,31.73
10357,15.31,C,22.72
10358,11.44,B,8.16
10359,16.01,C,25.13
10360,17.97,D,19.18
10361,14.72,C,17.7
10362,11.49,B,6.66
10363,17.09,D,17.97
10364,5.32,A,8.87
10365,16.29,D,18.69
10366,7.26,A,17.79
10367,12.69,C,10.56
10368,12.29,C,17.81
10369,19.99,D,7.54
10370,10.47,B,19.29
10371,15.99,D,10.69
10372,10.49,B,18.99
10373,14.3,C,23.1
10374,7.9,A,4.78
10375,9.44,B,35.48
10376,9.92,B,12.79
10377,15.61,D,26.25
10378,16.29,D,20.44
10379,18.55,E,20.94
10380,16.29,C,25.65
10381,25.89,G,21.44
10382,11.06,B,23.09
10383,11.05,B,27.16
10384,14.47,C,14.2
10385,15.31,C,14.44
10386,13.99,C,28.84
10387,10.99,B,12.32
10388,13.33,C,7.68
10389,15.99,C,17.31
10390,12.62,C,19.11
10391,6.11,A,18.44
10392,13.33,C,20.97
10393,21.85,D,31.65
10394,15.61,D,15.33
10395,16.29,C,8.89
10396,18.55,E,4.49
10397,14.99,C,10.14
10398,11.99,B,5.41
10399,6.49,A,27.36
10400,8.46,A,19.03
10401,7.46,A,7.51
10402,16.02,C,7.78
10403,14.49,C,22.89
10404,13.65,C,15.38
10405,11.99,B,13.11
10406,16.46,C,26.11
10407,6.49,A,11.54
10408,15.49,C,10.5
10409,8.9,A,3.82
10410,17.57,D,34.14
10411,12.74,C,17.36
10412,13.59,C,11.45
10413,7.96,A,27.5
10414,24.5,F,10.53
10415,21.48,E,26.64
10416,7.21,A,13.7
10417,8.46,A,13.85
10418,8.18,B,29.5
10419,10.72,B,12.77
10420,10.99,B,5.45
10421,18.45,D,22.71
10422,12.12,B,27.98
10423,9.99,B,12.18
10424,15.05,C,14.5
10425,13.11,B,18.22
10426,9.92,B,9.07
10427,12.98,B,28.4
10428,18.25,D,23.02
10429,10.49,B,16.65
10430,15.02,C,16.9
10431,24.5,F,12.72
10432,15.05,C,34.66
10433,7.07,A,14.47
10434,22.39,E,25.85
10435,6.97,A,4.44
10436,9.93,B,23.43
10437,13.11,B,20.84
10438,12.35,B,30.81
10439,6.39,A,5.74
10440,22.74,E,14.33
10441,8.18,B,10
10442,18.25,E,12.66
10443,16.02,C,20.02
10444,18.99,D,11.03
10445,7.9,A,5.58
10446,16.01,C,8.08
10447,24.99,E,21.89
10448,10.99,B,27.91
10449,23.4,E,10.37
10450,23.88,E,25.26
10451,11.99,B,16.8
10452,11.47,B,2.28
10453,7.46,A,5.09
10454,5.31,A,9.95
10455,5.32,A,11.39
10456,14.47,C,18.57
10457,7.26,A,15.42
10458,7.39,A,21.7
10459,10.08,B,23.63
10460,15.31,C,38.37
10461,10.42,B,7.77
10462,11.99,C,8.52
10463,7.97,A,20.55
10464,11.47,B,13.33
10465,6.97,A,4.85
10466,11.99,B,34.9
10467,13.49,C,31.02
10468,8.24,B,28.76
10469,13.33,C,12.14
10470,13.58,C,21.65
10471,11.49,B,26.22
10472,7.99,A,13.84
10473,25.49,E,21.88
10474,11.55,B,12.69
10475,7.62,A,17.5
10476,11.99,B,22.17
10477,22.45,E,21.02
10478,14.98,C,26.81
10479,13.58,C,52.23
10480,15.99,C,2.92
10481,9.44,B,19.37
10482,20.2,E,18.87
10483,11.99,B,10.69
10484,6.71,A,14.01
10485,19.22,D,15.52
10486,10.07,B,11.85
10487,21.49,D,22.55
10488,10.72,B,9.86
10489,12.73,B,28.13
10490,12.69,C,24.04
10491,15.99,C,10.59
10492,11.44,B,21.07
10493,12.85,B,17.48
10494,5.32,A,19.79
10495,21.45,D,15.45
10496,13.99,C,17.22
10497,11.44,B,29.67
10498,16.91,C,7.43
10499,5.32,A,10.14
10500,13.99,C,15.41
10501,16.55,D,21.2
10502,14.07,C,12.73
10503,11.44,B,13.9
10504,12.62,C,48.85
10505,12.49,B,27.89
10506,13.59,C,22.3
10507,29.49,F,34.28
10508,17.99,D,15.54
10509,13.06,C,15.13
10510,8.46,A,27.95
10511,11.99,C,17.75
10512,12.74,C,9
10513,13.67,C,14.5
10514,10.64,B,24.69
10515,7.9,A,3.46
10516,13.05,B,14.01
10517,17.77,D,14.27
10518,17.97,D,3.96
10519,7.21,A,16.89
10520,9.17,B,33.55
10521,9.93,B,12.48
10522,16.02,C,20.6
10523,13.49,C,17.49
10524,13.99,C,19.73
10525,13.59,C,23.72
10526,19.99,E,20.09
10527,15.99,C,16.98
10528,26.24,E,23.07
10529,12.42,B,18.46
10530,12.53,C,18.49
10531,10.99,B,6.42
10532,7.39,A,14.27
10533,15.31,C,18.67
10534,8.9,A,10.32
10535,7.99,A,11.86
10536,6,A,9.01
10537,20.99,E,20.47
10538,11.05,B,9.63
10539,6.11,A,14.71
10540,6.11,A,14.06
10541,16.02,C,55.97
10542,11.99,C,26.27
10543,11.55,B,11.2
10544,30.79,G,32.56
10545,12.74,C,19.68
10546,12.69,B,14.02
10547,14.49,C,25.86
10548,21.99,F,31.66
10549,19.99,E,15.04
10550,9.17,B,15.62
10551,7.02,A,19.98
10552,11.11,B,8.66
10553,16.29,D,10.23
10554,8.19,A,25.68
10555,14.65,C,36.9
10556,6.11,A,38.66
10557,7.07,A,27.89
10558,9.17,B,25.48
10559,6.72,A,19.31
10560,17.57,D,24.02
10561,14.99,C,25.86
10562,13.99,C,13.06
10563,17.09,D,30.97
10564,11.44,B,22.58
10565,7.9,A,4.22
10566,10.42,B,29.87
10567,15.05,C,30.31
10568,14.08,C,47.16
10569,15.04,C,12.86
10570,13.56,C,9.39
10571,13.11,B,23.81
10572,15.02,C,10.91
10573,13.35,C,12.4
10574,13.99,C,16.68
10575,17.56,D,12.21
10576,9.16,B,10.68
10577,18.99,D,20.26
10578,15.99,C,1.45
10579,9.16,B,29.03
10580,7.07,A,29.97
10581,7.56,A,1.7
10582,7.39,A,19.34
10583,19.03,D,81.61
10584,14.65,C,17.06
10585,12.13,B,13.96
10586,18.49,D,17.19
10587,17.76,D,9.64
10588,18.99,D,11.12
10589,18.25,E,21.68
10590,16.99,D,6.61
10591,11.44,B,26.58
10592,12.49,B,18.82
10593,11.99,B,22.36
10594,26.3,E,8.6
10595,13.56,C,18.69
10596,22.74,E,12.35
10597,24.99,F,30.01
10598,26.77,E,1.75
10599,19.92,D,7.1
10600,12.79,C,19.64
10601,18.25,D,24.8
10602,10.75,B,34.42
10603,22.35,D,47.32
10604,8.99,B,8.47
10605,17.99,D,4.5
10606,7.96,A,23.76
10607,17.57,D,21.8
10608,7.9,A,16.24
10609,9.17,B,21.34
10610,10.42,B,21.65
10611,14.65,C,10.67
10612,8.81,A,14.32
10613,9.17,B,7.3
10614,18.45,D,14.85
10615,10.75,B,29.19
10616,13.11,B,10.8
10617,7.21,A,1.87
10618,11.22,B,17.33
10619,12.62,C,15.27
10620,5.32,A,26.77
10621,9.16,B,12.85
10622,15.88,C,13.8
10623,13.67,C,23.62
10624,11.99,B,6.99
10625,15.59,C,23.24
10626,11.99,B,26.52
10627,18.25,E,21.48
10628,9.93,B,25.19
10629,23.43,F,13.49
10630,10.75,B,25.21
10631,22.99,F,21.55
10632,7.84,A,23.68
10633,13.56,C,8.27
10634,11.14,B,27.07
10635,13.98,C,2.8
10636,7.34,A,18.69
10637,11.48,B,34.18
10638,9.99,B,13.48
10639,11.53,B,29.95
10640,7.34,A,14.84
10641,16.02,C,9.14
10642,17.47,D,18.45
10643,21.18,E,21.08
10644,17.76,D,30.38
10645,11.06,B,10.33
10646,9.99,B,20.2
10647,14.98,C,11.15
10648,6.49,A,10.32
10649,15.02,C,22.84
10650,14.08,C,19.35
10651,9.16,B,16.59
10652,14.08,C,29.28
10653,9.92,B,16.56
10654,5.32,A,7.77
10655,8.99,B,28.83
10656,12.73,B,18.62
10657,12.99,C,18.3
10658,17.27,C,9.48
10659,13.98,C,33.2
10660,9.93,B,8.16
10661,9.44,B,3.06
10662,10.42,B,7.03
10663,10.75,B,22.38
10664,13.99,C,15.4
10665,7.34,A,9.79
10666,16.01,C,9.35
10667,7.35,A,31.81
10668,8.6,A,15.05
10669,17.57,D,15.05
10670,15.31,C,14.92
10671,11.53,B,10.66
10672,8.46,A,22.81
10673,13.56,C,32.38
10674,16.55,D,14.06
10675,12.29,C,34.29
10676,12.62,C,15.51
10677,6,D,8.33
10678,12.69,C,27.57
10679,7.89,A,12.55
10680,16.14,C,30.19
10681,11.39,B,18.6
10682,8.46,A,10.97
10683,14.47,C,25.71
10684,14.65,C,30.11
10685,17.86,D,21.73
10686,17.57,D,12.83
10687,13.49,C,27.16
10688,15.49,C,14.87
10689,5.93,A,29.57
10690,9.93,B,35.54
10691,7.84,A,24.14
10692,21.99,E,24.95
10693,6.24,A,7.15
10694,12.99,C,17.51
10695,12.49,B,11.31
10696,10.07,B,12.13
10697,12.99,C,13.15
10698,14.49,C,16.2
10699,9.75,B,9.91
10700,14.99,C,28.55
10701,18.99,D,28.33
10702,15.05,C,9.44
10703,14.65,C,14.76
10704,13.99,C,36.05
10705,13.11,B,18.75
10706,11.49,B,15.87
10707,8.24,B,16.91
10708,7.49,A,17.81
10709,17.57,D,36.43
10710,25.99,G,18.9
10711,7.88,A,13.68
10712,9.49,B,10.12
10713,18.92,D,20.21
10714,9.58,B,9.57
10715,24.85,E,25.69
10716,16.99,D,20.2
10717,30.49,F,33.03
10718,12.69,C,32.35
10719,7.46,A,26.39
10720,17.86,D,13.57
10721,8.38,B,13.12
10722,20.49,E,21.94
10723,8.19,A,12.55
10724,19.03,D,26.74
10725,11.31,B,10.83
10726,8.24,B,12.18
10727,11.99,B,22.65
10728,12.69,C,21.2
10729,19.92,D,21.07
10730,15.04,C,34.7
10731,8.81,A,18.84
10732,14.07,C,13.64
10733,14.07,C,15.46
10734,12.74,C,26.08
10735,13.59,C,21.81
10736,9.99,B,13.8
10737,23.7,F,5.07
10738,16.29,D,6.48
10739,7.69,A,18.27
10740,14.49,C,16.16
10741,6.97,A,9.7
10742,17.27,D,22.18
10743,14.31,C,30.4
10744,11.49,B,34.47
10745,12.62,C,8.82
10746,13.58,C,26.14
10747,10.49,B,19.54
10748,19.22,D,8.37
10749,18.94,D,12.84
10750,8.18,B,25.55
10751,11.99,C,8.73
10752,15.31,C,19.98
10753,12.79,C,18.48
10754,11.49,B,31.3
10755,13.33,C,25.99
10756,9.17,B,16.3
10757,13.67,C,46.15
10758,12.29,C,24.89
10759,10.47,B,8.9
10760,6.89,A,12.43
10761,11.44,B,15.15
10762,15.81,C,13.38
10763,20.2,E,16.46
10764,14.47,C,9.36
10765,19.03,D,22.68
10766,11.22,B,18.12
10767,10.75,B,14.62
10768,17.86,D,24.78
10769,10.99,B,17.07
10770,9.16,B,11.96
10771,14.09,B,28.13
10772,25.11,F,24.24
10773,17.09,D,15.55
10774,7.46,A,18.77
10775,12.74,C,21.3
10776,6.03,A,21.13
10777,13.67,C,12.02
10778,19.53,D,19.55
10779,13.58,C,12.15
10780,15.61,D,28.48
10781,14.46,C,17.74
10782,17.57,D,22.98
10783,10.99,B,18.94
10784,10.47,B,11.89
10785,22.39,E,15.22
10786,13.67,C,14.35
10787,8.18,B,20.32
10788,15.1,C,20.06
10789,10.99,B,18.19
10790,15.31,C,1.03
10791,6.08,A,17.04
10792,13.05,B,16.11
10793,22.99,F,37.88
10794,11.06,B,25.43
10795,5.32,A,22.38
10796,16.02,C,11.53
10797,6.71,A,16.05
10798,11.99,B,4.06
10799,14.07,C,
10800,18.92,D,21.33
10801,8.18,B,22.32
10802,10.42,B,8.16
10803,11.31,B,26.71
10804,13.53,B,12.57
10805,6.03,A,0.61
10806,10.08,B,28.41
10807,18.49,E,18.43
10808,5.32,A,12.59
10809,15.05,C,7.07
10810,6.89,A,10.84
10811,14.08,C,26.58
10812,17.09,D,14.51
10813,9.99,B,10.15
10814,17.09,D,16.34
10815,15.02,C,7.49
10816,7.49,A,31.31
10817,8.19,A,5.04
10818,5.32,A,28.49
10819,13.99,C,27.65
10820,13.56,C,27.62
10821,18.24,D,36.03
10822,14.08,C,12.24
10823,9.93,B,11.23
10824,16.14,C,13.43
10825,7.21,A,1.79
10826,15.99,C,31.45
10827,6.46,A,17.38
10828,9.99,B,30.53
10829,13.33,C,10.85
10830,11.99,B,5.04
10831,19.24,E,21.62
10832,10.16,B,24.55
10833,15.02,C,15.31
10834,28.69,F,27.65
10835,12.69,C,19.68
10836,19.03,D,20.42
10837,13.18,C,25.36
10838,24.85,E,25.78
10839,7.84,A,22.43
10840,6.07,A,11.42
10841,10.99,B,27.93
10842,10.91,B,39.96
10843,18.99,D,6.85
10844,7.9,A,11.78
10845,7.49,A,10.42
10846,19.92,D,26.93
10847,13.99,C,10.21
10848,9.17,B,10.04
10849,16.2,C,23.81
10850,9.75,B,15.34
10851,5.32,A,15.66
10852,6.11,A,14.75
10853,18.99,D,15.36
10854,17.47,D,29.16
10855,13.49,C,19.08
10856,12.69,C,3.43
10857,16.02,C,7.67
10858,16.02,C,16.55
10859,9.44,B,10.56
10860,13.59,C,5.47
10861,11.49,B,1.76
10862,6.07,A,0.43
10863,13.66,C,26.47
10864,13.67,C,16.4
10865,6.72,A,17.43
10866,18.94,D,41.77
10867,17.27,D,18.57
10868,6.71,A,13.15
10869,13.99,C,1.58
10870,26.3,E,22.36
10871,6.11,A,33.14
10872,7.99,A,21.05
10873,27.34,G,23.02
10874,11.55,B,10.32
10875,17.57,D,35.99
10876,15.1,C,16.92
10877,9.49,B,18.23
10878,9.93,B,6.49
10879,12.62,C,10.76
10880,6.72,A,21.99
10881,6.49,A,10.56
10882,7.96,A,14.92
10883,14.49,C,14.04
10884,16.91,C,38.07
10885,14.08,C,6.61
10886,21.48,E,18.73
10887,6.24,A,19.92
10888,7.35,A,10.49
10889,14.65,C,12.74
10890,13.06,C,22.7
10891,12.79,C,25.95
10892,11.99,B,20.03
10893,10.99,B,25.52
10894,23.13,F,16
10895,19.22,D,17.57
10896,10.15,B,11.7
10897,13.56,C,21.77
10898,6.39,A,18.4
10899,13.33,C,13.83
10900,17.09,D,115.66
10901,11.39,B,5.72
10902,10.99,B,21.67
10903,13.56,C,6.55
10904,12.59,C,23.16
10905,24.85,E,15.76
10906,14.47,C,17.43
10907,15.05,C,17.09
10908,19.22,D,33.69
10909,9.58,B,19.74
10910,16.55,D,23.18
10911,7.34,A,32.3
10912,14.49,C,19.2
10913,14.47,C,11.17
10914,16.01,C,12.49
10915,6.71,A,23.66
10916,16.02,C,9.34
10917,13.98,C,12.6
10918,5.32,A,22.86
10919,6.68,A,17.12
10920,7.97,A,23.15
10921,11.31,B,31.42
10922,11.99,B,17.74
10923,9.44,B,14.86
10924,16.55,D,22.3
10925,7.02,A,29
10926,13.56,C,5.66
10927,26.3,E,11.02
10928,7.97,A,1.55
10929,28.72,F,14
10930,9.17,B,14.34
10931,7.35,A,18.67
10932,14.07,C,16.72
10933,9.99,B,25.3
10934,9.93,B,12.6
10935,9.49,B,11.69
10936,7.99,A,11.43
10937,14.46,C,11.07
10938,13.58,C,1.8
10939,8.39,B,8.4
10940,7.99,A,29.4
10941,20.49,E,23.28
10942,12.99,C,22.3
10943,10.08,B,34.93
10944,7.39,A,14.54
10945,10.49,B,20.68
10946,9.17,B,14.65
10947,6.49,A,7.85
10948,14.08,C,14.36
10949,9.17,B,25.42
10950,14.03,C,17.6
10951,13.99,C,15.06
10952,17.57,D,14.7
10953,11.47,B,27.19
10954,7.24,A,16.11
10955,5.32,A,13.87
10956,12.12,B,20.35
10957,12.73,B,11.42
10958,13.35,C,12.51
10959,19.92,D,29.79
10960,16.29,C,20.6
10961,16.55,D,14.98
10962,12.69,C,34.2
10963,9.67,B,22.58
10964,10.99,B,29.63
10965,26.24,E,20.24
10966,13.99,C,24.54
10967,7.59,A,16.96
10968,17.86,D,23.13
10969,26.24,E,25.61
10970,14.47,C,9.64
10971,10.91,B,6.23
10972,12.74,C,22.8
10973,22.35,D,27.75
10974,10.42,B,30.72
10975,14.99,C,25
10976,12.29,C,7.34
10977,14.52,C,30.13
10978,10.42,B,25.64
10979,7.89,A,16.19
10980,14.31,C,18.14
10981,14.65,C,13.95
10982,10.49,B,22.33
10983,7.07,A,10.15
10984,15.31,C,30.46
10985,10.99,B,4.47
10986,6.67,A,1.4
10987,8.9,A,18.21
10988,7.62,A,7.86
10989,12.74,C,15.36
10990,20.89,D,24.47
10991,17.49,D,24.17
10992,6.11,A,18.2
10993,18.55,E,19.29
10994,16.01,C,17.95
10995,16.99,D,17.38
10996,28.72,F,24.13
10997,14.99,C,26.26
10998,18.24,D,22.34
10999,10.49,B,13.63
11000,5.31,A,20.11
11001,9.17,B,11.9
11002,9.17,B,21.82
11003,22.45,E,6.26
11004,7.34,A,65.19
11005,12.99,B,10.72
11006,17.09,D,12.13
11007,8.99,B,14.4
11008,11.98,B,31.29
11009,19.42,D,26.1
11010,19.19,E,11.5
11011,12.79,C,15.03
11012,10.91,B,21.71
11013,14.08,C,19.15
11014,13.99,C,11.13
11015,18.99,E,17.38
11016,10.91,B,9.08
11017,10.49,B,26.79
11018,22.35,D,9
11019,14.46,C,17.47
11020,15.88,C,2.32
11021,15.04,C,23.71
11022,13.35,C,24.14
11023,11.39,B,16.25
11024,14.46,C,19.18
11025,9.17,B,6.65
11026,16.99,D,15.77
11027,9.93,B,23.6
11028,11.53,B,12.92
11029,6.19,A,6.34
11030,7.35,A,15.77
11031,14.08,C,11.72
11032,22.9,E,15.3
11033,17.86,D,9.9
11034,11.99,C,23.67
11035,7.46,A,4.58
11036,10.15,B,18.05
11037,15.99,C,18.37
11038,16.55,D,26
11039,13.99,C,14.94
11040,13.67,B,4.41
11041,17.86,D,13.98
11042,9.93,B,23.09
11043,12.99,C,33.7
11044,10.99,B,16.38
11045,13.58,C,3.97
11046,20.2,E,4.68
11047,6.71,A,8.28
11048,16.91,C,19.55
11049,10.91,B,65.37
11050,11.44,B,10.99
11051,16.24,C,28.6
11052,15.61,D,15.28
11053,11.47,B,24.15
11054,18.94,D,27.23
11055,12.69,C,9.33
11056,7.97,A,12.69
11057,16.02,C,38.68
11058,8.19,A,16.57
11059,11.44,B,16.56
11060,14.99,C,7.22
11061,19.52,E,27.82
11062,11.55,B,10.68
11063,12.99,B,4.88
11064,16.55,D,34.62
11065,7.39,A,16.78
11066,7.62,A,17.66
11067,9.88,B,12.99
11068,10.15,B,19.17
11069,15.61,D,24.01
11070,8.59,A,6.25
11071,7.97,A,3.63
11072,7.89,A,26.1
11073,13.49,C,10.19
11074,17.86,D,15.91
11075,6.89,A,15.88
11076,16.29,C,10.8
11077,18.25,D,18.54
11078,14.08,C,36.73
11079,8.46,A,9.04
11080,14.49,C,22.2
11081,22.9,E,23.68
11082,27.27,E,22.94
11083,5.32,A,6.6
11084,9.16,B,10.66
11085,8.39,B,20.31
11086,11.49,B,17.86
11087,15.61,C,3.55
11088,14.03,C,52
11089,13.98,C,3.36
11090,16.49,D,2.79
11091,10.91,B,17.49
11092,12.29,C,11.18
11093,15.02,C,28.26
11094,9.17,B,7.82
11095,23.87,E,6.73
11096,14.64,C,13.35
11097,7.89,A,7.66
11098,6.24,A,11.67
11099,7.99,A,9.12
11100,11.53,B,18.25
11101,17.1,C,14.74
11102,20.2,E,16.91
11103,20.89,D,18.47
11104,16.02,C,34.42
11105,11.8,B,7.71
11106,5.32,A,11.06
11107,11.98,B,30.56
11108,13.33,C,2.69
11109,7.89,A,11.66
11110,6.99,A,24.2
11111,6.03,A,9.97
11112,11.98,B,16.72
11113,6.71,A,17.32
11114,20.49,E,10.94
11115,7.26,A,15.67
11116,8.19,A,25.98
11117,13.67,C,31.35
11118,17.99,D,20.83
11119,14.08,C,32.49
11120,7.35,A,28.37
11121,16.99,D,29.64
11122,11.49,B,6.33
11123,16.91,C,28.51
11124,13.99,C,12.99
11125,7.46,A,10.57
11126,7.35,A,9.23
11127,11.55,B,12.82
11128,13.49,C,30.57
11129,15.04,C,22.53
11130,8.18,B,28.6
11131,11.49,B,30.8
11132,9.17,B,23.42
11133,19.05,D,22.06
11134,11.8,B,12.79
11135,14.08,C,10.86
11136,17.47,D,41.97
11137,7.97,A,16.94
11138,19.03,D,19.28
11139,8.39,A,19.16
11140,9.99,B,16.29
11141,15.41,D,19.54
11142,17.47,D,29.44
11143,11.98,B,29.28
11144,11.99,B,5.38
11145,5.32,A,9.76
11146,10.91,B,15.05
11147,13.66,C,14.32
11148,10.99,B,25.01
11149,11.14,B,15.95
11150,14.64,C,24.07
11151,11.49,B,16.49
11152,16.99,D,7.38
11153,21.49,D,17.36
11154,22.9,E,12.86
11155,13.58,C,2.49
11156,5.32,A,27.31
11157,10.91,B,29.52
11158,30.79,G,26.94
11159,15.59,D,20.66
11160,10.99,B,14.51
11161,10.49,B,8.11
11162,16.91,C,19.2
11163,7.97,A,26.17
11164,7.69,A,24.48
11165,15.61,C,26.01
11166,15.31,C,15.66
11167,10.42,B,8.75
11168,6.11,A,12.26
11169,19.03,D,27.47
11170,13.33,C,34.63
11171,16.55,D,23.6
11172,9.16,B,3.01
11173,6.03,A,11.62
11174,10.75,B,27.9
11175,15.99,C,18.3
11176,20.99,E,21.14
11177,7.35,A,13.1
11178,16.99,D,31.79
11179,18.94,D,20.44
11180,7.49,A,15.92
11181,12.99,C,4.41
11182,9.99,B,28.86
11183,10.99,B,10.78
11184,18.99,D,24.88
11185,8.08,A,2.04
11186,12.49,B,13.16
11187,10.49,B,8.36
11188,9.16,B,25.55
11189,8.18,B,4.81
11190,15.1,C,21.27
11191,9.49,B,17.61
11192,13.49,C,15.77
11193,7.21,A,24.06
11194,13.33,C,9.94
11195,12.12,B,29.52
11196,13.66,C,31.03
11197,15.99,C,14.75
11198,6.72,A,28.29
11199,13.11,B,29.56
11200,6.99,A,15.54
11201,17.99,D,22.48
11202,6.24,A,11.11
11203,5.32,A,17.66
11204,12.99,C,28.42
11205,12.79,C,20.31
11206,7.35,A,5.1
11207,30.75,F,11.36
11208,10.08,B,15.79
11209,22.74,E,13.51
11210,22.35,D,16.92
11211,7.89,A,14.11
11212,7.59,A,10.78
11213,14.09,B,10.75
11214,24.99,F,31.37
11215,6.62,A,18.33
11216,11.67,B,16.74
11217,7.35,A,18.12
11218,9.93,B,24.66
11219,7.89,A,18.21
11220,14.33,C,24.19
11221,18.49,D,22.08
11222,12.74,C,4.8
11223,7.34,A,15.59
11224,12.29,C,11.59
11225,17.97,D,21.97
11226,12.62,C,19.35
11227,12.39,C,14.23
11228,5.32,A,20.37
11229,11.53,B,15.46
11230,18.99,D,11.1
11231,13.59,C,11.9
11232,13.59,C,27.84
11233,8.59,A,4.13
11234,6.03,A,4.8
11235,11.44,B,30.98
11236,15.04,C,8.6
11237,18.94,D,28.52
11238,15.49,C,11
11239,11.99,B,26.09
11240,18.45,D,23.05
11241,13.99,C,14.61
11242,16.02,C,15.68
11243,19.99,D,3.94
11244,6.08,A,19.58
11245,10.15,B,16.85
11246,9.75,B,27.92
11247,9.93,B,10.28
11248,7.99,A,11.44
11249,10.42,B,13.12
11250,7.21,A,23.51
11251,6.83,A,4.57
11252,17.99,D,13.24
11253,12.49,B,18.81
11254,12.29,C,14.79
11255,13.99,C,13.57
11256,7.34,A,13.38
11257,18.94,D,64.64
11258,19.92,D,13.15
11259,9.17,B,16.84
11260,6.19,A,1.59
11261,11.55,B,17.28
11262,18.24,D,6.69
11263,10.15,B,15.52
11264,14.07,C,20.86
11265,11.99,B,1.92
11266,17.99,D,21.38
11267,7.89,A,6.56
11268,17.1,C,8.65
11269,12.62,C,7.59
11270,6.68,A,8.84
11271,10.91,B,32.49
11272,23.4,E,19.6
11273,11.44,B,10.47
11274,6.67,A,17.09
11275,27.31,G,25.02
11276,12.39,C,12.72
11277,16.02,C,11.81
11278,20.39,D,38.27
11279,13.11,B,6.17
11280,16.55,D,19.23
11281,11.53,B,31.53
11282,12.29,C,4.95
11283,8.9,A,18.98
11284,19.42,D,8.99
11285,19.99,E,13.62
11286,13.49,C,20.27
11287,10.91,B,23.83
11288,14.65,C,23.37
11289,12.73,B,30.39
11290,7.9,A,17.82
11291,21.48,E,30.17
11292,11.22,B,23.88
11293,18.99,E,14.84
11294,10.78,B,17.8
11295,19.99,D,19.59
11296,16.99,D,11.68
11297,10.49,B,9.99
11298,30.99,G,30.16
11299,7.39,A,7.23
11300,6.46,A,17.44
11301,11.48,B,23.16
11302,6.46,A,63.91
11303,14.07,C,14.44
11304,14.65,C,24.46
11305,10.49,B,8.91
11306,14.99,C,22.83
11307,10.91,B,16.9
11308,9.17,B,21.9
11309,5.32,A,8.74
11310,11.53,B,20.04
11311,10.99,B,14.75
11312,11.99,B,6.94
11313,17.47,D,15.67
11314,10.49,B,6.68
11315,11.67,B,21.81
11316,8.08,A,17.8
11317,13.33,C,18.61
11318,13.59,C,14.87
11319,14.31,C,17.79
11320,23.87,E,24.16
11321,7.34,A,15.38
11322,7.49,A,4.38
11323,7.96,A,31.53
11324,13.33,C,25.63
11325,16.55,D,16.05
11326,29.49,F,13
11327,8.9,A,16.19
11328,15.05,C,16.42
11329,11.98,B,12.15
11330,7.97,A,10.88
11331,7.14,A,5.74
11332,15.05,C,14.1
11333,18.99,D,21.44
11334,26.3,E,37.46
11335,11.99,B,9.06
11336,14.65,C,16.84
11337,16.02,C,11.38
11338,21.7,E,1.12
11339,7.34,A,1.18
11340,9.93,B,2.07
11341,13.06,C,20.36
11342,11.39,B,3.74
11343,14.99,C,16.93
11344,13.65,C,9.07
11345,7.56,A,14.24
11346,7.26,A,23.04
11347,18.2,E,28.58
11348,7.21,A,11.62
11349,8.18,B,20.07
11350,13.59,C,20.12
11351,7.84,A,39.6
11352,12.62,C,14.25
11353,16.29,C,25.96
11354,10.75,B,17.76
11355,11.99,C,11.33
11356,20,D,39.37
11357,10.47,B,11.72
11358,19.03,D,22.75
11359,5.32,A,1.18
11360,15.05,C,21.58
11361,14.03,C,8.38
11362,7.39,A,8.7
11363,7.56,A,10.65
11364,7.9,A,6.6
11365,7.39,A,17.3
11366,14.08,C,28.71
11367,15.49,C,8.46
11368,7.49,A,21.27
11369,10.16,B,24.99
11370,11.47,B,7.82
11371,13.58,C,20.51
11372,14.49,C,22.04
11373,12.29,C,19.81
11374,18.99,D,14.01
11375,20.39,D,22.29
11376,7.97,A,
11377,9.17,B,14.25
11378,13.49,C,18.91
11379,12.74,C,9.24
11380,12.85,B,13.58
11381,13.67,C,14.17
11382,11.44,B,22.99
11383,7.34,A,9.79
11384,8.24,B,27.37
11385,9.44,B,13.73
11386,15.05,C,32.06
11387,7.97,A,5.28
11388,16.99,D,25.01
11389,15.05,C,9.9
11390,13.49,C,24.03
11391,15.02,C,17.84
11392,15.22,C,4.48
11393,12.74,C,18.17
11394,13.67,C,18.17
11395,10.91,B,37.58
11396,14.08,C,15.58
11397,13.99,C,24.22
11398,11.49,B,14.73
11399,8.18,B,17.69
11400,11.55,B,11.94
11401,10.49,B,12.13
11402,15.31,C,21.14
11403,17.27,D,17.65
11404,11.53,B,30.77
11405,11.99,B,27.6
11406,13.66,C,6.44
11407,14.08,C,19.77
11408,13.99,C,19.57
11409,8.9,A,7.93
11410,13.49,C,31.05
11411,13.99,C,21.15
11412,11.49,B,6.62
11413,7.49,A,2.4
11414,22.45,E,47.76
11415,10.49,B,5.93
11416,10.99,B,26.82
11417,15.88,C,19.62
11418,20.75,E,8.84
11419,21.49,D,31.39
11420,13.33,C,35.1
11421,9.17,B,29.7
11422,8.39,B,22.98
11423,13.67,C,32.91
11424,15.99,C,26.3
11425,15.99,C,21.98
11426,10.64,B,24.26
11427,6.83,A,19.25
11428,6.11,A,21.24
11429,7.66,A,28.08
11430,16.24,C,33.93
11431,9.93,B,16.87
11432,18.99,E,20.67
11433,21.45,D,11.61
11434,20.99,E,23.6
11435,30.65,F,8.61
11436,13.99,C,4.54
11437,12.74,C,18.72
11438,8.24,B,31.69
11439,15.05,C,3.23
11440,10.99,B,23.92
11441,10.99,B,15.96
11442,14.47,C,24.34
11443,6.03,A,11.86
11444,15.99,C,31.28
11445,15.02,C,30.23
11446,13.59,C,20.52
11447,11.49,B,24.1
11448,10.99,B,13.72
11449,5.32,A,28.38
11450,11.53,B,19.97
11451,12.74,C,10.17
11452,11.67,B,12.03
11453,11.99,B,32.63
11454,18.99,D,31.74
11455,11.49,B,28.01
11456,15.99,C,24.22
11457,9.16,B,16.05
11458,7.84,A,22.5
11459,11.67,B,32.07
11460,12.73,B,8.04
11461,9.44,B,32.52
11462,10.49,B,24.31
11463,15.22,C,21.44
11464,17.86,D,27.72
11465,12.73,B,24.12
11466,17.57,D,28.22
11467,26.06,G,6.06
11468,19.03,D,14.16
11469,14.99,C,24.43
11470,23.99,E,13.64
11471,18.92,D,21.84
11472,13.33,C,28.65
11473,15.05,C,6.8
11474,17.27,D,33.65
11475,10.99,B,25.8
11476,9.76,B,31.23
11477,7.26,A,10.7
11478,10.99,B,20.68
11479,12.99,C,11.16
11480,17.09,D,14.2
11481,11.49,B,16.65
11482,19.92,D,19.79
11483,13.56,C,23.28
11484,13.59,C,25.27
11485,17.57,D,24.73
11486,18.99,D,30.42
11487,16.14,C,13.2
11488,11.99,B,14.45
11489,11.49,B,13.91
11490,6.03,A,7.58
11491,6.24,A,13.92
11492,12.99,C,7.87
11493,9.25,A,22.48
11494,15.59,C,9.11
11495,6.24,A,25.46
11496,14.98,C,8.58
11497,10.99,B,26.38
11498,12.99,C,20.86
11499,11.44,B,11.67
11500,15.31,C,38.88
11501,9.44,B,14.46
11502,12.49,B,28.93
11503,16.49,D,31.88
11504,18.45,D,12.59
11505,26.3,E,26.23
11506,16.02,C,19.89
11507,18.06,D,20.25
11508,15.61,D,20.32
11509,17.97,D,37.55
11510,12.69,C,33.37
11511,14.65,C,35.6
11512,17.99,D,27.81
11513,12.49,B,28.67
11514,14.47,C,7.01
11515,10.47,B,29.25
11516,15.99,C,18.35
11517,8.81,A,8.84
11518,12.74,C,6.39
11519,9.58,B,7.87
11520,11.49,B,5.14
11521,18.99,D,14.12
11522,14.27,C,12.42
11523,7.69,A,16.46
11524,11.22,B,5.06
11525,14.09,B,24.1
11526,7.49,A,17.89
11527,12.62,C,13.3
11528,12.13,B,27.48
11529,12.99,C,19.28
11530,5.31,A,17.22
11531,7.26,A,27.13
11532,7.97,A,4.96
11533,12.62,C,6.67
11534,13.11,B,7.43
11535,13.67,B,29.12
11536,14.99,C,13.35
11537,6.08,A,8.92
11538,10.91,B,12.41
11539,10.16,B,21.29
11540,15.02,C,47.12
11541,13.99,C,11.55
11542,10.56,B,8.34
11543,6.11,A,15.32
11544,9.93,B,9.6
11545,16.14,C,26.32
11546,16.99,D,5.22
11547,13.99,C,28.14
11548,17.77,D,27.53
11549,13.99,C,9.01
11550,15.05,C,8.35
11551,9.44,B,10.43
11552,9.99,B,25.06
11553,11.49,B,22.96
11554,18.99,E,21.41
11555,9.43,B,18.3
11556,18.06,D,8.08
11557,14.49,C,9.05
11558,6.03,A,10.28
11559,13.59,C,17.83
11560,9.49,B,16.84
11561,10.75,B,13.48
11562,13.33,C,20.4
11563,9.16,B,27.14
11564,10.42,B,24.35
11565,14.16,C,16.58
11566,14.99,C,10.15
11567,23.99,F,22.55
11568,12.62,C,29.06
11569,12.12,B,20.92
11570,5.32,A,13.06
11571,10.64,B,17.03
11572,11.11,B,20.69
11573,10.42,B,15.79
11574,22.99,F,28.21
11575,14.99,C,29.26
11576,18.99,E,16.66
11577,16.01,C,24.13
11578,12.62,C,21.37
11579,13.66,C,14.99
11580,13.33,C,15.15
11581,10.91,B,33.22
11582,8.19,A,10.49
11583,13.49,C,26.5
11584,7.49,A,19.03
11585,10.15,B,12.38
11586,17.86,D,30.41
11587,13.67,C,34.4
11588,14.65,C,22.18
11589,14.47,C,21.95
11590,15.05,C,17.98
11591,6.99,A,22.18
11592,8.6,A,14.67
11593,12.98,B,11.68
11594,8.39,B,9.41
11595,11.49,B,34.08
11596,11.99,B,22.76
11597,15.31,C,19.11
11598,15.61,C,9.58
11599,14.65,C,6.22
11600,20.49,E,25.14
11601,13.98,C,3.92
11602,20.99,E,11.61
11603,11.44,B,13.54
11604,11.49,B,8.78
11605,10.9,B,6.91
11606,8.67,B,27.15
11607,21.49,E,14.25
11608,7.84,A,34.17
11609,6.92,A,22.24
11610,15.61,D,32.55
11611,8.46,A,10.24
11612,6.11,A,28.74
11613,7.84,A,24.45
11614,18.55,E,30.34
11615,18.99,D,17.63
11616,10.99,B,34.46
11617,11.39,B,11.4
11618,7.62,A,23.81
11619,7.97,A,4.77
11620,11.99,C,16.08
11621,11.99,B,24.37
11622,12.99,C,17.83
11623,14.52,C,14.4
11624,16.99,D,17.48
11625,7.26,A,25.02
11626,14.65,C,14.03
11627,9.93,B,18.67
11628,10.99,B,20.83
11629,13.67,C,31.23
11630,13.59,C,32.92
11631,18.06,D,15.41
11632,12.12,B,31.55
11633,15.31,C,6.4
11634,7.24,A,15.13
11635,10.15,B,15.88
11636,10.99,B,5.68
11637,10.49,B,12.22
11638,16.99,D,27.15
11639,20.99,E,36.11
11640,11.99,C,20.59
11641,16.02,C,20.85
11642,12.79,C,5.3
11643,11.53,B,18.92
11644,10.75,B,19.15
11645,16.99,D,38.43
11646,14.99,C,34.16
11647,18.25,E,13.2
11648,7.99,A,10.55
11649,14.49,C,6.65
11650,19.99,E,33.77
11651,15.61,C,13.74
11652,18.25,D,15.56
11653,16.01,C,25.7
11654,15.05,C,16.87
11655,11.49,B,9.5
11656,10.99,B,10.46
11657,13.99,C,22.75
11658,7.39,A,18.19
11659,5.31,A,11.43
11660,11.49,B,30.78
11661,20,D,26.56
11662,12.29,C,23.32
11663,11.55,B,15.87
11664,9.17,B,23.99
11665,12.74,C,9.37
11666,16.99,D,20.53
11667,7.91,A,18.15
11668,10.9,B,25.6
11669,5.31,A,15.62
11670,8.46,A,29.59
11671,13.56,C,8.32
11672,9.43,B,33.53
11673,10.99,B,23.52
11674,24.33,G,22.52
11675,20.89,D,12.61
11676,26.3,E,19.9
11677,10.91,B,31.28
11678,7.49,A,13.39
11679,13.49,C,28.35
11680,7.97,A,29.48
11681,13.59,C,26.2
11682,15.02,C,30.09
11683,13.66,C,10.44
11684,5.32,A,17.82
11685,19.99,D,7.46
11686,13.99,C,23.26
11687,7.35,A,16.55
11688,9.44,B,6.12
11689,24.84,E,24.16
11690,13.35,C,21.45
11691,13.99,C,27.94
11692,10.99,B,14.56
11693,5.32,A,17.31
11694,15.02,C,15.7
11695,5.32,A,11.62
11696,15.02,C,19.01
11697,12.29,C,29.11
11698,15.04,C,16.31
11699,7.97,A,13.36
11700,11.55,B,20.51
11701,11.98,B,30.32
11702,11.39,B,7.39
11703,12.12,B,6.53
11704,9.49,B,11.03
11705,8.49,A,9.24
11706,20,D,66.9
11707,11.53,B,6.65
11708,13.99,C,20.33
11709,13.61,C,21.81
11710,14.99,C,14.78
11711,9.93,B,29.62
11712,9.93,B,4.86
11713,10.07,B,29.69
11714,11.99,C,33.45
11715,14.33,C,9.39
11716,9.16,B,16.91
11717,11.99,C,17.79
11718,6.71,A,26.87
11719,11.49,B,16.13
11720,7.89,A,11.17
11721,9.92,B,28.77
11722,13.49,C,3.31
11723,14.99,C,30.24
11724,7.35,A,22.57
11725,14.96,D,5.65
11726,11.98,B,18.19
11727,15.8,C,27.81
11728,18.45,D,28.82
11729,8.39,A,15.15
11730,11.99,B,15.19
11731,11.49,B,10.46
11732,17.99,D,15.3
11733,13.59,C,23.93
11734,7.39,A,9.19
11735,26.3,E,10.99
11736,7.89,A,30
11737,18.99,E,13.18
11738,18.25,E,39.66
11739,19.99,E,34.98
11740,8.38,B,16.14
11741,6.67,A,6.06
11742,13.49,C,22.97
11743,16.01,C,35.64
11744,23.99,E,25.23
11745,13.59,C,10.49
11746,12.69,C,36.88
11747,12.69,C,13.21
11748,5.32,A,16.2
11749,12.79,C,22.58
11750,10.75,B,15
11751,28.18,G,33.43
11752,15.61,D,11.88
11753,17.99,E,24.57
11754,16.02,C,18.79
11755,10.91,B,8.79
11756,18.99,E,19.7
11757,18.24,D,17.7
11758,11.06,B,18.38
11759,8.46,A,25.44
11760,6.03,A,24.07
11761,24.08,F,7.86
11762,24.99,F,21.06
11763,13.56,C,28.93
11764,16.46,C,43.81
11765,5.32,A,22.74
11766,16.14,C,16.73
11767,6.99,A,21.8
11768,5.32,A,13.32
11769,14.65,C,28.04
11770,6.99,A,21.49
11771,14.99,C,30.61
11772,12.62,C,36.59
11773,11.49,B,22.26
11774,10.91,B,10.94
11775,12.74,C,27.79
11776,6.49,A,23.02
11777,19.99,E,22.48
11778,14.46,C,36.17
11779,13.98,C,23.7
11780,10.49,B,19.61
11781,17.14,D,31.4
11782,14.49,C,11.84
11783,6.68,A,16.21
11784,6.67,A,5.47
11785,18.06,D,17.15
11786,13.35,C,11.55
11787,11.06,B,12.59
11788,11.99,B,12.76
11789,7.12,A,8.91
11790,12.74,C,9.56
11791,8.08,A,28.99
11792,12.62,C,19.72
11793,14.46,C,5.18
11794,11.99,B,21.4
11795,10.9,B,8.63
11796,18.55,E,16.54
11797,13.47,C,15.28
11798,9.17,B,1.3
11799,16.02,C,34.28
11800,13.59,C,17.2
11801,9.99,B,16.82
11802,7.97,A,20.17
11803,12.74,C,9.38
11804,15.41,D,26.66
11805,5.93,A,21.43
11806,13.33,C,7.45
11807,16.02,C,13.58
11808,8.38,B,22.85
11809,9.17,B,16.19
11810,10.99,B,29.95
11811,13.58,C,26.29
11812,14.65,C,25.2
11813,6.03,A,16.69
11814,12.62,C,34.37
11815,25.34,E,37.23
11816,13.67,C,12.38
11817,18.25,E,18.96
11818,12.99,C,14.75
11819,6.03,A,1.98
11820,17.99,D,30.68
11821,9.16,B,4.57
11822,18.25,E,16.5
11823,21.67,E,19.69
11824,20.49,E,37.22
11825,8.18,B,10.79
11826,13.49,C,5.61
11827,10.75,B,20.59
11828,13.06,C,24.93
11829,10.42,B,25.36
11830,7.34,A,8.03
11831,11.55,B,14.17
11832,18.25,D,31.17
11833,17.09,D,19.52
11834,9.17,B,26.11
11835,10.56,B,32
11836,8.19,A,28.67
11837,12.59,C,10.75
11838,8.81,A,21.04
11839,6.68,A,9.57
11840,11.99,C,24.18
11841,13.99,C,18.83
11842,9.17,B,24.88
11843,10.99,B,29.04
11844,15.04,C,17.8
11845,18.55,E,25.2
11846,10.08,B,21.41
11847,13.49,C,5.24
11848,9.44,B,21.41
11849,12.73,B,24.25
11850,16.02,C,16.13
11851,19.03,D,35.63
11852,18.99,E,15.12
11853,8.99,B,5.26
11854,13.59,C,19.69
11855,9.44,B,23.37
11856,8.18,B,11.14
11857,20,D,16.06
11858,13.66,C,24.06
11859,11.53,B,20.4
11860,10.91,B,10.65
11861,30.79,G,27.27
11862,7.89,A,19.21
11863,7.96,A,3.56
11864,23.1,E,19.36
11865,13.59,C,24.94
11866,10.08,B,13.01
11867,10.91,B,16.5
11868,7.35,A,28.93
11869,11.44,B,8.03
11870,12.74,C,22.13
11871,10.75,B,18.37
11872,10.08,B,17.39
11873,19.03,D,13.28
11874,17.99,D,31.52
11875,15.41,D,25.38
11876,17.47,D,24.6
11877,11.67,B,30.31
11878,11.55,B,25.75
11879,21.49,D,20.17
11880,9.17,B,23.29
11881,11.47,B,10.36
11882,12.62,C,17.22
11883,6.08,A,17.33
11884,14.49,C,16.32
11885,16.99,D,2.98
11886,8.08,A,25.72
11887,10.47,B,7.58
11888,13.33,C,26.9
11889,9.99,B,26.44
11890,5.32,A,16.58
11891,14.65,C,12.86
11892,19.99,E,25.97
11893,10.99,B,21.84
11894,11.99,C,34.85
11895,14.35,C,22.5
11896,8.18,B,3
11897,12.18,B,13.1
11898,16.14,C,16.52
11899,18.94,D,21.44
11900,9.44,B,32.33
11901,6.03,A,21.58
11902,10.47,B,16.48
11903,13.99,C,14.98
11904,13.59,C,10.65
11905,8.18,B,24.28
11906,16.59,D,20.65
11907,14.07,C,21.22
11908,14.07,C,32.86
11909,6.99,A,12.92
11910,9.16,B,9.82
11911,7.97,A,13.56
11912,8.59,A,5.17
11913,10.56,B,29.29
11914,13.99,C,25.15
11915,15.99,C,13.68
11916,13.99,C,15.91
11917,16.91,C,15.73
11918,14.65,C,15.85
11919,8.9,A,14.59
11920,12.62,C,37.59
11921,18.55,D,12.64
11922,12.49,B,13.85
11923,12.99,C,26.19
11924,9.99,B,16.95
11925,23.7,F,17.35
11926,16.59,D,23.79
11927,13.99,C,24.08
11928,24.5,F,14.56
11929,13.67,C,13.02
11930,10.99,B,14.11
11931,9.44,B,12.7
11932,7.9,A,20.07
11933,15.77,D,22.8
11934,7.99,A,12.64
11935,15.61,D,5.51
11936,16.14,C,18.4
11937,8.18,B,19.58
11938,14.85,C,22.32
11939,15.04,C,17.3
11940,17.27,D,35.76
11941,6.11,A,15.09
11942,10.91,B,18.79
11943,9.49,B,2.9
11944,7.89,A,12.52
11945,11.49,B,25.55
11946,13.33,C,18.48
11947,13.99,C,13.53
11948,8.99,B,4.08
11949,16.02,C,12.14
11950,7.35,A,5.54
11951,9.17,B,27.68
11952,16.29,D,20.47
11953,21.85,D,22.32
11954,6.62,A,4.21
11955,12.62,C,9.38
11956,8.39,A,26.05
11957,9.43,B,10.4
11958,14.47,C,23.12
11959,6.72,A,31.33
11960,7.62,A,14.75
11961,11.99,B,22.04
11962,6.71,A,34.9
11963,14.49,C,17.04
11964,12.74,C,19.15
11965,7.69,A,16.43
11966,9.93,B,3.61
11967,13.99,C,7.4
11968,12.99,C,18.13
11969,25.82,E,5.34
11970,13.33,C,16.11
11971,13.58,C,29.24
11972,11.22,B,35.08
11973,10.91,B,14.03
11974,29.49,F,27.09
11975,9.75,B,21.64
11976,14.08,C,5.74
11977,11.44,B,3.98
11978,11.49,B,16.01
11979,17.57,D,27.84
11980,7.56,A,25.15
11981,19.72,D,28.48
11982,11.39,B,18.8
11983,14.09,B,14.79
11984,6.99,A,25.74
11985,15.8,C,33.22
11986,7.21,A,9.3
11987,7.34,A,8.5
11988,8.18,B,0.48
11989,12.35,B,5.75
11990,14.33,C,28.25
11991,6.68,A,27.75
11992,14.47,C,26.82
11993,8.18,B,29.25
11994,12.73,B,17.98
11995,10.99,B,26.67
11996,15.61,C,6.91
11997,10.15,B,6.65
11998,8.39,A,14.56
11999,5.32,A,22.09
12000,9.67,B,8.54
12001,26.3,E,32.05
12002,7.84,A,30.27
12003,7.4,A,8.89
12004,11.31,B,22.38
12005,11.99,B,15.67
12006,19.52,E,18.68
12007,10.99,B,2.4
12008,9.92,B,24.74
12009,6.97,A,16.33
12010,10.99,B,4.52
12011,12.99,C,29.32
12012,8.18,B,15.68
12013,12.99,B,18.97
12014,15.05,C,11.6
12015,16.55,D,23.96
12016,12.74,C,22.63
12017,9.17,B,5.73
12018,15.02,C,30.56
12019,19.48,E,7.15
12020,11.99,B,18.03
12021,13.99,C,5.29
12022,12.61,C,19.44
12023,21.85,D,28.71
12024,12.12,B,7.13
12025,13.35,C,26.67
12026,9.99,B,12.6
12027,13.99,C,21.95
12028,10.42,B,24.68
12029,10.47,B,16.65
12030,10.33,B,25.69
12031,12.74,C,26.62
12032,11.55,B,15.2
12033,9.44,B,34.44
12034,20.49,E,14.27
12035,16.02,C,37.32
12036,10.08,B,8.68
12037,6.68,A,3.51
12038,16.55,D,21.26
12039,9.93,B,29.61
12040,11.98,B,26.97
12041,17.57,D,11.18
12042,7.89,A,17.88
12043,13.49,C,14.75
12044,13.99,C,32.66
12045,5.32,A,14.15
12046,12.99,C,33.8
12047,7.89,A,15.14
12048,14.65,C,17.45
12049,10.56,B,18.16
12050,6.11,A,13.36
12051,14.07,C,15.83
12052,7.39,A,15.29
12053,16.46,C,14.51
12054,13.99,C,14.05
12055,5.32,A,24.2
12056,11.99,C,19.32
12057,7.97,A,32.26
12058,13.56,C,23.87
12059,13.35,C,13.49
12060,12.39,C,9.95
12061,18.06,D,16.95
12062,13.49,C,24.24
12063,6.11,A,11.68
12064,13.99,C,24.59
12065,24.84,E,15.44
12066,7.35,A,25
12067,8.49,A,16.54
12068,14.47,C,10.59
12069,16.91,C,25.46
12070,6.89,A,12.72
12071,20.99,E,15.37
12072,22.45,E,18.75
12073,11.49,B,13.29
12074,6.99,A,14.34
12075,17.86,D,38.38
12076,10.15,B,14.13
12077,16.99,D,4.43
12078,14.47,C,13.2
12079,7.89,A,15.86
12080,17.57,D,9.94
12081,5.31,A,17.55
12082,7.89,A,19.83
12083,12.62,C,8.55
12084,24.37,E,38
12085,12.49,B,17.5
12086,16.99,D,13.19
12087,6.08,A,6.15
12088,11.48,B,7.04
12089,11.47,B,33.79
12090,18.25,D,19.23
12091,19.99,D,27.64
12092,11.98,B,23.74
12093,12.99,C,21.61
12094,13.67,C,11.04
12095,8.19,A,15.34
12096,9.43,B,19.19
12097,20.99,E,18.78
12098,7.35,A,27.91
12099,10.99,B,22.01
12100,11.99,B,26.89
12101,16.2,C,31.26
12102,19.03,D,18.09
12103,7.84,A,14.43
12104,12.69,C,10.65
12105,17.97,D,14.23
12106,14.46,C,31.27
12107,15.05,C,25.06
12108,6.11,A,10.65
12109,9.99,B,9.53
12110,13.18,C,23.76
12111,10.49,B,7.76
12112,14.65,C,23.7
12113,7.07,A,16.75
12114,19.22,D,4.77
12115,16.02,C,10.5
12116,19.03,D,19.05
12117,13.53,B,2.4
12118,15.02,C,40.37
12119,14.08,C,5.41
12120,11.99,C,10.96
12121,22.35,D,23.82
12122,12.62,C,30.68
12123,15.31,C,15.27
12124,11.98,B,12.66
12125,13.99,C,3.13
12126,21.45,D,37.22
12127,16.02,C,22.23
12128,12.99,C,22.14
12129,12.49,B,25.25
12130,16.14,C,21.32
12131,9.58,B,6.68
12132,19.99,E,15.88
12133,11.67,B,10.95
12134,29.69,F,11.28
12135,23.13,F,33.28
12136,9.67,B,21.64
12137,12.74,C,11.93
12138,7.96,A,9.21
12139,12.74,C,30.29
12140,14.49,C,20
12141,14.99,C,22.15
12142,7.84,A,52.46
12143,9.8,B,9.75
12144,10.42,B,29.06
12145,13.49,C,21.12
12146,15.59,C,12.9
12147,11.99,B,7.06
12148,7.84,A,9.02
12149,11.49,B,17.95
12150,6.89,A,6.34
12151,22.45,E,21.14
12152,10.64,B,27.97
12153,17.57,D,22.16
12154,10.42,B,26.71
12155,13.53,B,34.07
12156,13.11,B,19.03
12157,12.74,C,24.13
12158,13.99,C,10.9
12159,16.14,C,32.26
12160,11.99,B,5.38
12161,9.75,B,12.33
12162,13.67,C,24.98
12163,10.49,B,9.74
12164,20.5,E,27.32
12165,9.58,B,10.77
12166,20.5,E,11.24
12167,5.32,A,13.59
12168,12.74,C,30.91
12169,10.91,B,29.34
12170,11.44,B,29.12
12171,8.18,B,20.69
12172,8.08,A,23.18
12173,9.99,B,13.18
12174,7.35,A,2.05
12175,18.25,D,6.42
12176,13.65,C,20.4
12177,10.75,B,11.77
12178,24.37,E,14.2
12179,11.53,B,16.38
12180,11.14,B,14.31
12181,16.02,C,18.55
12182,7.39,A,22.12
12183,15.27,C,8.97
12184,11.98,B,16.91
12185,6.39,A,16.3
12186,11.48,B,10.36
12187,18.99,D,35
12188,12.99,C,36.02
12189,13.49,C,26.88
12190,11.99,C,18.87
12191,7.9,A,21.46
12192,13.56,C,35.79
12193,10.99,B,33.85
12194,14.46,C,15.65
12195,7.89,A,13.76
12196,11.53,B,11.47
12197,7.84,A,2.37
12198,13.99,C,26.29
12199,21,E,11.08
12200,21.49,D,24.75
12201,19.22,D,24.24
12202,18.49,D,6.81
12203,10.47,B,24.23
12204,11.39,B,7.83
12205,6.19,A,15.66
12206,10.99,B,28.48
12207,7.35,A,24.76
12208,7.34,A,6.99
12209,19.99,D,17.85
12210,7.49,A,27.52
12211,7.35,A,35.94
12212,12.29,C,20.47
12213,21.45,D,16.16
12214,16.91,C,15.98
12215,18.55,E,13.88
12216,15.61,D,27.56
12217,13.99,C,23.04
12218,11.99,B,28.7
12219,16.29,C,13.44
12220,11.44,B,33.16
12221,14.08,C,17.66
12222,6.49,A,32.49
12223,13.99,C,20.1
12224,12.49,B,9.88
12225,16.99,D,29.28
12226,15.05,C,19.39
12227,6.19,A,15.97
12228,13.55,D,11.22
12229,12.99,C,13.24
12230,12.29,C,14.26
12231,12.62,C,2.26
12232,19.05,D,26.42
12233,13.53,B,17.44
12234,9.17,B,23.36
12235,14.03,C,16.9
12236,22.74,E,22.74
12237,17.09,D,13.93
12238,6.19,A,0.41
12239,9.43,B,33.62
12240,6.08,A,20.23
12241,7.84,A,11.1
12242,5.32,A,23.02
12243,9.16,B,11.99
12244,12.98,B,10.46
12245,11.06,B,26.89
12246,17.1,C,22.62
12247,10.99,B,15.01
12248,12.99,B,23.29
12249,11.14,B,20.52
12250,5.32,A,11.18
12251,6.67,A,10.07
12252,11.49,B,16.02
12253,15.1,C,22.47
12254,9.76,B,8.22
12255,6.62,A,4.35
12256,13.11,B,19.61
12257,14.3,C,10.66
12258,11.55,B,17.56
12259,10.42,B,36.13
12260,19.99,D,28.54
12261,11.8,B,11.41
12262,11.99,B,9.33
12263,5.32,A,6.33
12264,7.35,A,7.91
12265,13.33,C,10.32
12266,16.01,C,24.6
12267,6.03,A,6.58
12268,12.74,C,16.81
12269,14.52,C,23.99
12270,10.08,B,24.56
12271,24.08,F,15.38
12272,10.42,B,17.66
12273,25.34,E,15.84
12274,13.33,C,8.43
12275,15.31,C,22.36
12276,13.99,C,22.68
12277,11.99,B,7.6
12278,15.02,C,15.63
12279,23.76,F,5.34
12280,19.97,D,30.02
12281,9.75,B,31.63
12282,15.59,D,15.2
12283,13.67,B,4.99
12284,16.99,D,4.38
12285,24.99,E,20.35
12286,11.31,B,14.5
12287,11.49,B,22.83
12288,11.99,B,11.83
12289,7.26,A,14.76
12290,12.73,B,9.18
12291,14.48,C,14.1
12292,9.8,B,4.47
12293,11.49,B,13.99
12294,13.58,C,31.43
12295,10.56,B,39.12
12296,7.49,A,24.25
12297,10.9,B,26.89
12298,16.46,C,9.63
12299,20.89,D,11.4
12300,13.68,C,25.81
12301,13.67,C,36.07
12302,11.98,B,13.39
12303,8.18,B,16.49
12304,15.02,C,19.8
12305,15.99,D,10.83
12306,9.99,B,25.22
12307,10.65,B,23.91
12308,11.99,C,27.22
12309,7.97,A,11.1
12310,12.29,C,19.06
12311,14.52,C,31.99
12312,21.45,D,21.27
12313,7.62,A,4.35
12314,13.56,C,5.06
12315,12.49,B,28.84
12316,14.59,D,16.47
12317,12.12,B,17.74
12318,18.24,D,4.49
12319,15.31,C,13.01
12320,6.03,A,21.79
12321,21.85,D,24.35
12322,8.18,B,17.5
12323,16.91,C,26.48
12324,7.89,A,14.51
12325,13.99,C,20.09
12326,14.52,C,15.01
12327,25.69,F,19.85
12328,10.56,B,15.3
12329,24.85,E,28.15
12330,9.17,B,22.08
12331,10.15,B,36.66
12332,6.89,A,5.52
12333,19.52,E,15.2
12334,18.99,E,27.42
12335,9.58,B,14.15
12336,6.49,A,9.74
12337,11.49,B,20.08
12338,11.99,B,14.22
12339,14.99,C,30.33
12340,16.02,C,3.15
12341,5.32,A,14.82
12342,14.08,C,25.91
12343,11.67,B,14.29
12344,13.05,B,17.26
12345,10.41,B,10.35
12346,12.74,C,23.95
12347,7.84,A,52.74
12348,20.89,D,12.67
12349,18.55,D,26.53
12350,25.11,F,15.37
12351,18.99,E,20.35
12352,12.69,C,31.17
12353,11.67,B,20.19
12354,15.61,D,17.21
12355,14.07,C,20.01
12356,16.01,C,1.86
12357,14.99,C,15.46
12358,15.99,C,7.14
12359,7.89,A,33.72
12360,16.02,C,23.9
12361,7.21,A,4.68
12362,11.99,C,14.67
12363,19.99,E,28.61
12364,18.55,E,30.71
12365,20.2,E,8.35
12366,10.91,B,16.84
12367,15.61,D,18.43
12368,11.44,B,24.93
12369,11.39,B,8.05
12370,11.53,B,26.05
12371,9.99,B,18.27
12372,19.03,D,22.36
12373,8.39,B,20.9
12374,14.65,C,12.2
12375,8.67,B,10.68
12376,12.62,C,18.25
12377,11.49,B,53.29
12378,17.47,D,38.95
12379,9.17,B,12.81
12380,12.12,B,22.12
12381,14.08,C,4.86
12382,14.47,C,26.51
12383,10.42,B,50.07
12384,5.31,A,1.42
12385,12.79,C,17.88
12386,12.98,B,10.62
12387,19.19,E,2.66
12388,5.32,A,19.18
12389,9.17,B,25.36
12390,7.07,A,22.12
12391,11.99,B,11.17
12392,13.98,C,6.41
12393,7.9,A,12.54
12394,9.58,B,25.87
12395,12.39,C,10.73
12396,18.45,D,12.86
12397,7.97,A,27.44
12398,30.49,F,3.06
12399,13.33,C,19.46
12400,14.91,D,18.95
12401,19.05,D,15.82
12402,17.57,D,24.1
12403,13.59,C,53.76
12404,6.03,A,5.61
12405,14.08,C,26.71
12406,9.75,B,14.03
12407,7.21,A,15.72
12408,9.17,B,7.31
12409,10.99,B,12.42
12410,8.39,A,20.82
12411,16.29,D,21.44
12412,13.49,C,7.9
12413,8.99,B,22.24
12414,8.08,A,19.53
12415,26.3,E,15.84
12416,18.25,D,3.81
12417,13.67,B,12.69
12418,19.99,D,10.07
12419,6.72,A,8.46
12420,11.22,C,21.97
12421,18.49,D,32.51
12422,12.99,C,33.97
12423,12.29,C,16.86
12424,10.42,B,10.81
12425,6.49,A,28.38
12426,15.99,C,21.46
12427,12.39,C,4.58
12428,10.75,B,12.57
12429,17.47,D,16.79
12430,18.25,E,39.8
12431,7.99,A,10.27
12432,11.49,B,6.79
12433,12.35,B,9.81
12434,10.99,B,14.96
12435,10.99,B,35.44
12436,12.05,C,27.99
12437,19.99,E,19.78
12438,12.62,C,12.13
12439,12.98,B,10.05
12440,13.58,C,27.18
12441,11.99,B,26.05
12442,16.55,D,15.98
12443,10.75,B,33
12444,17.99,D,34.33
12445,10.42,B,31.52
12446,11.98,B,17.55
12447,7.84,A,15.9
12448,9.44,B,22.22
12449,11.47,B,12.97
12450,7.89,A,11.95
12451,18.06,D,12.49
12452,7.26,A,20.13
12453,14.98,C,32.52
12454,18.06,D,14.79
12455,12.61,C,3.57
12456,18.55,E,11.33
12457,12.79,C,3.73
12458,9.43,B,17.19
12459,9.99,B,14.74
12460,7.9,A,5.18
12461,14.16,C,19.46
12462,22.15,E,20.35
12463,16.01,C,27.59
12464,18.99,D,22.08
12465,13.99,C,17.03
12466,12.99,C,19.44
12467,12.12,B,25.43
12468,19.99,E,33.94
12469,7.9,A,27.44
12470,12.79,C,19.34
12471,14.65,C,15.57
12472,9.44,B,10.42
12473,7.46,A,3.28
12474,11.53,B,9.33
12475,6.24,A,16
12476,13.56,C,21.52
12477,7.07,A,36.08
12478,8.99,B,6.01
12479,7.97,A,23.48
12480,8.46,A,21.8
12481,8.39,B,21.17
12482,6.91,A,21.63
12483,10.75,B,17.27
12484,10.75,B,27.7
12485,16.02,C,5.78
12486,6.99,A,19.73
12487,14.52,C,12.26
12488,20.31,D,24.69
12489,7.97,A,5.56
12490,15.05,C,7.07
12491,11.39,B,13.13
12492,7.66,A,15.4
12493,8.24,B,24.44
12494,20.89,D,36.08
12495,22.35,D,22.77
12496,11.55,B,6.16
12497,10.64,B,10.5
12498,13.58,C,25.37
12499,12.61,C,19.11
12500,13.56,C,17.73
12501,16.02,C,18.23
12502,14.52,C,20.2
12503,9.93,B,17.49
12504,9.17,B,32.91
12505,15.31,C,11.75
12506,11.99,C,4.42
12507,9.44,B,32.65
12508,18.06,D,16.42
12509,18.99,E,32.11
12510,12.73,B,18.96
12511,17.86,D,1.5
12512,16.55,D,37.5
12513,19.42,D,11.42
12514,11.39,B,18.71
12515,8.46,A,37.96
12516,19.19,E,13.23
12517,10.99,B,21.41
12518,10.99,B,16.74
12519,12.05,C,26.22
12520,17.99,D,15.5
12521,11.44,B,8.6
12522,9.93,B,20.52
12523,8.39,B,14.88
12524,5.32,A,18.8
12525,13.67,C,38.14
12526,17.27,D,8.85
12527,20.49,E,17.56
12528,15.22,C,25.14
12529,10.91,B,31.58
12530,5.32,A,3.82
12531,11.44,B,12.67
12532,11.05,B,11.85
12533,12.39,C,16.64
12534,16.14,C,18.42
12535,18.25,E,32.83
12536,15.88,C,22.87
12537,18.67,F,4.7
12538,12.74,C,31.65
12539,9.17,B,21.87
12540,16.29,D,24.57
12541,6.24,A,20.41
12542,9.17,B,14.4
12543,14.52,C,17.35
12544,13.66,C,20.05
12545,20.5,E,12.13
12546,21.6,E,18.77
12547,23.88,E,18.64
12548,5.31,A,30.37
12549,13.58,C,25.55
12550,14.98,C,17.88
12551,9.99,B,15.84
12552,7.9,A,10.2
12553,15.61,D,7.83
12554,8.39,B,13.97
12555,9.44,B,6.62
12556,13.59,C,17.79
12557,11.8,B,15.13
12558,18.94,D,22.02
12559,7.89,A,22.28
12560,12.29,C,9.93
12561,10.78,B,21.86
12562,14.49,C,16.5
12563,9.17,B,26.4
12564,20.99,E,22.61
12565,20.31,D,5.89
12566,12.98,B,19.67
12567,15.99,C,19.5
12568,11.06,B,13.47
12569,12.74,C,17.73
12570,9.44,B,13.45
12571,12.35,B,5.6
12572,8.67,B,10.73
12573,10.99,B,21.16
12574,11.06,B,14.03
12575,11.99,C,14.84
12576,8.39,B,8.1
12577,20.99,E,36.28
12578,7.21,A,18.91
12579,9.49,B,14.32
12580,7.26,A,15.67
12581,8.46,A,5.38
12582,12.79,C,21.33
12583,11.47,B,23.04
12584,13.33,C,24
12585,17.99,D,19.35
12586,12.12,B,12.31
12587,11.44,B,14.26
12588,14.09,B,17.41
12589,12.12,B,11.43
12590,7.21,A,11.83
12591,25.89,G,23.85
12592,11.55,B,11.26
12593,10.91,B,20.08
12594,9.99,B,25
12595,11.12,B,3.46
12596,11.99,B,10.8
12597,14.08,C,12.2
12598,9.75,B,15.28
12599,8.19,A,21.03
12600,19.92,D,14.08
12601,12.99,C,4.91
12602,7.89,A,24.16
12603,11.14,B,19.53
12604,18.94,D,6.59
12605,17.99,D,29.03
12606,18.99,E,21.28
12607,8.59,A,33.89
12608,9.93,B,6
12609,11.39,B,29.61
12610,7.89,A,20.67
12611,8.19,A,18.62
12612,7.34,A,26.6
12613,6.99,A,5.79
12614,13.99,C,22.71
12615,13.59,C,16.69
12616,12.85,B,14.8
12617,6.89,A,29.02
12618,18.55,E,12.59
12619,18.06,D,7.21
12620,16.29,D,26.34
12621,12.69,C,27.57
12622,9.8,B,16.45
12623,13.65,C,13.74
12624,15.05,C,43.56
12625,9.17,B,3.49
12626,8.99,B,10.55
12627,13.49,C,9.73
12628,13.99,C,18.56
12629,12.79,C,21.98
12630,11.39,B,30.33
12631,12.99,C,19.31
12632,21.48,E,4.48
12633,13.56,C,25.55
12634,8.39,A,30.28
12635,11.99,C,10.56
12636,13.33,C,5
12637,10.75,B,10.16
12638,8.18,B,18.74
12639,13.35,C,27.76
12640,23.4,E,6.78
12641,13.53,B,14.18
12642,19.69,E,17.76
12643,10.15,B,18.63
12644,5.31,A,22.69
12645,11.39,B,13.69
12646,10.42,B,5.4
12647,9.93,B,21.46
12648,15.61,C,19.7
12649,11.98,B,12.02
12650,21.18,E,13.8
12651,11.99,B,6.32
12652,7.21,A,11.68
12653,12.74,C,6.07
12654,8.24,B,7.37
12655,6.24,A,12.69
12656,11.47,B,17.87
12657,11.99,B,8.02
12658,11.67,B,16.2
12659,12.73,B,8.76
12660,8.24,B,8.05
12661,9.16,B,16.51
12662,5.32,A,26.47
12663,10.91,B,30
12664,10.99,B,13.77
12665,16.99,D,13.62
12666,14.65,C,3.99
12667,17.86,D,7.22
12668,11.55,B,6.52
12669,10.91,B,77.67
12670,7.89,A,28.83
12671,7.97,A,25.92
12672,16.02,C,2.4
12673,13.99,C,11.12
12674,13.59,C,12.45
12675,22.39,E,23.86
12676,11.99,B,27.25
12677,6.11,A,14.33
12678,16.99,D,19.75
12679,11.98,B,21.52
12680,19.99,D,24.17
12681,11.05,B,31.61
12682,9.44,B,7.36
12683,6.89,A,25.08
12684,7.99,A,11.1
12685,14.99,C,22.97
12686,6.99,A,20.04
12687,10.49,B,24.48
12688,5.32,A,8.96
12689,17.99,D,14.47
12690,8.49,B,8.96
12691,16.14,C,30.64
12692,8.99,B,8.67
12693,15.59,C,32.23
12694,9.17,B,22.21
12695,12.69,C,26.45
12696,23.99,E,7.68
12697,11.99,B,31.38
12698,15.05,C,30.18
12699,18.24,D,16.8
12700,28.72,F,1.92
12701,18.99,D,27.79
12702,18.24,D,16.63
12703,8.99,B,21.24
12704,10.99,B,11.75
12705,6.24,A,18.18
12706,14.46,C,9.34
12707,23.13,F,31.03
12708,13.56,C,2.08
12709,10.91,B,13.43
12710,16.99,D,10.92
12711,12.39,C,12.32
12712,13.67,C,15.1
12713,10.99,B,6.37
12714,13.49,C,18.81
12715,16.14,C,13.62
12716,15.05,C,26.2
12717,7.49,A,1.81
12718,13.18,C,21.55
12719,22.99,F,23.69
12720,10.47,B,96.5
12721,24.99,F,14.9
12722,11.53,B,33.3
12723,16.99,D,29.6
12724,11.55,B,12.74
12725,11.06,B,2.07
12726,8.99,B,11.94
12727,21.45,D,13.37
12728,15.61,D,23.72
12729,15.41,D,20.94
12730,19.99,E,15.15
12731,8.99,B,11
12732,15.8,C,4.5
12733,10.33,B,7.39
12734,15.99,C,23.34
12735,17.57,D,31.2
12736,9.49,B,12.12
12737,11.53,B,12.62
12738,13.59,C,7.98
12739,16.99,D,28.95
12740,15.05,C,31.61
12741,21.85,D,4.44
12742,20,D,18.49
12743,15.8,C,15.65
12744,10.47,B,25.52
12745,12.74,C,8.29
12746,15.02,C,13.15
12747,23.83,F,19.54
12748,6.03,A,0.91
12749,25.88,F,25.63
12750,7.89,A,20.93
12751,10.08,B,16.45
12752,9.76,B,19.99
12753,5.32,A,29.06
12754,12.74,C,6.4
12755,17.97,D,12.3
12756,7.49,A,15.97
12757,25.88,F,6.53
12758,11.99,B,23.86
12759,6.49,A,27.14
12760,11.49,B,3.15
12761,5.32,A,6.79
12762,11.53,B,5.16
12763,9.93,B,20.13
12764,7.12,A,19.82
12765,16.91,C,9.39
12766,13.49,C,13.09
12767,12.79,C,17.45
12768,17.86,D,16.55
12769,14.64,C,17.31
12770,12.74,C,21.37
12771,10.47,B,19.72
12772,16.14,C,28.71
12773,13.49,C,20.74
12774,23.4,E,8.67
12775,8.6,A,24.53
12776,5.32,A,15.95
12777,16.29,D,14.94
12778,17.47,D,10.01
12779,9.99,B,10.84
12780,14.47,C,8.34
12781,7.66,A,8.03
12782,9.49,B,20.53
12783,16.01,C,32.4
12784,16.29,D,21.63
12785,7.35,A,12.86
12786,14.08,C,14.12
12787,24.85,E,32.21
12788,5.32,A,13.33
12789,23.7,F,10.3
12790,7.24,A,10.23
12791,13.68,C,22.39
12792,10.42,B,44.23
12793,10.99,B,10.45
12794,26.77,G,46.92
12795,10.91,B,14.48
12796,8.39,B,20.11
12797,9.75,B,22.57
12798,9.93,B,26.31
12799,12.74,C,7.78
12800,17.47,D,75.85
12801,23.87,E,13.5
12802,21.45,D,57.96
12803,11.49,B,11.08
12804,7.97,A,43.4
12805,16.55,D,25.68
12806,7.12,A,15.17
12807,5.32,A,17.42
12808,10.15,B,28.48
12809,9.17,B,22.08
12810,10.07,B,19.48
12811,5.32,A,9.11
12812,10.49,B,30.85
12813,16.02,C,18.43
12814,10.9,B,13.93
12815,7.99,A,22.64
12816,13.99,C,70.92
12817,12.79,C,6.54
12818,12.69,C,17.23
12819,10.9,B,19.96
12820,10.99,B,11.04
12821,14.52,C,12.52
12822,12.69,C,31.66
12823,9.92,B,7.76
12824,10.99,B,7.63
12825,23.4,E,26.93
12826,13.49,C,17.23
12827,7.89,A,3.35
12828,6.67,A,15.6
12829,10.49,B,15.62
12830,13.58,C,33.54
12831,19.03,D,4.86
12832,14.46,C,3.86
12833,25.82,E,24.36
12834,24.99,F,23.85
12835,11.06,B,23.56
12836,10.42,B,23.25
12837,12.13,B,22.92
12838,13.99,C,3.86
12839,19.52,D,23
12840,8.18,B,25.77
12841,9.44,B,4.78
12842,14.64,C,27.82
12843,14.99,C,23.46
12844,11.44,B,25.57
12845,14.08,C,30.37
12846,19.52,E,14.96
12847,12.79,C,13.52
12848,11.44,B,18.94
12849,6.46,A,9.79
12850,14.99,C,14.55
12851,13.59,C,16.32
12852,10.33,B,6.92
12853,7.9,A,10.98
12854,26.3,E,37.36
12855,7.46,A,13.56
12856,18.25,D,45.09
12857,12.29,C,10.83
12858,16.02,C,24.58
12859,5.32,A,7.45
12860,23.5,F,7.49
12861,16.02,C,30.92
12862,10.15,B,26.01
12863,11.49,B,16.85
12864,5.32,A,22.08
12865,5.31,A,5.21
12866,14.65,C,17.46
12867,6.72,A,21.84
12868,11.67,B,31.1
12869,18.24,D,4.47
12870,12.73,B,17.53
12871,10.99,B,14.22
12872,6.68,A,14.14
12873,5.32,A,16.4
12874,8.46,A,8.4
12875,10.75,B,33.23
12876,12.99,C,15.03
12877,9.88,B,24.46
12878,9.17,B,26.32
12879,17.27,D,21.23
12880,17.09,D,15.22
12881,6.11,A,19.8
12882,11.11,B,15.63
12883,11.49,B,22.53
12884,7.9,A,19.88
12885,11.44,B,18.32
12886,16.02,C,7.97
12887,11.49,B,22.08
12888,6.11,A,14.49
12889,18.99,D,13.65
12890,11.49,B,12
12891,21.45,D,14.06
12892,9.93,B,29.74
12893,17.27,C,14.5
12894,12.69,C,19.48
12895,19.92,D,22.93
12896,15.49,C,13.25
12897,6.19,A,10.07
12898,13.35,C,7.62
12899,23.1,E,11.12
12900,16.69,E,1.42
12901,11.49,B,15.06
12902,5.31,A,10.24
12903,8.99,B,17.6
12904,11.49,B,15.63
12905,13.33,C,25.89
12906,16.29,D,25.29
12907,26.3,E,32.49
12908,9.49,B,16.1
12909,6.99,A,21.24
12910,7.35,A,25.7
12911,20.89,D,34.21
12912,8.18,B,20.93
12913,19.03,D,15.76
12914,19.92,D,27.67
12915,10.42,B,5.05
12916,10.99,B,14.41
12917,15.05,C,8.58
12918,10.64,B,20.76
12919,5.31,A,12.48
12920,9.75,B,11.79
12921,14.47,C,8.94
12922,8.24,B,33.88
12923,9.44,B,23.15
12924,16.02,C,
12925,8.18,B,14.7
12926,12.99,C,3.96
12927,5.32,A,15.72
12928,5.32,A,12.64
12929,18.55,E,30.08
12930,17.14,D,27.69
12931,12.99,C,17.14
12932,16.99,D,18.28
12933,21.85,D,44.59
12934,6.62,A,2.97
12935,14.08,C,19.3
12936,12.69,C,22.2
12937,13.59,C,30.46
12938,13.18,C,30.93
12939,13.67,C,28.51
12940,11.99,B,28.6
12941,7.59,A,12.44
12942,19.05,D,31
12943,8.9,A,20.38
12944,25.57,F,23.19
12945,5.32,A,8.12
12946,14.99,C,28.7
12947,18.94,D,5.5
12948,12.69,C,21.51
12949,7.21,A,16.67
12950,13.98,C,25.35
12951,9.99,B,15.42
12952,15.31,C,19.4
12953,19.52,E,22.2
12954,9.17,B,5.47
12955,7.34,A,17.92
12956,7.49,A,7.96
12957,16.2,C,18.19
12958,6.03,A,7.75
12959,10.91,B,20.04
12960,18.99,D,30.76
12961,12.62,C,18.84
12962,7.21,A,16.91
12963,12.62,C,22.7
12964,11.55,B,10.34
12965,10.91,B,15.83
12966,13.99,C,17.42
12967,7.21,A,13.32
12968,24.49,E,2.88
12969,9.17,B,17.05
12970,12.73,B,27.35
12971,7.24,A,9.84
12972,6.11,A,19.48
12973,13.66,C,29.49
12974,6.49,A,17.21
12975,15.31,C,6.31
12976,7.9,A,3.05
12977,14.08,C,18.63
12978,22.99,F,18.95
12979,5.32,A,27.26
12980,13.06,C,13.2
12981,14.64,C,30.4
12982,20.49,E,11.69
12983,18.94,D,7.08
12984,8.39,A,11.74
12985,12.61,C,14.97
12986,7.35,A,12.43
12987,20.89,D,10.52
12988,16.02,C,27.77
12989,18.49,D,21.56
12990,11.99,B,20.43
12991,20.99,E,13.48
12992,12.79,C,19.07
12993,15.31,C,25.49
12994,11.99,B,9.03
12995,9.44,B,9.09
12996,10.49,B,16.42
12997,16.91,C,19.29
12998,9.16,B,12.36
12999,24.5,F,19.71
13000,24.08,F,24.1
13001,14.08,C,23.97
13002,17.57,D,23.6
13003,10.49,B,1.75
13004,8.18,B,18.84
13005,8.39,A,6.57
13006,17.99,D,32.43
13007,18.99,D,0.48
13008,12.99,C,6.31
13009,9.16,B,21.12
13010,13.67,C,34.87
13011,15.61,D,27.71
13012,7.34,A,12.78
13013,28.88,G,32.29
13014,22.74,E,14.27
13015,15.61,D,18.69
13016,16.99,D,28.93
13017,9.58,B,12.12
13018,14.3,C,17.42
13019,9.44,B,13.21
13020,14.47,C,22.11
13021,21.85,D,16.64
13022,10.42,B,20.02
13023,12.99,B,8.4
13024,18.06,D,36.3
13025,11.99,B,9.82
13026,6.83,A,22.43
13027,14.08,C,22.68
13028,12.69,C,9.74
13029,11.99,B,27.84
13030,12.29,C,20.13
13031,19.19,E,29.47
13032,16.55,D,19.03
13033,11.49,B,20.99
13034,5.32,A,22.75
13035,8.67,B,21.16
13036,11.98,B,20.65
13037,12.74,C,5.41
13038,9.44,B,7.64
13039,17.57,D,13.59
13040,13.06,C,15.08
13041,13.33,C,23.94
13042,7.24,A,10.1
13043,8.81,A,28.99
13044,14.46,C,32.34
13045,16.55,D,26.32
13046,8.24,B,16.76
13047,13.67,B,17.33
13048,15.88,C,13.73
13049,9.17,B,16.61
13050,10.99,B,21.14
13051,13.67,C,30.01
13052,14.99,C,32.38
13053,9.93,B,17.69
13054,9.44,B,34.42
13055,9.43,B,16.68
13056,13.06,C,19.22
13057,10.15,B,25.31
13058,13.56,C,20.76
13059,15.04,C,18.98
13060,25.49,E,2.76
13061,9.99,B,11.2
13062,17.58,F,11.68
13063,15.99,C,2.77
13064,22.99,F,16.78
13065,13.33,C,29.44
13066,7.56,A,18.48
13067,6.99,A,5.04
13068,26.99,F,32.99
13069,11.67,B,17.17
13070,13.53,B,20.12
13071,9.93,B,16.07
13072,16.02,C,27.86
13073,16.02,C,18.2
13074,14.03,C,3.7
13075,9.16,B,0.68
13076,9.8,B,19.64
13077,15.99,D,22.65
13078,13.65,C,13.67
13079,9.99,B,34.97
13080,10.49,B,15.76
13081,15.05,C,14.16
13082,12.62,C,16.29
13083,9.43,B,17.01
13084,11.49,B,20.82
13085,29.96,G,21.73
13086,9.44,B,1.53
13087,13.18,C,26.09
13088,13.59,C,16.31
13089,10.49,B,7.21
13090,14.49,C,18.63
13091,12.05,C,24.37
13092,11.05,B,24.88
13093,18.49,D,10.17
13094,18.94,D,34.91
13095,15.02,C,4.46
13096,9.93,B,12.99
13097,6.68,A,15.23
13098,10.91,B,22.01
13099,17.27,D,30.24
13100,17.27,C,9.73
13101,7.49,A,7
13102,25.82,E,2.6
13103,20,D,17.61
13104,10.99,B,8.83
13105,13.67,B,12.16
13106,11.55,B,16.27
13107,9.91,B,23.08
13108,10.49,B,33.19
13109,6.89,A,9.15
13110,6.62,A,8.8
13111,13.06,C,32.91
13112,6.08,A,7.75
13113,15.27,C,15.2
13114,18.94,D,36.97
13115,14.33,C,14.87
13116,19.03,D,24.83
13117,11.99,B,11.14
13118,11.99,C,8.04
13119,14.47,C,11.29
13120,16.55,D,26.18
13121,7.49,A,21.96
13122,14.08,C,9.06
13123,12.73,B,13.49
13124,17.27,D,24.83
13125,19.48,E,38.78
13126,8.67,B,30.35
13127,26.31,E,18.04
13128,8.39,B,29.56
13129,17.09,D,19.36
13130,7.9,A,5.61
13131,16.99,D,13.61
13132,10.62,B,0.88
13133,6.11,A,13.91
13134,11.44,B,24.95
13135,9.75,B,17.56
13136,7.9,A,15.26
13137,11.99,B,18.09
13138,10.99,B,15.23
13139,16.01,C,21.64
13140,10.15,B,5.01
13141,18.75,D,17.81
13142,21.49,D,25.87
13143,20.2,E,8.29
13144,16.01,C,31.13
13145,10.91,B,7.7
13146,22.39,E,32.33
13147,25.81,E,14.6
13148,22.99,F,26.07
13149,13.65,C,24.18
13150,22.4,E,25.76
13151,18.85,D,17.88
13152,14.65,C,21.31
13153,9.17,B,14.19
13154,16.55,D,22
13155,12.69,C,29.94
13156,9.17,B,1.89
13157,15.49,C,21.04
13158,9.17,B,16.68
13159,14.65,C,31.28
13160,12.73,B,26.38
13161,8.9,A,15.42
13162,15.04,C,26.59
13163,7.84,A,11.63
13164,15.05,C,24.37
13165,10.99,B,20.59
13166,22.15,E,36.77
13167,21.85,D,17.15
13168,6.24,A,12.24
13169,15.61,D,20.68
13170,16.46,C,23.61
13171,5.32,A,12.76
13172,6.99,A,10.22
13173,14.08,C,21.2
13174,14.07,C,8.79
13175,10.49,B,19.92
13176,6.83,A,18.64
13177,19.99,D,18.27
13178,11.98,B,4.61
13179,6.11,A,11.51
13180,20,D,15.32
13181,13.99,C,24.55
13182,16.02,C,0.99
13183,15.61,D,32.45
13184,8.39,B,12.25
13185,25.69,F,22.4
13186,8.19,A,13.03
13187,7.99,A,22.37
13188,23.99,E,19.69
13189,11.98,B,25.57
13190,5.32,A,17.58
13191,13.99,C,22.06
13192,12.62,C,23.73
13193,22.39,E,4.4
13194,10.16,B,20.46
13195,10.91,B,26.63
13196,8.19,A,18.41
13197,9.17,B,21.22
13198,6.24,A,25.24
13199,10.49,B,24.55
13200,9.44,B,12.69
13201,15.05,C,23.15
13202,18.06,D,11.76
13203,7.99,A,28.91
13204,11.99,B,20.86
13205,7.39,A,22.24
13206,15.41,D,17.82
13207,11.14,B,5.44
13208,10.42,B,22.18
13209,18.94,D,20.09
13210,7.21,A,36.3
13211,5.32,A,23.96
13212,12.59,C,13.7
13213,6.11,A,20.95
13214,11.49,B,20.1
13215,7.89,A,12.8
13216,15.02,C,19.83
13217,10.47,B,20.19
13218,12.99,C,12.41
13219,12.05,C,25.78
13220,12.69,C,14.84
13221,10.99,B,17.35
13222,6.62,A,7.14
13223,12.74,C,22.71
13224,18.55,E,27.11
13225,9.93,B,7.31
13226,12.74,C,17.78
13227,15.61,D,33.93
13228,8.6,A,14.96
13229,17.09,D,3.92
13230,18.99,D,21.85
13231,12.99,C,5.62
13232,12.74,C,21.44
13233,5.31,A,33.27
13234,13.99,C,18.59
13235,10.99,B,12.33
13236,11.53,B,9.25
13237,12.13,B,22.05
13238,17.47,D,5.52
13239,12.73,B,33.75
13240,13.67,C,16.77
13241,14.52,C,12.04
13242,15.99,D,3.03
13243,13.49,C,17.88
13244,12.62,C,17.85
13245,9.75,B,13.87
13246,23.88,E,17.8
13247,9.67,B,21.42
13248,12.74,C,31.71
13249,16.55,D,22.56
13250,9.17,B,21.63
13251,15.59,D,17.98
13252,16.99,D,26.27
13253,17.86,D,14.02
13254,12.39,C,13.12
13255,10.42,B,23.12
13256,8.18,B,17.68
13257,12.29,C,25.79
13258,19.92,D,12.33
13259,10.56,B,13.99
13260,8.9,A,28.99
13261,9.16,B,17.48
13262,10.47,B,28.58
13263,8.9,A,6.8
13264,11.53,B,17.37
13265,16.02,C,7.54
13266,5.32,A,9.09
13267,8.39,A,4.72
13268,12.69,C,12.41
13269,8.39,A,17.7
13270,11.99,C,14.54
13271,13.61,C,16.32
13272,18.99,D,26.88
13273,10.16,B,8.91
13274,13.99,C,9.03
13275,12.69,C,11.37
13276,16.59,D,22.36
13277,14.08,C,19.51
13278,11.47,B,17.19
13279,11.47,B,19.7
13280,12.69,C,22.56
13281,7.69,A,11.36
13282,15.02,C,25.66
13283,8.46,A,18.78
13284,7.89,A,19.32
13285,21.48,E,9.87
13286,14.08,C,7.72
13287,6.72,A,12.61
13288,10.91,B,7.49
13289,11.99,B,20.38
13290,12.74,C,10.06
13291,6.11,A,9.54
13292,10.99,B,6.61
13293,10.91,B,31.02
13294,14.27,C,17.54
13295,22.35,D,37.99
13296,18.99,D,38.15
13297,9.44,B,31.37
13298,12.74,C,19.92
13299,13.11,B,31.69
13300,8.39,B,21.41
13301,14.46,C,11.12
13302,16.29,D,16.85
13303,21.49,D,12.79
13304,18.25,D,21.92
13305,14.03,C,14.27
13306,13.59,C,17.57
13307,13.99,C,16.28
13308,14.47,C,25.59
13309,13.59,C,12.81
13310,13.99,C,19.72
13311,10.91,B,10.18
13312,9.43,B,6.84
13313,14.49,C,29.63
13314,7.84,A,10.6
13315,8.18,B,4.7
13316,10.91,B,22.43
13317,7.89,A,14.72
13318,13.59,C,8.96
13319,6.11,A,7.53
13320,7.89,A,28.3
13321,13.49,C,19.58
13322,6.99,A,9.93
13323,10.99,B,27.23
13324,12.59,C,8.81
13325,10.75,B,11.82
13326,7.49,A,9.18
13327,14.99,C,13.41
13328,16.29,C,30.72
13329,11.49,B,18.82
13330,11.99,C,18.65
13331,13.66,C,21.58
13332,20,D,22.8
13333,13.66,C,14.71
13334,16.55,D,17.85
13335,13.49,C,31.39
13336,16.99,D,12.4
13337,16.91,C,6.97
13338,8.18,B,20.41
13339,16.91,C,20.16
13340,27.27,E,17.4
13341,11.44,B,8.48
13342,17.57,D,11.86
13343,10.42,B,17.94
13344,9.92,B,23.49
13345,9.44,B,15.16
13346,10.33,B,20.18
13347,18.55,E,30.73
13348,23.99,E,12.05
13349,17.99,D,10.17
13350,22.91,E,28.53
13351,14.08,C,12.59
13352,9.92,B,21.9
13353,16.29,D,39.46
13354,8.19,A,19
13355,14.99,C,31.54
13356,7.97,A,10.37
13357,12.05,C,27.54
13358,14.27,C,21.76
13359,9.49,B,15.35
13360,13.56,C,29.29
13361,10.64,B,13.96
13362,8.39,B,12.82
13363,13.67,C,13.43
13364,13.99,C,25.4
13365,14.27,C,12.57
13366,14.99,C,13.38
13367,9.49,B,22.51
13368,17.86,D,21.17
13369,10.64,B,10.3
13370,25.82,E,28.54
13371,9.93,B,34.63
13372,15.61,D,22.92
13373,17.1,C,8.76
13374,14.07,C,12.58
13375,10.99,B,23.63
13376,13.99,C,28.94
13377,6.92,A,16.88
13378,13.99,C,9.59
13379,13.99,C,16.3
13380,20,D,24.02
13381,10.41,B,18.37
13382,14.47,C,21.91
13383,10.75,B,13.01
13384,11.67,B,10.45
13385,12.69,C,27.97
13386,11.14,B,16.91
13387,7.97,A,23.41
13388,15.05,C,24.94
13389,14.49,C,16.07
13390,15.61,C,11.67
13391,8.39,B,25.77
13392,14.83,D,21.11
13393,11.53,B,24.26
13394,5.31,A,24.04
13395,12.99,C,22.54
13396,7.96,A,0.59
13397,16.29,D,26.25
13398,13.33,C,8.53
13399,14.65,C,27.02
13400,13.49,C,12.96
13401,5.31,A,20.35
13402,7.46,A,19.86
13403,14.09,B,10.71
13404,5.32,A,17.21
13405,9.93,B,31.27
13406,6.68,A,15.41
13407,11.06,B,6.95
13408,7.34,A,17.21
13409,18.25,E,18.68
13410,9.92,B,13.24
13411,21.99,E,6.94
13412,6.07,A,18.28
13413,10.99,B,23.32
13414,14.46,C,7.57
13415,10.15,B,16.74
13416,7.66,A,20.32
13417,7.62,A,15.12
13418,12.29,C,13.07
13419,7.46,A,5.36
13420,6.67,A,21.83
13421,20.89,D,20.48
13422,6.62,A,19.76
13423,6.99,A,20.4
13424,11.99,B,15.8
13425,9.93,B,23.38
13426,6.11,A,17.07
13427,11.14,B,23.69
13428,16.14,C,34.33
13429,12.62,C,1.97
13430,19.03,D,21.46
13431,12.29,C,22.62
13432,15.61,D,34.58
13433,29.49,F,27.97
13434,6.97,A,8.71
13435,16.99,D,29.47
13436,12.62,C,4.27
13437,9.99,B,16.31
13438,7.9,A,15.56
13439,15.05,C,20.27
13440,15.59,D,7.11
13441,11.05,B,18.1
13442,11.98,B,26.37
13443,13.33,C,22.36
13444,11.99,B,14.11
13445,11.53,B,22.23
13446,16.55,D,23.79
13447,10.75,B,24.44
13448,14.99,C,25.78
13449,11.47,B,5.28
13450,6.97,A,20.79
13451,17.57,D,32.58
13452,10.42,B,24.5
13453,17.99,D,16.9
13454,12.59,C,22.64
13455,8.24,B,22.45
13456,6.72,A,18.71
13457,13.59,C,23.24
13458,20.99,E,34.39
13459,13.56,C,13.65
13460,16.29,D,20.9
13461,17.57,D,15.4
13462,13.49,C,18.98
13463,15.31,C,13.09
13464,11.55,B,21.76
13465,13.49,C,19.67
13466,11.55,B,0.32
13467,12.79,C,28.26
13468,5.31,A,34.38
13469,6.49,A,3.07
13470,22.91,E,27.38
13471,19.92,D,18.59
13472,10.47,B,17.33
13473,6.11,A,13.99
13474,15.22,C,16.16
13475,10.07,B,18.8
13476,12.69,C,9.26
13477,12.05,C,18.34
13478,14.08,C,17.47
13479,9.16,B,25.48
13480,10.72,B,47.23
13481,8.18,B,11.34
13482,6.99,A,12.71
13483,12.69,C,13.47
13484,9.92,B,21.99
13485,22.35,D,20.36
13486,7.39,A,27.29
13487,12.99,C,9.33
13488,11.99,B,20.1
13489,5.31,A,12.09
13490,13.49,C,21.03
13491,11.55,B,7.29
13492,8.46,A,16.05
13493,16.99,D,12.17
13494,7.89,A,24.71
13495,18.94,D,10.18
13496,12.62,C,22.9
13497,21.85,D,18.57
13498,12.29,C,12.56
13499,11.49,B,33.83
13500,6.67,A,14.18
13501,13.33,C,20.15
13502,18.99,E,19.24
13503,12.39,C,13.47
13504,7.07,A,18.98
13505,12.73,B,16.75
13506,9.58,B,20.51
13507,12.73,B,24.48
13508,11.53,B,27.57
13509,14.64,C,5.17
13510,9.93,B,12.76
13511,7.9,A,21.64
13512,11.39,B,23.43
13513,11.99,C,14.55
13514,9.93,B,31.36
13515,16.02,C,9.71
13516,10.42,B,21.16
13517,8.39,A,19.17
13518,7.97,A,7.11
13519,6.49,A,3.48
13520,7.49,A,7.63
13521,14.08,C,17.5
13522,24.99,F,3.23
13523,14.08,C,29.22
13524,13.99,C,9.93
13525,6.83,A,14.87
13526,13.99,C,27.08
13527,9.93,B,27.97
13528,10.16,B,11.62
13529,18.24,D,27.45
13530,10.91,B,2.88
13531,16.14,C,14.13
13532,7.24,A,13.73
13533,21.99,F,19.08
13534,9.93,B,9.88
13535,11.99,C,14.22
13536,13.59,C,18.39
13537,16.29,D,14.78
13538,9.49,B,13.09
13539,8.19,A,15.93
13540,10.49,B,20.09
13541,17.99,D,16.78
13542,15.31,C,18.12
13543,10.75,B,27.87
13544,8.19,A,10.68
13545,13.56,C,49.53
13546,19.92,D,11.19
13547,16.14,C,16.88
13548,9.17,B,10.58
13549,12.79,C,15.31
13550,8.67,B,28.56
13551,12.79,C,25.67
13552,9.17,B,20.43
13553,9.44,B,43.09
13554,7.21,A,14.91
13555,10.99,B,1.62
13556,10.16,B,20.45
13557,23.4,E,34.4
13558,6.99,A,16.31
13559,12.59,C,23.64
13560,11.99,C,22.63
13561,12.62,C,19.56
13562,21.45,D,17.89
13563,13.44,C,7.26
13564,11.99,B,25.48
13565,21.45,D,24.2
13566,8.19,A,13.94
13567,12.62,C,8.16
13568,10.64,B,11.85
13569,8.59,A,5.6
13570,17.76,D,19.32
13571,9.17,B,27.11
13572,15.99,C,18.42
13573,13.11,B,11.74
13574,8.9,A,24.65
13575,12.62,C,8.41
13576,8.24,B,32.26
13577,15.02,C,30.32
13578,23.99,E,11.16
13579,16.02,C,5.65
13580,16.14,C,36.51
13581,15.31,C,12.36
13582,6.71,A,15.25
13583,12.13,B,20.38
13584,18.45,D,37.98
13585,8.18,B,20.7
13586,7.35,A,16.75
13587,16.14,C,26.85
13588,7.99,A,13.25
13589,7.84,A,11.78
13590,25.29,E,34.68
13591,15.99,C,14.03
13592,6.67,A,13.2
13593,7.59,A,27.42
13594,9.17,B,13.27
13595,12.74,C,25.65
13596,15.1,C,21.89
13597,9.71,B,20.23
13598,14.08,C,15.67
13599,18.2,E,36.48
13600,9.76,B,26.63
13601,7.56,A,23.27
13602,7.89,A,10.38
13603,17.57,D,12.47
13604,14.31,C,18.99
13605,14.08,C,31.31
13606,6.49,A,3.74
13607,9.93,B,26.19
13608,12.99,B,12.94
13609,13.11,B,13.75
13610,7.39,A,6.46
13611,12.12,B,16.18
13612,16.99,D,27.36
13613,15.05,C,13.25
13614,8.24,B,9.42
13615,17.27,D,34.33
13616,10.75,B,12.71
13617,17.27,D,7.49
13618,19.2,D,9.55
13619,14.99,C,24.52
13620,7.97,A,12.82
13621,13.67,C,24.86
13622,5.32,A,13.12
13623,11.49,B,4.68
13624,11.99,B,10.76
13625,16.49,D,30.72
13626,19.99,E,30.55
13627,9.44,B,17.29
13628,8.9,A,6.35
13629,10.49,B,9.21
13630,11.67,B,30.3
13631,11.67,B,9.57
13632,5.32,A,3.35
13633,9.92,B,20.14
13634,17.47,D,26.79
13635,10.99,B,9.34
13636,10.99,B,17.53
13637,17.57,D,17.35
13638,13.58,C,21.95
13639,7.07,A,7.01
13640,13.11,B,29.45
13641,8.39,A,9.46
13642,5.32,A,23.67
13643,8.18,B,21.59
13644,8.24,B,25.93
13645,16.91,C,18.78
13646,6.99,A,16.53
13647,20.99,E,22.8
13648,19.99,D,29.24
13649,16.99,D,13.83
13650,15.88,C,29.09
13651,5.32,A,8.97
13652,11.47,B,25.82
13653,15.05,C,34.85
13654,10.33,B,32.76
13655,7.49,A,10.81
13656,16.55,D,9.2
13657,7.39,A,10.07
13658,13.59,C,6.97
13659,5.32,A,23.62
13660,9.16,B,14.85
13661,8.39,A,21.09
13662,13.99,C,11.67
13663,19.03,D,26.56
13664,16.99,D,16.75
13665,10.42,B,16.64
13666,15.99,D,15.37
13667,16.14,C,32.28
13668,17.77,D,23.35
13669,22.99,F,17.28
13670,21.45,D,16.95
13671,10.99,B,33.42
13672,11.49,B,12.05
13673,11.98,B,13.16
13674,11.55,B,10.01
13675,17.27,C,17.5
13676,7.84,A,23.83
13677,13.11,B,31.19
13678,12.69,C,18.74
13679,11.14,B,24.07
13680,17.97,D,23.89
13681,6.49,A,8.81
13682,14.26,C,19.99
13683,9.43,B,12.32
13684,7.35,A,13.68
13685,16.91,C,10.27
13686,8.24,B,7.6
13687,11.39,B,18.4
13688,10.99,B,32.01
13689,9.17,B,24.4
13690,13.99,C,8.89
13691,10.75,B,17.39
13692,12.74,C,11.72
13693,5.31,A,19.11
13694,14.47,C,3.72
13695,7.96,A,20.31
13696,15.61,D,35.47
13697,15.61,D,6.42
13698,10.08,B,25.89
13699,9.44,B,29.02
13700,10.07,B,9.51
13701,9.43,B,16.85
13702,19.05,D,25.92
13703,24.74,E,16.88
13704,8.18,B,25.06
13705,12.12,B,17.29
13706,17.27,D,36.33
13707,8.24,B,24.72
13708,10.99,B,1.38
13709,8.99,B,19.36
13710,8.19,A,8.92
13711,7.46,A,14.14
13712,11.53,B,31.66
13713,15.61,D,10.41
13714,13.33,C,23.34
13715,13.59,C,99.59
13716,10.49,B,31.79
13717,7.84,A,11.4
13718,10.25,B,17.43
13719,14.16,C,5.24
13720,11.99,C,24.05
13721,21.45,D,22.32
13722,8.59,A,15.95
13723,10.47,B,8.13
13724,7.9,A,11.18
13725,18.54,E,24.19
13726,12.99,C,31.89
13727,9.92,B,17.99
13728,12.13,B,19.5
13729,13.99,C,4.43
13730,13.99,C,18.35
13731,21.85,D,18.17
13732,6.49,A,15.54
13733,13.58,C,25.24
13734,9.44,B,34.25
13735,17.99,D,25.52
13736,21.45,D,17.28
13737,9.99,B,10.46
13738,15.31,C,16.89
13739,5.32,A,13.8
13740,11.31,B,20.38
13741,14.31,C,28.02
13742,8.18,B,15.15
13743,16.02,C,10.65
13744,18.25,E,12.72
13745,13.18,C,15.07
13746,25.82,E,28.38
13747,11.99,B,8.63
13748,7.89,A,21.7
13749,11.99,B,21.59
13750,17.86,D,16.19
13751,8.46,A,4.35
13752,16.02,C,61.18
13753,21.45,D,31.36
13754,10.9,B,13.98
13755,8.94,A,7.68
13756,8.99,B,16.57
13757,23.88,E,18.04
13758,21.45,D,4.88
13759,12.99,C,21.4
13760,23.32,E,25.23
13761,7.59,A,15.14
13762,8.18,B,12.64
13763,9.44,B,21.57
13764,13.59,C,15.52
13765,6.39,A,15.49
13766,24.99,E,10.6
13767,9.16,B,16.59
13768,6.24,A,16.17
13769,8.24,B,22.65
13770,6.89,A,29.04
13771,9.99,B,31.06
13772,11.55,B,15.78
13773,15.88,C,5.46
13774,16.99,D,10.84
13775,7.35,A,19.33
13776,27.79,F,16.74
13777,8.99,B,20.13
13778,6.11,A,23.13
13779,13.56,C,10.91
13780,8.24,B,21.24
13781,6.49,A,20.02
13782,10.99,B,34.15
13783,15.02,C,27
13784,9.76,B,23
13785,8.24,B,31.17
13786,10.42,B,19.62
13787,13.35,C,32.48
13788,20,D,31.66
13789,13.33,C,23.41
13790,9.17,B,27.95
13791,7.89,A,2.75
13792,22.99,F,14.28
13793,25.49,E,30.76
13794,10.99,B,23.46
13795,11.49,B,30.23
13796,7.9,A,16.04
13797,10.9,B,34.95
13798,15.31,C,15.14
13799,9.44,B,17.98
13800,14.49,C,31.66
13801,11.99,C,7.33
13802,25.49,E,26.6
13803,20.49,E,17.03
13804,12.29,C,6.26
13805,9.91,B,0.95
13806,15.61,D,17.72
13807,8.18,B,31.62
13808,15.05,C,21.74
13809,6.11,A,2.57
13810,12.39,C,29.72
13811,11.99,B,19.49
13812,20.89,D,6.79
13813,15.05,C,14.64
13814,13.33,C,24.03
13815,16.2,C,24.86
13816,17.27,D,20.39
13817,9.17,B,6.27
13818,6.24,A,8.17
13819,11.39,B,15.88
13820,21.99,E,24.47
13821,16.29,C,16.44
13822,9.16,B,16.18
13823,14.08,C,17.76
13824,12.13,B,20.2
13825,7.49,A,21.74
13826,17.27,C,4.59
13827,7.21,A,8.71
13828,18.49,D,11.75
13829,20.3,E,21.32
13830,5.32,A,18.14
13831,20.89,D,32.88
13832,16.29,D,28.06
13833,24.37,E,2.7
13834,10.64,B,25.05
13835,7.62,A,11.66
13836,12.99,C,75.03
13837,6.62,A,27.05
13838,19.03,D,50.64
13839,11.39,B,23.71
13840,13.33,C,8.85
13841,10.91,B,13.26
13842,19.99,D,12.8
13843,17.97,D,26.05
13844,10.72,B,28.5
13845,14.33,C,24.85
13846,18.25,D,10.22
13847,14.47,C,20.37
13848,16.29,D,24.85
13849,11.53,B,13.13
13850,22.99,F,18.43
13851,10.91,B,25.23
13852,6.08,A,12.64
13853,16.55,D,17.05
13854,7.89,A,15.76
13855,11.44,B,10.71
13856,15.59,C,12.48
13857,11.99,C,31.31
13858,18.49,D,5.97
13859,6.03,A,3.68
13860,6.11,A,14.7
13861,15.61,D,36.2
13862,17.86,D,38.09
13863,10.64,B,17.03
13864,23.4,E,38.05
13865,14.82,E,12.65
13866,15.31,C,15.04
13867,7.96,A,16.51
13868,11.55,B,38.97
13869,16.59,D,9
13870,18.45,D,16.46
13871,23.4,E,7.61
13872,8.46,A,9.76
13873,13.18,C,18.72
13874,15.04,C,23.84
13875,11.99,B,19.6
13876,12.73,B,13
13877,10.64,B,15.95
13878,15.22,C,14.81
13879,13.59,C,20.4
13880,14.08,C,3.98
13881,16.2,C,15.12
13882,15.02,C,12.2
13883,14.07,C,2.86
13884,12.74,C,13.59
13885,28.72,F,16.6
13886,16.02,C,39.75
13887,17.56,D,3.78
13888,9.99,B,13.48
13889,22.95,F,17.51
13890,16.91,C,24
13891,13.58,C,12.44
13892,17.47,D,9.81
13893,6.24,A,27.71
13894,9.93,B,21.46
13895,8.9,A,12.88
13896,12.61,C,8
13897,12.29,C,27.11
13898,30.17,F,26.85
13899,30.89,G,19.98
13900,12.62,C,40.01
13901,5.32,A,14.46
13902,21.49,D,30.35
13903,11.99,B,13.44
13904,10.99,B,24.47
13905,11.55,B,12.29
13906,7.26,A,0.89
13907,16.49,D,23.55
13908,5.32,A,40.22
13909,15.22,C,11.96
13910,30.49,F,30.13
13911,13.67,C,16.07
13912,10.99,B,7.27
13913,12.74,C,23.81
13914,12.61,C,7.97
13915,16.99,D,22.15
13916,10.33,B,16.44
13917,13.99,C,16.16
13918,8.46,A,18.24
13919,11.49,B,11.02
13920,9.44,B,6.9
13921,10.91,B,17.02
13922,9.93,B,10.17
13923,14.33,C,25.32
13924,12.29,C,9.16
13925,6.71,A,26.27
13926,8.9,A,19.93
13927,15.49,C,20.02
13928,9.17,B,20.9
13929,8.99,B,17
13930,9.17,B,9.61
13931,10.91,B,12.14
13932,7.99,A,14.83
13933,8.59,A,17.45
13934,17.86,D,32.17
13935,9.93,B,13.97
13936,5.32,A,15.57
13937,16.99,D,31.44
13938,8.39,A,7.6
13939,16.99,D,18.04
13940,19.52,D,20.91
13941,12.99,C,16.63
13942,9.99,B,15.94
13943,12.99,C,30
13944,11.67,B,18.45
13945,17.57,D,31.16
13946,23.13,F,36.34
13947,12.74,C,14.58
13948,13.67,C,22.18
13949,16.29,D,19.41
13950,6.71,A,27.05
13951,13.49,C,18.95
13952,25.83,G,25.57
13953,15.31,C,20.16
13954,7.24,A,12.92
13955,12.99,C,18.16
13956,9.99,B,28.66
13957,7.21,A,15.85
13958,12.49,B,28.12
13959,10.64,B,18
13960,20.5,E,22.83
13961,12.62,C,28.45
13962,11.8,B,8.57
13963,11.53,B,15.71
13964,15.05,C,3.69
13965,12.74,C,27.27
13966,8.9,A,9.91
13967,6.97,A,7.53
13968,11.55,B,19.62
13969,10.99,B,28.88
13970,22.99,F,11.98
13971,16.91,C,50.1
13972,6.99,A,20.64
13973,6.08,A,22.67
13974,9.99,B,6.53
13975,17.77,D,18.63
13976,18.75,D,22.01
13977,19.03,D,26.27
13978,10.47,B,3.92
13979,5.31,A,14.13
13980,23.87,E,46.16
13981,8.59,A,34.5
13982,16.55,D,11.61
13983,11.55,B,27.62
13984,18.25,D,15.15
13985,7.97,A,6.89
13986,30.79,G,11.78
13987,10.78,B,24.36
13988,17.86,D,21.49
13989,14.47,C,30.45
13990,9.43,B,30.46
13991,10.91,B,15.09
13992,9.17,B,2.03
13993,27.27,E,32.09
13994,9.75,B,6.43
13995,12.62,C,15.69
13996,8.18,B,10.57
13997,16.91,C,33.48
13998,15.05,C,10.39
13999,10.64,B,30.18
14000,11.99,B,11.45
14001,12.74,C,50.59
14002,14.46,C,18.64
14003,14.08,C,16.81
14004,12.69,C,17.36
14005,12.74,C,18.42
14006,8.81,A,19.09
14007,7.89,A,19.23
14008,9.16,B,33.49
14009,10.41,B,7.83
14010,5.32,A,12.68
14011,24.37,E,18.93
14012,7.34,A,11.43
14013,9.8,B,9.41
14014,17.27,D,11.1
14015,10.49,B,19.78
14016,9.17,B,31.26
14017,8.39,A,21.19
14018,6.71,A,28.75
14019,6.72,A,22.46
14020,12.99,C,34.8
14021,17.97,D,29.82
14022,16.99,D,13.89
14023,7.89,A,32.68
14024,7.26,A,13.36
14025,11.99,C,31.53
14026,13.11,B,9.73
14027,7.89,A,14.89
14028,11.06,B,36.35
14029,13.18,C,22.14
14030,14.33,C,20.92
14031,9.49,B,21.3
14032,24.74,E,10.18
14033,19.72,D,19.99
14034,14.46,C,20.08
14035,26.77,E,9.21
14036,11.44,B,20.77
14037,14.08,C,26.61
14038,6.72,A,23.59
14039,7.97,A,8.54
14040,17.86,D,32.69
14041,7.69,A,29.89
14042,13.67,C,23.42
14043,7.89,A,9.57
14044,16.14,C,15.87
14045,15.02,C,29.38
14046,10.91,B,15.69
14047,10.99,B,9.74
14048,15.61,D,25.08
14049,28.72,F,26.23
14050,17.99,D,21.24
14051,18.25,D,21.75
14052,10.15,B,17.22
14053,10.64,B,23.07
14054,11.44,B,27.59
14055,11.98,B,8.58
14056,25.82,E,23.01
14057,16.55,D,22.04
14058,15.99,C,9.02
14059,12.13,B,25.83
14060,18.99,D,28.74
14061,26.3,E,27.12
14062,7.21,A,14.54
14063,11.53,B,5.59
14064,11.99,C,11.23
14065,12.49,B,21.46
14066,10.64,B,18.54
14067,19.42,D,23.38
14068,15.61,D,3.3
14069,9.99,B,19.27
14070,18.99,E,6.82
14071,10.99,B,13.92
14072,18.94,D,21.19
14073,14.46,C,6.87
14074,7.39,A,19.72
14075,10.99,B,27.84
14076,10.08,B,8.62
14077,11.31,B,10.99
14078,16.91,C,11.47
14079,9.16,B,6.64
14080,17.76,D,5.1
14081,15.31,C,8.29
14082,13.49,C,24.46
14083,16.29,D,8.46
14084,10.56,B,24.5
14085,11.99,B,42.93
14086,11.49,B,3.91
14087,21.18,E,27.68
14088,15.31,C,13.69
14089,12.29,C,25.9
14090,8.39,B,7.03
14091,13.33,C,33.62
14092,5.32,A,15.93
14093,21.49,D,30.99
14094,10.16,B,14.48
14095,10.75,B,27.38
14096,17.1,C,18.3
14097,10.42,B,7.48
14098,10.91,B,19.13
14099,16.59,D,12.69
14100,12.74,C,11.04
14101,14.33,C,10.34
14102,17.27,D,32.4
14103,11.05,B,6.33
14104,10.91,B,10.86
14105,7.9,A,19.41
14106,7.21,A,7.67
14107,10.15,B,13.27
14108,17.97,D,34.26
14109,9.44,B,17.74
14110,7.21,A,12.69
14111,7.49,A,13.22
14112,10.99,B,14.74
14113,16.29,D,29.6
14114,13.35,C,18.7
14115,21.48,E,11.98
14116,8.24,B,25.64
14117,7.84,A,10.58
14118,13.67,C,2.61
14119,13.56,C,14.29
14120,5.32,A,10.35
14121,15.41,D,30.03
14122,6.97,A,12.3
14123,26.77,E,21.43
14124,13.99,C,9.96
14125,7.35,A,21.39
14126,16.2,C,33.23
14127,19.2,D,13.16
14128,7.21,A,17.69
14129,14.49,C,11.16
14130,9.17,B,10.78
14131,12.69,C,23.71
14132,7.89,A,6.28
14133,7.89,A,20.37
14134,13.06,C,20.3
14135,7.35,A,30.71
14136,9.93,B,22.15
14137,14.49,C,18.82
14138,18.25,E,28.86
14139,10.91,B,20.82
14140,16.02,C,20.55
14141,12.39,C,17.25
14142,17.1,C,10.69
14143,18.25,F,18.9
14144,26.3,E,13.93
14145,13.49,C,6.96
14146,7.21,A,30.59
14147,7.07,A,22.51
14148,17.97,D,25.92
14149,5.32,A,20.85
14150,7.46,A,13.44
14151,18.99,D,20.54
14152,11.47,B,9.72
14153,28.72,F,26.77
14154,9.99,B,13.1
14155,19.99,D,32.89
14156,8.18,B,20.15
14157,15.99,C,32.33
14158,5.32,A,18.75
14159,11.44,B,42.95
14160,12.98,B,19.52
14161,13.06,C,30.36
14162,13.99,C,23.77
14163,18.25,E,18.45
14164,16.02,C,25.76
14165,11.49,B,7.48
14166,7.35,A,22.54
14167,20.2,E,33.28
14168,15.61,D,22.22
14169,16.99,D,24.94
14170,5.32,A,12.22
14171,14.46,C,19.53
14172,9.58,B,24.28
14173,9.17,B,17.59
14174,11.39,B,14.33
14175,14.49,C,9.25
14176,11.67,B,13.13
14177,15.99,D,4.36
14178,17.09,D,16.43
14179,17.1,C,19.57
14180,7.21,A,21.11
14181,18.55,E,9.67
14182,12.74,C,25.33
14183,24.84,E,13.39
14184,16.99,D,21.39
14185,13.18,C,16.7
14186,8.18,B,34.73
14187,9.93,B,16.47
14188,9.16,B,10.57
14189,14.47,C,27.8
14190,15.31,C,9.27
14191,30.99,G,32.92
14192,15.59,C,8.93
14193,16.14,C,4.2
14194,11.48,B,20.16
14195,8.99,B,18.54
14196,9.75,B,38.21
14197,9.99,B,23.05
14198,15.61,C,21.64
14199,18.94,D,19.87
14200,7.21,A,3.16
14201,7.34,A,12.45
14202,11.67,B,25.4
14203,15.59,C,27.72
14204,11.99,B,18.92
14205,7.99,A,16.53
14206,11.99,B,3.91
14207,12.88,C,5.08
14208,7.39,A,9.33
14209,18.54,E,11.59
14210,6.24,A,22.6
14211,14.33,C,31.07
14212,24.99,E,20.03
14213,9.17,B,12.8
14214,11.44,B,12.73
14215,14.07,C,23.44
14216,11.39,B,22.87
14217,6.67,A,4.47
14218,6.99,A,24.54
14219,18.75,D,4.74
14220,17.27,D,44.22
14221,19.52,D,27.76
14222,12.73,C,17.4
14223,9.99,B,11.41
14224,11.49,B,17.84
14225,12.79,C,21.18
14226,14.33,C,22.03
14227,16.99,D,16.47
14228,15.04,C,27.44
14229,9.17,B,25.78
14230,11.53,B,5.01
14231,25.57,F,11.26
14232,6.99,A,24.2
14233,10.72,B,21.08
14234,22.15,E,25.82
14235,12.79,C,18.46
14236,14.49,C,29.32
14237,9.58,B,14.4
14238,12.74,C,11.86
14239,8.9,A,10.45
14240,15.02,C,4.6
14241,15.59,C,9.62
14242,17.57,D,19.19
14243,12.69,C,34.19
14244,12.74,C,26.07
14245,12.73,B,16.89
14246,15.02,C,14.61
14247,11.49,B,25.98
14248,16.49,D,16.8
14249,11.98,B,12.61
14250,13.56,C,7.75
14251,15.49,C,21.57
14252,10.99,B,8.79
14253,7.26,A,16.96
14254,7.35,A,8.04
14255,24.85,E,15.79
14256,7.26,A,10.78
14257,11.49,B,30.5
14258,12.99,C,7.38
14259,5.32,A,2.51
14260,7.26,A,17.35
14261,5.32,A,22.05
14262,21.97,E,33.15
14263,12.29,C,32.9
14264,9.92,B,16.14
14265,6.89,A,16.23
14266,14.99,C,32.4
14267,10.99,B,20.33
14268,8.18,B,14.85
14269,20.31,D,19.38
14270,16.14,C,9.31
14271,19.52,D,9.11
14272,11.55,B,21.75
14273,16.99,D,22.97
14274,25.78,F,16.52
14275,11.39,B,22.75
14276,13.33,C,8.58
14277,13.49,C,25.17
14278,13.49,C,19.13
14279,15.99,C,22.65
14280,8.18,B,26.11
14281,14.49,C,11.74
14282,22.99,F,24.97
14283,6.72,A,26.91
14284,5.31,A,9.66
14285,20.89,D,26.11
14286,21.45,D,34.14
14287,16.55,D,31.25
14288,13.56,C,25.58
14289,10.42,B,46.89
14290,7.21,A,11.12
14291,26.14,F,12.19
14292,11.99,B,15.21
14293,10.91,B,23.8
14294,20,D,17.43
14295,9.44,B,14.34
14296,17.86,D,25.72
14297,25.81,E,3.86
14298,18.84,E,11.44
14299,10.49,B,29.65
14300,29.67,G,33.02
14301,19.99,E,33.13
14302,16.02,C,27.41
14303,5.32,A,19.3
14304,7.9,A,18.78
14305,14.98,C,26.88
14306,11.99,B,8.19
14307,23.4,E,47.72
14308,28.69,F,22.05
14309,10.99,B,15.84
14310,10.49,B,10.01
14311,12.74,C,7.18
14312,15.41,D,12.86
14313,18.06,D,10.32
14314,15.61,D,25.89
14315,16.14,C,9.62
14316,12.62,C,7.72
14317,11.99,C,5.71
14318,24.5,F,10.64
14319,16.99,D,14.13
14320,5.32,A,8.75
14321,11.55,B,27.82
14322,22.45,E,22.95
14323,10.99,B,29.27
14324,18.25,E,19.31
14325,16.02,C,23.43
14326,9.17,B,22.45
14327,21.18,E,22.3
14328,20.39,D,25.89
14329,15.02,C,21.54
14330,12.74,C,42.88
14331,19.03,D,24.43
14332,10.75,B,18.83
14333,9.71,B,23.22
14334,12.62,C,20.04
14335,11.99,B,21.52
14336,6.11,A,17.89
14337,13.65,C,10.4
14338,14.08,C,27.56
14339,7.59,A,6.87
14340,18.45,D,27.05
14341,14.31,C,11.46
14342,11.98,B,3.83
14343,7.99,A,17.05
14344,10.99,B,28.13
14345,7.49,A,12.3
14346,21.99,E,33.04
14347,12.29,C,21.1
14348,15.8,C,19.47
14349,15.05,C,22.11
14350,12.99,C,39.16
14351,12.05,C,12.58
14352,7.89,A,17.53
14353,12.29,C,18.19
14354,13.99,C,33.97
14355,13.67,B,5.58
14356,10.99,B,29.32
14357,12.29,C,5.47
14358,10.07,B,15.37
14359,9.75,B,12.73
14360,11.14,B,29.85
14361,17.57,D,11.42
14362,20.11,G,19.86
14363,16.99,D,22.4
14364,9.75,B,17.03
14365,7.99,A,9.74
14366,15.05,C,25
14367,9.44,B,29.4
14368,14.3,C,15.1
14369,14.07,C,10.06
14370,25.69,F,17.1
14371,15.31,C,6.14
14372,12.49,B,15.41
14373,11.55,B,23.23
14374,17.76,D,27.96
14375,6.11,A,18.32
14376,7.97,A,28.11
14377,30.75,F,33.38
14378,26.31,E,18.59
14379,6.49,A,3.94
14380,18.25,D,9.47
14381,14.08,C,32.21
14382,9.99,B,6.09
14383,21.6,E,16.23
14384,8.49,B,22.7
14385,14.85,C,20.05
14386,8.39,B,10.77
14387,17.77,D,11.83
14388,12.62,C,27.22
14389,13.98,C,16.45
14390,16.01,C,42.63
14391,11.47,B,21.13
14392,6.03,A,9.3
14393,13.99,C,10.06
14394,11.12,B,16.83
14395,7.21,A,15.63
14396,10.07,B,3.4
14397,8.39,A,17.32
14398,13.99,C,22.83
14399,26.31,E,13.38
14400,10.99,B,19.76
14401,13.72,C,12.92
14402,12.61,C,15.64
14403,10.91,B,34.91
14404,9.17,B,21.09
14405,12.62,C,8.98
14406,15.02,C,28.11
14407,13.49,C,4.64
14408,5.32,A,14.15
14409,7.97,A,3.08
14410,14.08,C,12.9
14411,11.99,B,23.35
14412,6.68,A,13.25
14413,13.98,C,20.98
14414,20.39,D,27.58
14415,19.05,D,12.41
14416,13.99,C,22.59
14417,6.99,A,17.09
14418,18.75,D,10.37
14419,5.31,A,15.68
14420,7.51,A,15.6
14421,11.99,B,21.25
14422,15.95,D,13.93
14423,7.89,A,16.11
14424,16.14,C,17.22
14425,6.92,A,22.54
14426,13.11,B,17.81
14427,13.35,C,24.99
14428,12.74,C,18.37
14429,12.99,C,20.22
14430,8.18,B,28.84
14431,7.84,A,13.44
14432,13.99,C,8.8
14433,16.29,C,26.12
14434,6.49,A,12.65
14435,16.99,D,16.16
14436,15.61,D,2.1
14437,15.31,C,12.35
14438,15.99,C,25.85
14439,20.2,D,33.14
14440,6.03,A,8.66
14441,13.33,C,37.28
14442,12.69,C,28.83
14443,15.61,D,27.26
14444,18.25,D,21.1
14445,12.29,C,30.37
14446,11.47,B,25.62
14447,13.99,C,4.16
14448,14.33,C,17.66
14449,7.49,A,18.41
14450,9.17,B,18.42
14451,18.06,D,18.29
14452,16.01,C,32.03
14453,7.89,A,29.99
14454,17.09,D,8.06
14455,14.47,C,23.16
14456,9.43,B,10.56
14457,9.92,B,43.83
14458,14.98,C,30.32
14459,21.45,D,25.71
14460,11.44,B,10.4
14461,6.11,A,14.69
14462,13.06,C,31.26
14463,8.39,B,21.2
14464,15.61,D,4.17
14465,9.93,B,29.93
14466,5.31,A,10.93
14467,14.33,C,11.66
14468,14.98,C,29.84
14469,7.07,A,31.5
14470,15.31,C,11.82
14471,26.3,E,5.52
14472,16.29,D,10.75
14473,7.35,A,19.2
14474,16.29,D,17.06
14475,11.98,B,33.06
14476,10.07,B,1.9
14477,12.12,B,28.19
14478,11.53,B,19.51
14479,7.49,A,12.86
14480,11.14,B,27.35
14481,15.31,C,19.93
14482,16.14,C,31
14483,7.97,A,10.9
14484,15.04,C,7.66
14485,10.49,B,16.55
14486,15.05,C,13.25
14487,9.44,B,11.41
14488,8.24,B,27.56
14489,11.99,B,18.16
14490,11.49,B,25.08
14491,11.47,B,19.38
14492,8.19,A,56.14
14493,11.98,B,15.57
14494,14.49,C,24.18
14495,21.45,D,7.37
14496,10.33,B,18.15
14497,14.52,C,14.66
14498,15.99,C,20.78
14499,8.6,A,7.07
14500,9.99,B,23.06
14501,12.59,C,14.82
14502,8.38,B,6.72
14503,26.77,E,15.24
14504,13.56,C,22.72
14505,7.21,A,11.54
14506,11.98,B,15.93
14507,5.32,A,8.38
14508,5.32,A,16.43
14509,13.67,C,28.25
14510,11.49,B,13.19
14511,9.75,B,19.74
14512,18.06,D,17.74
14513,10.99,B,21.44
14514,6.97,A,27.98
14515,27.31,G,25.42
14516,21.18,E,25.96
14517,5.32,A,9.85
14518,5.32,A,10.94
14519,22.74,E,24.83
14520,14.85,C,24.3
14521,15.59,C,26.85
14522,13.33,C,25.15
14523,8.81,A,14.53
14524,13.99,C,6.71
14525,15.05,C,22.74
14526,9.49,B,27.39
14527,13.49,C,13.05
14528,19.19,E,22.88
14529,8.59,A,28.49
14530,17.57,D,15.63
14531,6.49,A,15.39
14532,7.89,A,26.12
14533,21.45,D,16.04
14534,14.85,C,26.07
14535,24.5,F,19.17
14536,16.24,C,11.31
14537,7.21,A,34.17
14538,9.99,B,10.65
14539,12.99,C,19.87
14540,21.85,D,28.23
14541,12.99,C,16.5
14542,13.98,C,26.59
14543,12.39,C,21.82
14544,20.2,E,2.18
14545,12.74,C,12.93
14546,15.61,D,30
14547,11.49,B,26.96
14548,17.57,D,26.15
14549,14.99,C,9.08
14550,16.29,D,26.39
14551,23.13,F,24.15
14552,11.49,B,10.31
14553,15.02,C,25.9
14554,11.06,B,130.19
14555,12.69,C,33.38
14556,20.89,D,14.39
14557,6.97,A,18.39
14558,18.25,E,33.74
14559,17.99,D,17.19
14560,6.89,A,15.16
14561,10.49,B,23.95
14562,20.99,E,19.1
14563,14.49,C,24.06
14564,9.75,B,14.55
14565,10.49,B,18.74
14566,16.29,D,34.9
14567,14.49,C,22.27
14568,13.56,C,20.84
14569,15.02,C,20.29
14570,11.53,B,24
14571,8.19,A,18.34
14572,7.46,A,21.84
14573,9.99,B,13.53
14574,24.08,F,14.27
14575,18.06,D,15.3
14576,7.35,A,15.4
14577,26.77,E,13.94
14578,10.47,B,22.45
14579,11.49,B,9.67
14580,10.99,B,7.45
14581,16.91,C,24.51
14582,13.67,C,17.06
14583,18.99,D,28.23
14584,11.99,B,20.29
14585,7.84,A,13.77
14586,18.55,E,32.85
14587,24.49,E,32.7
14588,24.49,E,28.81
14589,16.99,D,8.04
14590,10.99,B,22.64
14591,10.33,B,9.77
14592,21.48,E,25.95
14593,24.5,F,20.16
14594,13.65,C,11.62
14595,17.57,D,22.99
14596,7.21,A,13.1
14597,19.03,D,3.72
14598,17.97,D,36.13
14599,17.57,D,17.5
14600,12.74,C,30.6
14601,21.18,E,8.82
14602,9.75,B,19.9
14603,10.75,B,18.76
14604,11.31,B,10.43
14605,5.32,A,6.2
14606,18.25,D,28.74
14607,12.12,B,9.31
14608,8.81,A,12.82
14609,14.99,C,12.75
14610,6.99,A,11.21
14611,5.32,A,25
14612,5.32,A,15.38
14613,10.75,B,15.5
14614,8.9,A,28.37
14615,9.17,B,11.36
14616,14.47,C,19.14
14617,6.83,A,19.12
14618,14.49,C,29.34
14619,30.94,G,30.14
14620,11.55,B,27.68
14621,19.42,D,26.54
14622,15.99,C,16.32
14623,7.35,A,9.86
14624,15.05,C,4.67
14625,11.44,B,30.96
14626,12.74,C,24.59
14627,13.99,C,22.8
14628,12.74,C,25.72
14629,22.47,E,17.38
14630,6.07,A,18.5
14631,9.99,B,22.17
14632,12.49,B,8.15
14633,10.75,B,20.84
14634,8.39,A,17.52
14635,9.25,A,25.99
14636,13.59,C,18.41
14637,7.69,A,22.32
14638,15.31,C,24.36
14639,7.07,A,23.9
14640,10.47,B,2.7
14641,11.99,B,30.09
14642,15.31,C,12.04
14643,8.18,B,26.61
14644,16.55,D,23.2
14645,9.44,B,8.3
14646,13.35,C,17.61
14647,15.31,C,32.66
14648,8.18,B,39.18
14649,10.99,B,9.73
14650,6.97,A,17.82
14651,12.53,B,21.72
14652,15.02,C,29.01
14653,8.9,A,12.5
14654,9.17,B,12.96
14655,10.99,B,15.04
14656,24.84,E,33.41
14657,18.55,E,4.57
14658,9.49,B,15.99
14659,9.17,B,15.76
14660,14.46,C,7.06
14661,7.29,A,15.32
14662,16.55,D,26.85
14663,13.65,C,13.52
14664,9.99,B,28.11
14665,28.18,G,22.91
14666,12.12,B,16.38
14667,7.21,A,26.28
14668,7.97,A,14.88
14669,14.47,C,24.88
14670,12.99,C,19.68
14671,13.56,C,12.3
14672,11.99,B,19.58
14673,9.58,B,13.94
14674,15.31,C,15.35
14675,5.32,A,3.6
14676,17.47,D,10.43
14677,9.76,B,16.63
14678,16.99,D,34.69
14679,8.39,B,24.34
14680,16.02,C,35.74
14681,10.42,B,9.87
14682,12.99,C,22.8
14683,7.84,A,26.57
14684,12.59,C,16.83
14685,17.57,D,32.17
14686,11.47,B,25.47
14687,7.21,A,14.68
14688,19.92,D,26.5
14689,6.24,A,3.51
14690,14.08,C,4.74
14691,9.44,B,13.58
14692,18.2,E,21.16
14693,8.19,A,11.36
14694,15.61,C,28.33
14695,18.55,E,18.91
14696,14.08,C,7.34
14697,15.04,C,20.13
14698,16.46,C,28.36
14699,10.74,B,12.98
14700,6.67,A,6.58
14701,21.45,D,34.66
14702,11.99,B,2.81
14703,15.99,C,16.25
14704,15.41,D,25.63
14705,12.62,C,17.23
14706,8.9,A,11.21
14707,11.49,B,5.53
14708,16.02,C,50.49
14709,20.99,E,26.03
14710,20.75,E,14.77
14711,7.26,A,16.54
14712,7.89,A,13.42
14713,8.18,B,32
14714,6.67,A,21.81
14715,11.06,B,23.48
14716,19.42,D,13.97
14717,7.26,A,6.64
14718,6.24,A,23.82
14719,10.08,B,83.47
14720,6.72,A,21.6
14721,9.43,B,9.59
14722,22.7,E,26.3
14723,12.69,C,22.98
14724,13.98,C,28.36
14725,17.47,D,34.45
14726,6.99,A,15.03
14727,10.15,B,27.54
14728,10.99,B,29.79
14729,12.62,C,16.69
14730,22.91,E,19.78
14731,21.49,D,23.35
14732,6.49,A,27.29
14733,12.74,C,19.18
14734,20,D,30.42
14735,19.19,E,8.03
14736,5.32,A,14.01
14737,9.93,B,9.4
14738,9.49,B,30.81
14739,14.47,C,7.04
14740,19.91,E,15.69
14741,7.89,A,17.89
14742,14.49,C,30.19
14743,9.8,B,11.61
14744,7.89,A,6.7
14745,14.99,C,22.22
14746,10.33,B,8.76
14747,7.84,A,10.4
14748,20.89,D,18.14
14749,14.08,C,1.46
14750,12.79,C,25.03
14751,9.49,B,14.33
14752,13.59,C,10.82
